{"type":"FeatureCollection","features":[{"type":"Feature","id":26938900,"properties":{"highway":"residential","name":"улица Болотникова"},"geometry":{"type":"LineString","coordinates":[[39.0151231,45.0088803],[39.0151949,45.0088722],[39.016145,45.0089501],[39.017224,45.0090145]]}},{"type":"Feature","id":26938909,"properties":{"highway":"residential","name":"Ключевая улица"},"geometry":{"type":"LineString","coordinates":[[39.0249099,45.0108903],[39.0239393,45.010824],[39.0231225,45.0107555],[39.0222382,45.0106911],[39.0214062,45.0106272],[39.020493,45.0105736],[39.0196241,45.0105171],[39.0187705,45.0104645],[39.0179076,45.010414],[39.0170446,45.0103663],[39.0159838,45.0103],[39.0148875,45.0102177],[39.014385,45.0101614],[39.01398,45.0101425],[39.0138347,45.010182]]}},{"type":"Feature","id":26938916,"properties":{"highway":"residential","name":"проезд Полины Осипенко"},"geometry":{"type":"LineString","coordinates":[[39.0214062,45.0106272],[39.0216216,45.0088457]]}},{"type":"Feature","id":26938932,"properties":{"highway":"residential","name":"проезд 9 Января"},"geometry":{"type":"LineString","coordinates":[[39.0175162,45.0135035],[39.0177339,45.0117737]]}},{"type":"Feature","id":26938944,"properties":{"highway":"residential","name":"проезд 9 Января"},"geometry":{"type":"LineString","coordinates":[[39.0180657,45.0086267],[39.0178834,45.0100834],[39.0179076,45.010414]]}},{"type":"Feature","id":26938965,"properties":{"highway":"residential","name":"улица 9-го Января"},"geometry":{"type":"LineString","coordinates":[[39.0160621,45.0183847],[39.0163039,45.016353],[39.0164055,45.0152055],[39.0166129,45.0134418],[39.0168774,45.0117166],[39.0170446,45.0103663],[39.017224,45.0090145],[39.0172909,45.008586],[39.0174102,45.0077306]]}},{"type":"Feature","id":26938970,"properties":{"highway":"residential","name":"проезд Ковтюха"},"geometry":{"type":"LineString","coordinates":[[39.0170358,45.0152382],[39.0172683,45.0134894]]}},{"type":"Feature","id":26938985,"properties":{"highway":"residential","name":"проезд Пугачёва"},"geometry":{"type":"LineString","coordinates":[[39.0231225,45.0107555],[39.0233413,45.008972]]}},{"type":"Feature","id":26938996,"properties":{"highway":"residential","name":"улица Болотникова"},"geometry":{"type":"LineString","coordinates":[[39.0172909,45.008586],[39.0180657,45.0086267],[39.01845,45.0086451],[39.0190693,45.0086759],[39.0194308,45.0087002],[39.0203221,45.0087603],[39.0207085,45.0087863],[39.0213211,45.0088262],[39.0216216,45.0088457],[39.0224564,45.0088961]]}},{"type":"Feature","id":26938997,"properties":{"highway":"residential","name":"Пионерская улица"},"geometry":{"type":"LineString","coordinates":[[39.0177424,45.0185238],[39.0178517,45.0174628],[39.0179679,45.0164546],[39.0181352,45.0153054],[39.0183711,45.0135648],[39.0185727,45.0118323],[39.0187705,45.0104645],[39.018951,45.0091708],[39.0190693,45.0086759]]}},{"type":"Feature","id":26939007,"properties":{"highway":"tertiary","name":"Новая улица"},"geometry":{"type":"LineString","coordinates":[[39.0279854,45.0049752],[39.0272697,45.005117],[39.0262812,45.0053275],[39.0248981,45.0056376],[39.0243348,45.0057567],[39.0231895,45.0059913],[39.0228542,45.0060618]]}},{"type":"Feature","id":26939016,"properties":{"highway":"tertiary","name":"улица Айвазовского"},"geometry":{"type":"LineString","coordinates":[[39.0329279,45.0183914],[39.0328837,45.0182852],[39.0327835,45.0180484],[39.0325254,45.017435],[39.0322971,45.0169335],[39.0322469,45.01681],[39.0321353,45.0165706],[39.0318993,45.0159733],[39.0317902,45.015717],[39.0316397,45.0153572],[39.0314744,45.0149694],[39.0313002,45.0145518],[39.0310144,45.013885],[39.0309453,45.013723]]}},{"type":"Feature","id":26939028,"properties":{"highway":"residential","name":"Верхняя улица"},"geometry":{"type":"LineString","coordinates":[[39.024027,45.0018343],[39.0239636,45.0018968],[39.0237605,45.0022927],[39.0236082,45.0026732],[39.0236012,45.0026914],[39.023539,45.0028535],[39.0234874,45.0031443],[39.023385,45.0040205],[39.0232708,45.0047939],[39.0231494,45.0058583],[39.0231895,45.0059913]]}},{"type":"Feature","id":26939037,"properties":{"highway":"residential","name":"2-й проезд Болотникова"},"geometry":{"type":"LineString","coordinates":[[39.0164035,45.0068958],[39.0164749,45.0069229],[39.0165031,45.006938],[39.0186563,45.0071812]]}},{"type":"Feature","id":26939052,"properties":{"highway":"residential","name":"проезд 9 Января"},"geometry":{"type":"LineString","coordinates":[[39.0169028,45.0184543],[39.0171432,45.0164102]]}},{"type":"Feature","id":26939107,"properties":{"highway":"residential","name":"улица Степана Разина"},"geometry":{"type":"LineString","coordinates":[[39.0243403,45.020212],[39.0243553,45.0200786],[39.0243712,45.0199822],[39.0244139,45.0197231],[39.0245321,45.0190057],[39.0248409,45.0169348],[39.0249714,45.0157983],[39.025033,45.0153911],[39.0251998,45.0143364],[39.0252465,45.0140414],[39.0254036,45.0127559],[39.0255881,45.0124438]]}},{"type":"Feature","id":26939115,"properties":{"highway":"residential","name":"Малая улица"},"geometry":{"type":"LineString","coordinates":[[39.0262177,45.019819],[39.0262296,45.0197187],[39.0262955,45.0191368],[39.0265994,45.0170527],[39.0266366,45.0166734],[39.0267093,45.0159132]]}},{"type":"Feature","id":26939126,"properties":{"highway":"service","name":"Малый проезд"},"geometry":{"type":"LineString","coordinates":[[39.0268378,45.019176],[39.02706,45.0170864]]}},{"type":"Feature","id":26939133,"properties":{"highway":"residential","name":"2-й Тёплый проезд"},"geometry":{"type":"LineString","coordinates":[[39.021901,45.0361974],[39.0219141,45.036155],[39.0220292,45.0357616],[39.0220399,45.0354501]]}},{"type":"Feature","id":26939156,"properties":{"highway":"unclassified","name":null},"geometry":{"type":"LineString","coordinates":[[39.0116617,45.0346979],[39.0102866,45.0349153],[39.0084541,45.035215],[39.0085403,45.0354934],[39.0086447,45.035817]]}},{"type":"Feature","id":26939164,"properties":{"highway":"residential","name":"проезд Сидоренко"},"geometry":{"type":"LineString","coordinates":[[39.0104715,45.0355265],[39.0086447,45.035817]]}},{"type":"Feature","id":26939190,"properties":{"highway":"residential","name":"переулок Костычева"},"geometry":{"type":"LineString","coordinates":[[39.0154428,45.0353164],[39.0153916,45.0351692],[39.0153086,45.0349401],[39.0151235,45.0344391],[39.0150908,45.0343583]]}},{"type":"Feature","id":26939191,"properties":{"highway":"residential","name":"улица Вильямса"},"geometry":{"type":"LineString","coordinates":[[39.0136297,45.0346764],[39.0139145,45.0354476],[39.013982,45.0356201]]}},{"type":"Feature","id":26939197,"properties":{"highway":"residential","name":"улица Полины Осипенко"},"geometry":{"type":"LineString","coordinates":[[39.0190206,45.021299],[39.0190362,45.0211713],[39.0190726,45.0209368],[39.0191826,45.0202018],[39.0191934,45.0201293],[39.0193318,45.0193867],[39.0194573,45.0186663],[39.0196759,45.016578],[39.0198274,45.0154352],[39.0200544,45.0136787],[39.0203233,45.0119517],[39.0204014,45.0113537],[39.020493,45.0105736],[39.020639,45.009547],[39.0207085,45.0087863]]}},{"type":"Feature","id":26939201,"properties":{"highway":"residential","name":"Деповская улица"},"geometry":{"type":"LineString","coordinates":[[39.0228536,45.018887],[39.0231241,45.0168207],[39.023177,45.0162582],[39.023254,45.0156685],[39.023346,45.0149119],[39.0234839,45.0139173],[39.0237475,45.0122045],[39.023904,45.0111344],[39.0239393,45.010824],[39.024041,45.00995],[39.0240761,45.009845],[39.0241745,45.0097529],[39.0244076,45.0097055]]}},{"type":"Feature","id":26939205,"properties":{"highway":"residential","name":"улица Пугачёва"},"geometry":{"type":"LineString","coordinates":[[39.021163,45.018783],[39.0213798,45.0166976],[39.0215255,45.0155543],[39.021773,45.0138122],[39.0220293,45.0120855],[39.022129,45.0114802],[39.0222382,45.0106911],[39.0224564,45.0088961]]}},{"type":"Feature","id":26939226,"properties":{"highway":"residential","name":"Деповская улица"},"geometry":{"type":"LineString","coordinates":[[39.023346,45.0149119],[39.0225328,45.0148579],[39.0225868,45.0144684]]}},{"type":"Feature","id":26939253,"properties":{"highway":"residential","name":"проезд Пугачёва"},"geometry":{"type":"LineString","coordinates":[[39.0219997,45.0188307],[39.0222459,45.0173068]]}},{"type":"Feature","id":26939257,"properties":{"highway":"residential","name":"проезд Полины Осипенко"},"geometry":{"type":"LineString","coordinates":[[39.0203052,45.0187222],[39.0204589,45.0175915],[39.0204824,45.0171566]]}},{"type":"Feature","id":26939273,"properties":{"highway":"service","name":"Пионерский проезд"},"geometry":{"type":"LineString","coordinates":[[39.0185443,45.0185903],[39.0187906,45.0167219],[39.0188048,45.0166144],[39.018821,45.0165212],[39.0188892,45.0160152]]}},{"type":"Feature","id":26939279,"properties":{"highway":"service","name":"Пионерский проезд"},"geometry":{"type":"LineString","coordinates":[[39.0190462,45.0149164],[39.0192536,45.013633]]}},{"type":"Feature","id":26939286,"properties":{"highway":"service","name":null},"geometry":{"type":"LineString","coordinates":[[39.0254585,45.0190731],[39.02573,45.0169965]]}},{"type":"Feature","id":26939289,"properties":{"highway":"residential","name":"Тихий переулок"},"geometry":{"type":"LineString","coordinates":[[39.0255803,45.0356402],[39.0251281,45.0361806],[39.0245629,45.0368377],[39.0245137,45.0368981]]}},{"type":"Feature","id":26939292,"properties":{"highway":"residential","name":"Тихий переулок"},"geometry":{"type":"LineString","coordinates":[[39.0276562,45.0363842],[39.0275443,45.0363762],[39.0274567,45.0363529],[39.0258288,45.0357267],[39.0255803,45.0356402],[39.0253173,45.0355394],[39.0249625,45.0353934],[39.0247239,45.0352953],[39.0246739,45.0352233],[39.0247203,45.0351401],[39.0250205,45.0347947]]}},{"type":"Feature","id":26939294,"properties":{"highway":"service","name":null},"geometry":{"type":"LineString","coordinates":[[39.0263666,45.0144363],[39.0257424,45.0145609],[39.0256161,45.015412],[39.025033,45.0153911]]}},{"type":"Feature","id":26939310,"properties":{"highway":"service","name":null},"geometry":{"type":"LineString","coordinates":[[39.0253173,45.0355394],[39.0259614,45.0347056]]}},{"type":"Feature","id":26939311,"properties":{"highway":"service","name":"Деповский проезд"},"geometry":{"type":"LineString","coordinates":[[39.0241437,45.0157372],[39.0244129,45.0139969],[39.0245579,45.0128629]]}},{"type":"Feature","id":26939327,"properties":{"highway":"residential","name":"проезд Пугачёва"},"geometry":{"type":"LineString","coordinates":[[39.0228981,45.0121462],[39.0227049,45.0138689]]}},{"type":"Feature","id":26939329,"properties":{"highway":"service","name":null},"geometry":{"type":"LineString","coordinates":[[39.0258288,45.0357267],[39.0264714,45.0348993]]}},{"type":"Feature","id":26939335,"properties":{"highway":"residential","name":"проезд Полины Осипенко"},"geometry":{"type":"LineString","coordinates":[[39.0207169,45.0154957],[39.0209607,45.0137444],[39.0211111,45.012542]]}},{"type":"Feature","id":26939340,"properties":{"highway":"residential","name":"улица имени Володи Головатого"},"geometry":{"type":"LineString","coordinates":[[39.0080622,45.0334212],[39.0089441,45.0332628],[39.0098182,45.033124],[39.0107669,45.0329669],[39.0116097,45.0328404],[39.0126026,45.0327116],[39.0128567,45.0326926]]}},{"type":"Feature","id":26939351,"properties":{"highway":"residential","name":"Отрадная улица"},"geometry":{"type":"LineString","coordinates":[[39.0109695,45.0306006],[39.011187,45.0313382],[39.0116097,45.0328404],[39.01204,45.0342701]]}},{"type":"Feature","id":26939391,"properties":{"highway":"residential","name":"1-й проезд Стасова"},"geometry":{"type":"LineString","coordinates":[[39.0382738,45.0116452],[39.0381832,45.0115717],[39.0377956,45.0113203],[39.0374863,45.0111208],[39.0370828,45.0108132],[39.0367327,45.0105384],[39.0364483,45.0103084],[39.0364005,45.0102761],[39.0358824,45.0098543],[39.0353889,45.0094766],[39.0350631,45.0092187],[39.0347089,45.0089489],[39.0343841,45.0086958],[39.0343278,45.0086556],[39.0339577,45.0083791],[39.033622,45.0081232],[39.0335298,45.0079567],[39.0326293,45.0072655],[39.0324918,45.0071599],[39.0315577,45.006443],[39.0302845,45.0054649],[39.0302368,45.005429],[39.0292249,45.0046441],[39.0291299,45.0045644]]}},{"type":"Feature","id":26939405,"properties":{"highway":"residential","name":"улица Щорса"},"geometry":{"type":"LineString","coordinates":[[39.0084222,45.0346458],[39.0080622,45.0334212],[39.0076447,45.0318928],[39.0073986,45.0311073],[39.0073815,45.0310547],[39.0071308,45.0302807]]}},{"type":"Feature","id":26939421,"properties":{"highway":"residential","name":"1-й проезд Филатова"},"geometry":{"type":"LineString","coordinates":[[39.019722,45.0342574],[39.0194346,45.0334503]]}},{"type":"Feature","id":26939431,"properties":{"highway":"residential","name":"2-й проезд Стасова"},"geometry":{"type":"LineString","coordinates":[[39.0308319,45.0034806],[39.0309487,45.0035672],[39.031673,45.0041436],[39.0319419,45.0043613],[39.03294,45.0051596],[39.0332479,45.0053873],[39.0342671,45.006205],[39.0351121,45.0069105],[39.0352912,45.0070571],[39.0361139,45.0076855],[39.0363914,45.0078988],[39.0367362,45.0081638],[39.0374561,45.0087171],[39.038458,45.0095012],[39.0389504,45.009889],[39.0390415,45.0099633],[39.0393346,45.0101984],[39.0396078,45.010421],[39.0397911,45.0105693],[39.0398748,45.010636]]}},{"type":"Feature","id":26939440,"properties":{"highway":"residential","name":"переулок Костычева"},"geometry":{"type":"LineString","coordinates":[[39.0147301,45.0334675],[39.0149818,45.0341087],[39.0150062,45.0341817]]}},{"type":"Feature","id":26939447,"properties":{"highway":"residential","name":"улица Стасова"},"geometry":{"type":"LineString","coordinates":[[39.024027,45.0018343],[39.0240976,45.0018836],[39.0250957,45.0026455],[39.0261764,45.0035126],[39.0263067,45.003617],[39.0263273,45.0036335],[39.0266402,45.0038844],[39.0273268,45.0044348],[39.0279854,45.0049752]]}},{"type":"Feature","id":26939481,"properties":{"highway":"residential","name":"Плановый проезд"},"geometry":{"type":"LineString","coordinates":[[39.0198687,45.0333476],[39.0194346,45.0334503],[39.0163144,45.0341125]]}},{"type":"Feature","id":26939491,"properties":{"highway":"residential","name":"2-й проезд Айвазовского"},"geometry":{"type":"LineString","coordinates":[[39.0343351,45.0129967],[39.034264,45.0128312],[39.0341224,45.0125287],[39.0341039,45.0124704],[39.0339012,45.0120139],[39.0337766,45.0117334],[39.0337051,45.0115723],[39.033672,45.0114979],[39.0334969,45.0111035],[39.033365,45.0108065],[39.0331545,45.0103324],[39.0332125,45.0101384],[39.0331756,45.0100661],[39.0329145,45.0095544]]}},{"type":"Feature","id":26939505,"properties":{"highway":"residential","name":"улица Филатова"},"geometry":{"type":"LineString","coordinates":[[39.0086447,45.035817],[39.0086927,45.0358616],[39.0087916,45.035981],[39.0088764,45.036175],[39.0089241,45.0362975],[39.0089969,45.0363949],[39.0090947,45.0364527],[39.0092158,45.0364817],[39.0095287,45.0364772],[39.0106678,45.0362617],[39.0110191,45.0362397],[39.0111604,45.0362254]]}},{"type":"Feature","id":26939522,"properties":{"highway":"residential","name":"улица Ломоносова"},"geometry":{"type":"LineString","coordinates":[[39.001583,45.036956],[39.0032637,45.036693],[39.0051468,45.0363928]]}},{"type":"Feature","id":26939560,"properties":{"highway":"service","name":null},"geometry":{"type":"LineString","coordinates":[[39.0043927,45.0304074],[39.0044848,45.0303917],[39.0048549,45.0303285],[39.0053738,45.03024],[39.005874,45.0301546],[39.006296,45.0300795]]}},{"type":"Feature","id":26939589,"properties":{"highway":"service","name":"Кузнечные ряды улица"},"geometry":{"type":"LineString","coordinates":[[39.0036744,45.0379476],[39.0064804,45.03749]]}},{"type":"Feature","id":26939592,"properties":{"highway":"residential","name":"улица Сидоренко"},"geometry":{"type":"LineString","coordinates":[[39.0102866,45.0349153],[39.0104715,45.0355265],[39.010616,45.0360525],[39.0106678,45.0362617]]}},{"type":"Feature","id":26939613,"properties":{"highway":"residential","name":"улица Куйбышева"},"geometry":{"type":"LineString","coordinates":[[39.0090535,45.0304147],[39.0071308,45.0302807]]}},{"type":"Feature","id":26939632,"properties":{"highway":"residential","name":"улица Будённого"},"geometry":{"type":"LineString","coordinates":[[39.0073986,45.0311073],[39.0091521,45.0308567],[39.0109695,45.0306006]]}},{"type":"Feature","id":26939640,"properties":{"highway":"service","name":null},"geometry":{"type":"LineString","coordinates":[[39.0088147,45.0327166],[39.0085254,45.0317544]]}},{"type":"Feature","id":26939656,"properties":{"highway":"service","name":null},"geometry":{"type":"LineString","coordinates":[[39.0110394,45.0341194],[39.0107669,45.0329669]]}},{"type":"Feature","id":26939664,"properties":{"highway":"residential","name":"улица Сидоренко"},"geometry":{"type":"LineString","coordinates":[[39.0102171,45.034472],[39.0098182,45.033124],[39.0093563,45.0316135],[39.0091521,45.0308567],[39.0090535,45.0304147]]}},{"type":"Feature","id":26939671,"properties":{"highway":"residential","name":"улица Володарского"},"geometry":{"type":"LineString","coordinates":[[39.0070161,45.0389827],[39.006912,45.0388567],[39.0067707,45.03841],[39.0066588,45.0380564]]}},{"type":"Feature","id":26939690,"properties":{"highway":"residential","name":"2-я Заройная улица"},"geometry":{"type":"LineString","coordinates":[[39.0243348,45.0057567],[39.0244673,45.0059914],[39.0246509,45.0064501],[39.0249364,45.0066313],[39.0257734,45.0070808],[39.0264819,45.0074624],[39.0270598,45.0076947],[39.0273704,45.0077213]]}},{"type":"Feature","id":26939691,"properties":{"highway":"residential","name":"5-й Зелёный проезд"},"geometry":{"type":"LineString","coordinates":[[39.0225403,45.0306527],[39.0208786,45.0300452]]}},{"type":"Feature","id":26939709,"properties":{"highway":"residential","name":"4-й проезд Васнецова"},"geometry":{"type":"LineString","coordinates":[[39.0203555,45.0307159],[39.0206134,45.0303642],[39.0208786,45.0300452],[39.0210227,45.0298736],[39.0214067,45.029389],[39.021351,45.0288313],[39.0213091,45.0286424],[39.0212109,45.0281293],[39.0211891,45.0280054]]}},{"type":"Feature","id":26939710,"properties":{"highway":"residential","name":"3-й Зелёный проезд"},"geometry":{"type":"LineString","coordinates":[[39.0248103,45.0292628],[39.0240373,45.0291721],[39.0229329,45.0290302],[39.021351,45.0288313],[39.0207784,45.0288904],[39.0202444,45.0287581]]}},{"type":"Feature","id":26939725,"properties":{"highway":"residential","name":"1-й Зелёный проезд"},"geometry":{"type":"LineString","coordinates":[[39.0257614,45.0282811],[39.0254165,45.0282579],[39.0250532,45.0282329],[39.0244725,45.0282917],[39.0230566,45.0284501],[39.0213091,45.0286424]]}},{"type":"Feature","id":26939730,"properties":{"highway":"residential","name":"2-й Зелёный проезд"},"geometry":{"type":"LineString","coordinates":[[39.0249368,45.0287356],[39.0230035,45.0287155]]}},{"type":"Feature","id":26939732,"properties":{"highway":"residential","name":"улица Щорса"},"geometry":{"type":"LineString","coordinates":[[39.0054657,45.0403373],[39.0057756,45.0401941],[39.0059578,45.0400624],[39.0060727,45.0399121],[39.0062845,45.0397873],[39.0064014,45.0397023],[39.0066464,45.0394537],[39.0070161,45.0389827],[39.0071067,45.0388429],[39.0072644,45.0386007],[39.0074564,45.0383089],[39.007589,45.03797],[39.007538,45.0378986],[39.0075671,45.0377689],[39.0077415,45.0367318],[39.0077506,45.0366045],[39.00779,45.0363767],[39.0078282,45.0360994],[39.0078702,45.0358787],[39.0078315,45.0356628],[39.0077676,45.0353613],[39.0077535,45.0353098],[39.0078765,45.0349058],[39.0074793,45.033593],[39.0072473,45.0335283]]}},{"type":"Feature","id":26939741,"properties":{"highway":"residential","name":"1-я Заройная улица"},"geometry":{"type":"LineString","coordinates":[[39.0262812,45.0053275],[39.0264406,45.005901],[39.0264488,45.0062173],[39.0264258,45.006393]]}},{"type":"Feature","id":26939744,"properties":{"highway":"residential","name":"улица Шишкина"},"geometry":{"type":"LineString","coordinates":[[39.0264211,45.0301488],[39.0257187,45.0300513],[39.0256934,45.030037],[39.0256948,45.0299344],[39.0256699,45.0299024],[39.0253993,45.0298697],[39.0246957,45.0297763],[39.0227773,45.0295057],[39.0214067,45.029389]]}},{"type":"Feature","id":26939768,"properties":{"highway":"residential","name":"3-й проезд Васнецова"},"geometry":{"type":"LineString","coordinates":[[39.0225104,45.0315434],[39.0224708,45.0313619],[39.022452,45.0311301],[39.0224499,45.0309771],[39.0225403,45.0306527],[39.0227773,45.0295057],[39.0229329,45.0290302],[39.0230035,45.0287155],[39.0230344,45.0285404],[39.0230566,45.0284501],[39.0230898,45.0283817]]}},{"type":"Feature","id":26939772,"properties":{"highway":"residential","name":"Нижняя улица"},"geometry":{"type":"LineString","coordinates":[[39.0243348,45.0057567],[39.0242018,45.0053122],[39.0241201,45.0048845],[39.0240694,45.0045582],[39.0240444,45.0043976],[39.023949,45.0040815],[39.0239609,45.0039716],[39.0239556,45.0038869],[39.0238727,45.0034581],[39.0238731,45.0033893],[39.0239498,45.0032677],[39.0239444,45.0031192],[39.0239798,45.0029931]]}},{"type":"Feature","id":26939775,"properties":{"highway":"residential","name":"1-й проезд имени Васнецова"},"geometry":{"type":"LineString","coordinates":[[39.0253993,45.0298697],[39.0255202,45.0293109],[39.0256897,45.0285687],[39.0257614,45.0282811],[39.0258318,45.0279889],[39.0259378,45.0275105],[39.0259251,45.027455],[39.0258971,45.0273326]]}},{"type":"Feature","id":26939779,"properties":{"highway":"residential","name":"1-й проезд Ломоносова"},"geometry":{"type":"LineString","coordinates":[[39.0060727,45.0399121],[39.0056172,45.0387069],[39.0055933,45.0386529],[39.00472,45.0390984]]}},{"type":"Feature","id":26939792,"properties":{"highway":"residential","name":"2-й проезд имени Васнецова"},"geometry":{"type":"LineString","coordinates":[[39.0246957,45.0297763],[39.0248103,45.0292628],[39.0249368,45.0287356],[39.0250139,45.0284017],[39.0250532,45.0282329],[39.0251052,45.0275768],[39.0250833,45.0274531]]}},{"type":"Feature","id":26939795,"properties":{"highway":"residential","name":"1-й Вишнёвый проезд"},"geometry":{"type":"LineString","coordinates":[[39.0254249,45.0120539],[39.0255577,45.0120256],[39.0262767,45.0118725],[39.0269774,45.0117234],[39.0276448,45.0115813],[39.0277936,45.0115496],[39.0283118,45.0114392],[39.0290043,45.0112918],[39.0298606,45.0111095]]}},{"type":"Feature","id":26939798,"properties":{"highway":"residential","name":"Передовая улица"},"geometry":{"type":"LineString","coordinates":[[39.01204,45.0342701],[39.0123107,45.0339641],[39.0128567,45.0326926],[39.0131281,45.032081],[39.0135858,45.0310832]]}},{"type":"Feature","id":26939825,"properties":{"highway":"residential","name":"2-й Вишнёвый проезд"},"geometry":{"type":"LineString","coordinates":[[39.0248575,45.0107641],[39.0257398,45.0105856],[39.0264124,45.0104398],[39.0270984,45.010289],[39.0278006,45.0101378],[39.0284447,45.0099994],[39.0293092,45.009774]]}},{"type":"Feature","id":26939831,"properties":{"highway":"residential","name":"1-й проезд Айвазовского"},"geometry":{"type":"LineString","coordinates":[[39.0324459,45.0133938],[39.0322946,45.0130593],[39.0321641,45.0127518],[39.0320135,45.0123967],[39.0317612,45.0118022],[39.0316033,45.0114301],[39.0315618,45.0113322],[39.0313299,45.0107857],[39.0313285,45.0106273],[39.0312718,45.0104768],[39.0310505,45.0099696],[39.0309145,45.0096821],[39.030523,45.0088244]]}},{"type":"Feature","id":26939832,"properties":{"highway":"residential","name":"улица Щорса"},"geometry":{"type":"LineString","coordinates":[[39.0072473,45.0335283],[39.0068719,45.0319965],[39.0066187,45.031179],[39.006296,45.0300795],[39.0060044,45.0289489],[39.00568,45.02766],[39.0051675,45.0266315],[39.0050945,45.0265554]]}},{"type":"Feature","id":26939838,"properties":{"highway":"residential","name":"улица 9 Мая"},"geometry":{"type":"LineString","coordinates":[[39.020595,45.0340827],[39.0205153,45.0336794],[39.0203844,45.0335662],[39.0199796,45.0333949],[39.0198687,45.0333476],[39.0196505,45.0332615],[39.0195384,45.0332173],[39.0187248,45.0328962],[39.0185143,45.0328335],[39.0181987,45.0328592],[39.0168123,45.0330985],[39.0155258,45.0333015],[39.0151501,45.0333848],[39.0147301,45.0334675],[39.0123107,45.0339641]]}},{"type":"Feature","id":26939843,"properties":{"highway":"residential","name":"Кольцевой проезд"},"geometry":{"type":"LineString","coordinates":[[39.0244673,45.0059914],[39.0264258,45.006393]]}},{"type":"Feature","id":26939871,"properties":{"highway":"residential","name":"Свободная улица"},"geometry":{"type":"LineString","coordinates":[[39.0245734,45.0100877],[39.0290449,45.0091515],[39.030523,45.0088244],[39.0322801,45.0084461],[39.0323396,45.0084342],[39.0323817,45.0084225],[39.0324863,45.0083944]]}},{"type":"Feature","id":26939884,"properties":{"highway":"residential","name":"Свободная улица"},"geometry":{"type":"LineString","coordinates":[[39.032814,45.0086436],[39.033622,45.0081232],[39.0348061,45.00735],[39.0352912,45.0070571],[39.0361749,45.0064822],[39.0362684,45.0064214]]}},{"type":"Feature","id":26939897,"properties":{"highway":"residential","name":"Кольцевой проезд"},"geometry":{"type":"LineString","coordinates":[[39.0262256,45.0092203],[39.0256898,45.0088727],[39.0255171,45.0087446],[39.0251492,45.0083308],[39.0250993,45.0082517],[39.0250993,45.0081088],[39.0250789,45.0080158],[39.0250077,45.0077537],[39.024841,45.0073457],[39.0248611,45.0072581]]}},{"type":"Feature","id":26939906,"properties":{"highway":"residential","name":"Тихорецкая улица"},"geometry":{"type":"LineString","coordinates":[[39.0233785,45.0327714],[39.0234532,45.032806],[39.0238987,45.0329719]]}},{"type":"Feature","id":26939910,"properties":{"highway":"residential","name":"проезд Щорса"},"geometry":{"type":"LineString","coordinates":[[39.0063192,45.033697],[39.0058704,45.0322152],[39.0058531,45.0321581]]}},{"type":"Feature","id":26939927,"properties":{"highway":"residential","name":"Кольцевой проезд"},"geometry":{"type":"LineString","coordinates":[[39.0223085,45.0068431],[39.0229386,45.0066518],[39.0230632,45.0066047],[39.0236609,45.0064231],[39.0237491,45.0064323],[39.0238596,45.0065104],[39.0247218,45.0071775],[39.0248611,45.0072581]]}},{"type":"Feature","id":26939963,"properties":{"highway":"residential","name":"проезд Володарского"},"geometry":{"type":"LineString","coordinates":[[39.0023178,45.033424],[39.0028719,45.0333447],[39.0039136,45.0331957],[39.0043642,45.0331312],[39.0047901,45.0330702],[39.0050237,45.0330368],[39.0051918,45.0330127]]}},{"type":"Feature","id":26939964,"properties":{"highway":"residential","name":"Петуховский переулок"},"geometry":{"type":"LineString","coordinates":[[39.0190853,45.0302205],[39.019103,45.030183],[39.0193537,45.0294871],[39.019696,45.028335],[39.019704,45.028219]]}},{"type":"Feature","id":26939966,"properties":{"highway":"residential","name":"Новороссийский проезд"},"geometry":{"type":"LineString","coordinates":[[39.0189819,45.0283179],[39.0189403,45.0284328],[39.018823,45.0289452],[39.0187131,45.0292349],[39.018572,45.0292859],[39.0180396,45.0292281],[39.0175286,45.0291684],[39.0174184,45.0292212],[39.0172544,45.029479],[39.01724,45.0295135],[39.0171942,45.0295693]]}},{"type":"Feature","id":26940061,"properties":{"highway":"secondary","name":"Северная улица"},"geometry":{"type":"LineString","coordinates":[[39.0266617,45.0320999],[39.0267344,45.0319926],[39.0267561,45.0319456],[39.0267694,45.0319237],[39.0268003,45.0318344],[39.0267755,45.0317859],[39.0266914,45.0317324],[39.0266096,45.0316848],[39.0265184,45.0316493]]}},{"type":"Feature","id":26940100,"properties":{"highway":"secondary","name":"Северная улица"},"geometry":{"type":"LineString","coordinates":[[39.0264357,45.0332184],[39.0263005,45.0330988],[39.026289,45.033055],[39.0262992,45.0329709],[39.0263394,45.032892],[39.0264139,45.0327973]]}},{"type":"Feature","id":26940361,"properties":{"highway":"primary","name":"Ялтинская улица"},"geometry":{"type":"LineString","coordinates":[[39.0287786,45.0272798],[39.0286148,45.0274419],[39.0285749,45.0274864],[39.0285536,45.0275448],[39.0285377,45.0276803],[39.0284563,45.028297],[39.028314,45.0293797]]}},{"type":"Feature","id":26940405,"properties":{"highway":"residential","name":"улица Стасова"},"geometry":{"type":"LineString","coordinates":[[39.0435755,45.0310328],[39.0435763,45.0309437],[39.0435882,45.0296441],[39.0435885,45.0296159],[39.0435913,45.0292965],[39.0435938,45.0290292],[39.0435998,45.0283739],[39.0436018,45.0281495],[39.0436051,45.0277916],[39.0436113,45.0271088],[39.0436117,45.0270754],[39.043613,45.0269286],[39.0436171,45.02648]]}},{"type":"Feature","id":26940737,"properties":{"highway":"primary","name":"Ставропольская улица"},"geometry":{"type":"LineString","coordinates":[[39.047207,45.0154523],[39.0471494,45.0154729],[39.0470926,45.0154902],[39.0470346,45.0155006],[39.0469957,45.0155021],[39.046948,45.015501],[39.0468889,45.0154938],[39.0467572,45.0154742]]}},{"type":"Feature","id":26940747,"properties":{"highway":"tertiary","name":null},"geometry":{"type":"LineString","coordinates":[[39.051612,45.021671],[39.0515818,45.021949],[39.0515662,45.0221119],[39.0515583,45.0221948],[39.0515066,45.0224198]]}},{"type":"Feature","id":26940780,"properties":{"highway":"primary","name":null},"geometry":{"type":"LineString","coordinates":[[39.0287786,45.0272798],[39.0286763,45.027325],[39.0285729,45.0273496],[39.0284459,45.0273572],[39.028338,45.0273491],[39.0282479,45.0273183]]}},{"type":"Feature","id":26940863,"properties":{"highway":"primary","name":"улица Селезнёва"},"geometry":{"type":"LineString","coordinates":[[39.0472836,45.0220389],[39.0449822,45.0227161],[39.0447461,45.0227859]]}},{"type":"Feature","id":26940904,"properties":{"highway":"tertiary","name":"улица Ковтюха"},"geometry":{"type":"LineString","coordinates":[[39.0093623,45.0147323],[39.0083996,45.0146653],[39.007575,45.01461],[39.007396,45.014621],[39.007205,45.014663],[39.0060318,45.015045],[39.0059789,45.0150622],[39.005004,45.0153929],[39.0044317,45.0156117]]}},{"type":"Feature","id":26940914,"properties":{"highway":"residential","name":"Иркутская улица"},"geometry":{"type":"LineString","coordinates":[[39.0314444,45.03025],[39.0345534,45.0305646],[39.0374049,45.0308498],[39.0394693,45.0310582]]}},{"type":"Feature","id":26940918,"properties":{"highway":"residential","name":"Лесная улица"},"geometry":{"type":"LineString","coordinates":[[39.010697,45.0160011],[39.011847,45.0160489]]}},{"type":"Feature","id":26940928,"properties":{"highway":"residential","name":"Хабаровская улица"},"geometry":{"type":"LineString","coordinates":[[39.0347726,45.0294819],[39.035827,45.0295892],[39.0374155,45.0297508],[39.0376044,45.0297706]]}},{"type":"Feature","id":26940934,"properties":{"highway":"residential","name":"Камская улица"},"geometry":{"type":"LineString","coordinates":[[39.0316808,45.0280696],[39.0349904,45.0284063]]}},{"type":"Feature","id":26940935,"properties":{"highway":"residential","name":"Константиновский переулок"},"geometry":{"type":"LineString","coordinates":[[39.0093623,45.0147323],[39.0076169,45.01305],[39.0074912,45.0128706]]}},{"type":"Feature","id":26940944,"properties":{"highway":"residential","name":"Новосибирская улица"},"geometry":{"type":"LineString","coordinates":[[39.030477,45.0274214],[39.031675,45.027505],[39.0350992,45.0278689]]}},{"type":"Feature","id":26940959,"properties":{"highway":"tertiary","name":"Майкопская улица"},"geometry":{"type":"LineString","coordinates":[[39.0101274,45.0112064],[39.0114228,45.0113127],[39.011601,45.0113267],[39.0120795,45.0113642]]}},{"type":"Feature","id":26940966,"properties":{"highway":"residential","name":"1-й Ялтинский проезд"},"geometry":{"type":"LineString","coordinates":[[39.0292284,45.0305903],[39.0292366,45.0305214],[39.0293586,45.0294971],[39.0295403,45.0284028],[39.0296494,45.0273635],[39.0303169,45.027184],[39.0305103,45.0271798]]}},{"type":"Feature","id":26940971,"properties":{"highway":"residential","name":"Степная улица"},"geometry":{"type":"LineString","coordinates":[[39.0262425,45.0141319],[39.0252465,45.0140414],[39.0244129,45.0139969],[39.0234839,45.0139173],[39.0227049,45.0138689],[39.021773,45.0138122],[39.0209607,45.0137444],[39.0200544,45.0136787],[39.0192536,45.013633],[39.0183711,45.0135648],[39.0175162,45.0135035],[39.0172683,45.0134894],[39.0166129,45.0134418],[39.0156054,45.0133702],[39.0144916,45.0132864],[39.0134049,45.0132161],[39.0123894,45.0131431],[39.0123477,45.0131403],[39.01231,45.0131372],[39.0111419,45.0130539],[39.0109363,45.0130393],[39.0098554,45.0129628],[39.0074679,45.0128373],[39.0073995,45.0128079],[39.0073084,45.0127347]]}},{"type":"Feature","id":26940987,"properties":{"highway":"residential","name":"Амурская улица"},"geometry":{"type":"LineString","coordinates":[[39.0284563,45.028297],[39.0285125,45.028303],[39.0285491,45.0283061],[39.0295403,45.0284028],[39.0304056,45.0285069],[39.0316745,45.0286094],[39.0348805,45.0289489],[39.0359266,45.0290586]]}},{"type":"Feature","id":26941015,"properties":{"highway":"residential","name":"улица Фурманова"},"geometry":{"type":"LineString","coordinates":[[39.006908,45.0192957],[39.0069547,45.0185031],[39.0069966,45.0175487],[39.007118,45.0156678],[39.0071664,45.0151087],[39.007205,45.014663],[39.0070223,45.0144769],[39.0063073,45.0140661],[39.0053976,45.0135356],[39.0052428,45.0134412]]}},{"type":"Feature","id":26941023,"properties":{"highway":"primary","name":"Ставропольская улица"},"geometry":{"type":"LineString","coordinates":[[39.0471928,45.0148647],[39.0473064,45.0148561],[39.047427,45.0148357],[39.0475282,45.0148016],[39.048276,45.0144775],[39.0503026,45.0135991]]}},{"type":"Feature","id":26941034,"properties":{"highway":"residential","name":"Петровский переулок"},"geometry":{"type":"LineString","coordinates":[[39.0096009,45.0147486],[39.0098554,45.0129628],[39.0101093,45.0113235],[39.0101274,45.0112064]]}},{"type":"Feature","id":26941042,"properties":{"highway":"residential","name":"Дунайская улица"},"geometry":{"type":"LineString","coordinates":[[39.0345534,45.0305646],[39.0346667,45.030005],[39.0347726,45.0294819],[39.0348805,45.0289489],[39.0348996,45.0288546],[39.0349429,45.0286407],[39.0349904,45.0284063],[39.0350992,45.0278689],[39.0352058,45.0273423],[39.0353205,45.0267758],[39.0354222,45.0262734],[39.0355289,45.0257463]]}},{"type":"Feature","id":26941058,"properties":{"highway":"residential","name":"Казанская улица"},"geometry":{"type":"LineString","coordinates":[[39.0316192,45.0265302],[39.0316295,45.0266065],[39.0316724,45.0267934],[39.031675,45.0269634],[39.031675,45.027505],[39.0316808,45.0280696],[39.0316745,45.0286094],[39.0316016,45.0291643],[39.0315293,45.0296972],[39.0314444,45.03025],[39.0313576,45.0308589]]}},{"type":"Feature","id":26941075,"properties":{"highway":"residential","name":"Кавказская улица"},"geometry":{"type":"LineString","coordinates":[[38.9991053,45.0186213],[38.999179,45.0186275],[39.001623,45.0188296],[39.0016868,45.0188341],[39.0043364,45.0190646],[39.0044197,45.0190724],[39.006429,45.0192616],[39.006908,45.0192957],[39.007743,45.0193831],[39.0087255,45.0194728],[39.0096922,45.0195658],[39.0097722,45.0195743],[39.0099817,45.019594],[39.0101333,45.0196097],[39.0107762,45.0196776],[39.0111596,45.019706],[39.0112886,45.0196612]]}},{"type":"Feature","id":26941081,"properties":{"highway":"primary","name":"Старокубанская улица"},"geometry":{"type":"LineString","coordinates":[[39.0474421,45.0152664],[39.0473989,45.015367],[39.0473753,45.0154364],[39.0473714,45.0154776],[39.0473776,45.0155265],[39.0476268,45.0160869]]}},{"type":"Feature","id":26941100,"properties":{"highway":"residential","name":"Енисейская улица"},"geometry":{"type":"LineString","coordinates":[[39.0302425,45.0318861],[39.0302898,45.0309013],[39.0303074,45.030711],[39.0303108,45.0306332],[39.0303572,45.0295844],[39.0304056,45.0285069],[39.030477,45.0274214],[39.0305103,45.0271798],[39.0305736,45.0270976],[39.0305006,45.0267916],[39.0304789,45.0267106]]}},{"type":"Feature","id":26941110,"properties":{"highway":"tertiary","name":"Старокубанская улица"},"geometry":{"type":"LineString","coordinates":[[39.0408179,45.0100558],[39.0407068,45.00997],[39.0406515,45.0099252],[39.0392267,45.0087923],[39.0364049,45.0065308],[39.0362684,45.0064214],[39.0348676,45.0053159],[39.0342583,45.0048367],[39.0340026,45.0046356],[39.0327914,45.0036799]]}},{"type":"Feature","id":26941118,"properties":{"highway":"residential","name":"Уральский переулок"},"geometry":{"type":"LineString","coordinates":[[39.0401712,45.0349603],[39.0403575,45.0339609],[39.0405399,45.0329257],[39.0407556,45.0318111],[39.0407679,45.0317523]]}},{"type":"Feature","id":26941127,"properties":{"highway":"residential","name":"улица Маяковского"},"geometry":{"type":"LineString","coordinates":[[39.0123141,45.0209322],[39.0123353,45.0208182],[39.0123568,45.0206767],[39.0125008,45.0198145],[39.0127448,45.0181133],[39.0130095,45.0161164],[39.0131718,45.0149725],[39.0134049,45.0132161],[39.0136307,45.0114842],[39.0138347,45.010182],[39.0138332,45.0098285]]}},{"type":"Feature","id":26941130,"properties":{"highway":"tertiary","name":"Новая улица"},"geometry":{"type":"LineString","coordinates":[[39.0316999,45.003005],[39.0316276,45.0029543],[39.031482,45.0030432],[39.0308319,45.0034806],[39.0300913,45.0039565],[39.0291299,45.0045644],[39.0290467,45.0046233],[39.0284047,45.0049867],[39.0283123,45.0050213],[39.0282715,45.0050366]]}},{"type":"Feature","id":26941147,"properties":{"highway":"residential","name":"Белорусская улица"},"geometry":{"type":"LineString","coordinates":[[39.0407937,45.0239807],[39.0408213,45.0240303],[39.0407127,45.0245564],[39.0406017,45.0251546],[39.0405047,45.0256774],[39.0403985,45.0262498],[39.0403018,45.0267709],[39.0402016,45.0273111],[39.0400985,45.0278668],[39.0400009,45.0283904],[39.0399929,45.0284334],[39.0399036,45.028917],[39.0398042,45.0294526],[39.0396908,45.029985],[39.0395635,45.030515],[39.0394693,45.0310582],[39.0393697,45.0315256],[39.03935,45.0316139]]}},{"type":"Feature","id":26941148,"properties":{"highway":"tertiary","name":"Старокубанская улица"},"geometry":{"type":"LineString","coordinates":[[39.0501538,45.0236641],[39.0501475,45.0245002],[39.0501443,45.0249312],[39.0501446,45.0250007],[39.0501449,45.0250756],[39.0501464,45.0254347]]}},{"type":"Feature","id":26941152,"properties":{"highway":"residential","name":"Керченская улица"},"geometry":{"type":"LineString","coordinates":[[39.0137904,45.0181995],[39.0140869,45.0161903],[39.0142634,45.015051],[39.0144916,45.0132864],[39.0147024,45.011558],[39.0148875,45.0102177],[39.0150952,45.0089068],[39.0151231,45.0088803]]}},{"type":"Feature","id":26941167,"properties":{"highway":"tertiary","name":"Волжская улица"},"geometry":{"type":"LineString","coordinates":[[39.0386245,45.0245423],[39.0386093,45.0246274]]}},{"type":"Feature","id":26941174,"properties":{"highway":"secondary","name":"2-й проезд Филатова"},"geometry":{"type":"LineString","coordinates":[[39.0215513,45.0338868],[39.0217743,45.0337976],[39.0219133,45.0337122],[39.0220183,45.0336288],[39.0221231,45.0335064],[39.022227,45.0334011],[39.0223446,45.0333274],[39.0224738,45.0332844]]}},{"type":"Feature","id":26941188,"properties":{"highway":"tertiary","name":"улица Димитрова"},"geometry":{"type":"LineString","coordinates":[[39.0212827,45.0024778],[39.0213407,45.0025215],[39.0213747,45.0025573],[39.0213951,45.0025759],[39.0214244,45.0026225],[39.021438,45.0026537],[39.0217214,45.003345],[39.0217908,45.0035145],[39.0218667,45.0036996],[39.0220899,45.0042393],[39.0221316,45.0043408],[39.022167,45.0044138],[39.0222185,45.0045401],[39.0226734,45.0056572],[39.0228542,45.0060618],[39.0230632,45.0066047],[39.0241163,45.0090226],[39.0244076,45.0097055],[39.0245734,45.0100877],[39.0248575,45.0107641],[39.0249099,45.0108903],[39.0254249,45.0120539]]}},{"type":"Feature","id":26941208,"properties":{"highway":"tertiary","name":"Бургасская улица"},"geometry":{"type":"LineString","coordinates":[[39.0408179,45.0100558],[39.0406518,45.010153],[39.0401241,45.0104775],[39.0399987,45.0105543],[39.0398748,45.010636],[39.0395379,45.0108412],[39.0394273,45.0109166],[39.0390074,45.0111815],[39.0383783,45.0115761]]}},{"type":"Feature","id":26941236,"properties":{"highway":"tertiary","name":"Тихорецкая улица"},"geometry":{"type":"LineString","coordinates":[[39.0302197,45.0360434],[39.0300116,45.0359743],[39.029797,45.0358833],[39.0295878,45.0358028],[39.029463,45.0357477]]}},{"type":"Feature","id":26941245,"properties":{"highway":"residential","name":"улица Димитрова"},"geometry":{"type":"LineString","coordinates":[[39.0278948,45.019637],[39.027943,45.0197422],[39.0280775,45.0200632],[39.0283897,45.020822],[39.0284262,45.0209108],[39.0284657,45.0210067],[39.0285118,45.0211189],[39.0287082,45.0215963],[39.0287134,45.021609],[39.0289846,45.0222682],[39.0290262,45.0223692]]}},{"type":"Feature","id":26941252,"properties":{"highway":"residential","name":"улица Стасова"},"geometry":{"type":"LineString","coordinates":[[39.0431323,45.0231859],[39.0431657,45.023264]]}},{"type":"Feature","id":26941257,"properties":{"highway":"tertiary","name":"Воронежская улица"},"geometry":{"type":"LineString","coordinates":[[39.0120795,45.0113642],[39.0122482,45.011202],[39.0123556,45.0110987],[39.0127524,45.0106865],[39.0128411,45.0105927],[39.0135467,45.0098464],[39.0141266,45.009233],[39.0153846,45.0079023],[39.0161215,45.0071743]]}},{"type":"Feature","id":26941261,"properties":{"highway":"service","name":null},"geometry":{"type":"LineString","coordinates":[[39.0372634,45.0186251],[39.0374199,45.0185892],[39.0378501,45.0185206],[39.0378939,45.0183704],[39.0379773,45.0183323],[39.038153,45.0182905],[39.0382701,45.0182615],[39.0384472,45.0182187],[39.0386485,45.01817],[39.0388412,45.0181234],[39.0390241,45.0180792],[39.0399548,45.0178447],[39.0401233,45.0181539],[39.0400994,45.0182454],[39.040146,45.0184021],[39.0401959,45.0185171],[39.0401076,45.0185875],[39.0401081,45.0187056],[39.0401187,45.0187823],[39.0400288,45.0188078],[39.0400969,45.0189323],[39.0405352,45.0193528],[39.0405645,45.0194903],[39.0404683,45.0197112],[39.0407204,45.0197497],[39.0407658,45.0197541]]}},{"type":"Feature","id":26941292,"properties":{"highway":"residential","name":"2-й проезд Шевченко"},"geometry":{"type":"LineString","coordinates":[[39.0082316,45.0176709],[39.0083003,45.0169347],[39.0083401,45.0163489],[39.0083661,45.0157563],[39.0083996,45.0146653]]}},{"type":"Feature","id":26941296,"properties":{"highway":"tertiary","name":"улица Шевченко"},"geometry":{"type":"LineString","coordinates":[[39.0114228,45.0113127],[39.011411,45.0113859],[39.0111419,45.0130539],[39.0108784,45.0148081]]}},{"type":"Feature","id":26941305,"properties":{"highway":"service","name":null},"geometry":{"type":"LineString","coordinates":[[39.0083401,45.0163489],[39.00983,45.016407]]}},{"type":"Feature","id":26941313,"properties":{"highway":"service","name":null},"geometry":{"type":"LineString","coordinates":[[39.0083003,45.0169347],[39.009777,45.017002]]}},{"type":"Feature","id":26941320,"properties":{"highway":"service","name":null},"geometry":{"type":"LineString","coordinates":[[39.0083661,45.0157563],[39.009784,45.015796]]}},{"type":"Feature","id":26941331,"properties":{"highway":"residential","name":"1-й проезд Шевченко"},"geometry":{"type":"LineString","coordinates":[[39.0069547,45.0185031],[39.00944,45.0187329],[39.0102648,45.01881]]}},{"type":"Feature","id":26941369,"properties":{"highway":"residential","name":"Озёрная улица"},"geometry":{"type":"LineString","coordinates":[[39.0086229,45.0242184],[39.0085371,45.0241621],[39.0083043,45.0240201],[39.0080795,45.0238889],[39.0079278,45.0238172],[39.0076981,45.0237358],[39.0072361,45.0236131],[39.005235,45.0232637],[39.0040048,45.0229733],[39.0037897,45.0229139]]}},{"type":"Feature","id":26941385,"properties":{"highway":"secondary","name":"улица 2-я Пятилетка"},"geometry":{"type":"LineString","coordinates":[[39.0236574,45.020526],[39.023708,45.0206605],[39.0238017,45.0208841],[39.0238223,45.0209367],[39.0239958,45.0213773],[39.0241334,45.0217148],[39.0243088,45.0221377],[39.0244453,45.0224907],[39.0245863,45.0228559]]}},{"type":"Feature","id":26941773,"properties":{"highway":"residential","name":"Камская улица"},"geometry":{"type":"LineString","coordinates":[[39.0378124,45.0287027],[39.0399036,45.028917],[39.0411467,45.0290379]]}},{"type":"Feature","id":26941782,"properties":{"highway":"residential","name":"Донская улица"},"geometry":{"type":"LineString","coordinates":[[39.0385537,45.0249538],[39.0406017,45.0251546],[39.0416337,45.0252533]]}},{"type":"Feature","id":26941796,"properties":{"highway":"residential","name":"Днепровская улица"},"geometry":{"type":"LineString","coordinates":[[39.0384489,45.0254996],[39.0405047,45.0256774],[39.0415624,45.0257903]]}},{"type":"Feature","id":26941803,"properties":{"highway":"residential","name":"улица Луначарского"},"geometry":{"type":"LineString","coordinates":[[39.0355289,45.0257463],[39.0383455,45.0260381],[39.0403985,45.0262498],[39.0414812,45.0263624]]}},{"type":"Feature","id":26941838,"properties":{"highway":"residential","name":"Полтавская улица"},"geometry":{"type":"LineString","coordinates":[[39.031675,45.0269634],[39.0352058,45.0273423],[39.0378931,45.0276233],[39.0380241,45.0276371],[39.0383747,45.0276759],[39.0400985,45.0278668],[39.0412399,45.0279906]]}},{"type":"Feature","id":26941868,"properties":{"highway":"secondary","name":"улица Лизы Чайкиной"},"geometry":{"type":"LineString","coordinates":[[39.0576466,45.0331541],[39.057608,45.0330228],[39.0574824,45.0325951],[39.0569639,45.0308298],[39.0569418,45.0307634],[39.0568784,45.030573],[39.056838,45.0304328],[39.0568112,45.0302589],[39.0568055,45.0300691],[39.0568042,45.0300269],[39.0568187,45.0298011],[39.0568832,45.0295627]]}},{"type":"Feature","id":26942122,"properties":{"highway":"secondary","name":"Уральская улица"},"geometry":{"type":"LineString","coordinates":[[39.0534906,45.0330295],[39.053937,45.0331549]]}},{"type":"Feature","id":26942231,"properties":{"highway":"secondary","name":"Уральская улица"},"geometry":{"type":"LineString","coordinates":[[39.0280146,45.0306098],[39.028102,45.030511],[39.0281461,45.0304853],[39.0282019,45.030483]]}},{"type":"Feature","id":26942239,"properties":{"highway":"secondary","name":"Уральская улица"},"geometry":{"type":"LineString","coordinates":[[39.0534906,45.0330295],[39.0543704,45.0331315],[39.0544564,45.0331569],[39.0547956,45.0332571]]}},{"type":"Feature","id":26942358,"properties":{"highway":"secondary","name":"Восточно-Кругликовская улица"},"geometry":{"type":"LineString","coordinates":[[39.0284823,45.0356022],[39.0284123,45.0356246],[39.0283085,45.0356487],[39.0282773,45.0356566],[39.0282446,45.0356658],[39.02818,45.0356822],[39.0281126,45.0357027],[39.0280454,45.0357253],[39.0279751,45.0357554],[39.0279387,45.0357813],[39.027906,45.0358094],[39.0278484,45.0358805],[39.0278095,45.035962],[39.0277867,45.0360871],[39.0277516,45.036383]]}},{"type":"Feature","id":26942393,"properties":{"highway":"secondary","name":"Школьная улица"},"geometry":{"type":"LineString","coordinates":[[39.0173533,45.0345362],[39.017386,45.0343733]]}},{"type":"Feature","id":26942555,"properties":{"highway":"secondary","name":"Передовая улица"},"geometry":{"type":"LineString","coordinates":[[39.0111986,45.0361686],[39.0115302,45.0354996],[39.0117799,45.0350107]]}},{"type":"Feature","id":27019958,"properties":{"highway":"residential","name":"улица Фурманова"},"geometry":{"type":"LineString","coordinates":[[39.006004,45.0131939],[39.0059549,45.0131007],[39.0057031,45.012631],[39.0055542,45.0124535],[39.0050336,45.0120161],[39.0049712,45.0119472],[39.0042149,45.0114122],[39.0036453,45.0109589],[39.0031585,45.0105421],[39.0025824,45.0100963],[39.0018892,45.0095613],[39.0017708,45.0094728],[39.0017122,45.009429],[39.0016067,45.0093709],[39.0012989,45.0091721]]}},{"type":"Feature","id":27019969,"properties":{"highway":"residential","name":"1-й Черноморский проезд"},"geometry":{"type":"LineString","coordinates":[[39.0031981,45.0150528],[39.0037952,45.0148633],[39.0063073,45.0140661]]}},{"type":"Feature","id":27019970,"properties":{"highway":"residential","name":"Петровский переулок"},"geometry":{"type":"LineString","coordinates":[[39.009902,45.0112101],[39.0098548,45.0111366],[39.009619,45.0107907],[39.0093822,45.0106562],[39.0090067,45.0106166],[39.0089134,45.0105818]]}},{"type":"Feature","id":27019972,"properties":{"highway":"residential","name":"улица 4-я Линия поймы реки Кубань"},"geometry":{"type":"LineString","coordinates":[[39.0117472,45.0079173],[39.0108755,45.0082804],[39.0087138,45.00907],[39.0036453,45.0109589]]}},{"type":"Feature","id":27019973,"properties":{"highway":"residential","name":"Петровский переулок"},"geometry":{"type":"LineString","coordinates":[[39.0095778,45.0102316],[39.009088,45.0095838],[39.0087138,45.00907],[39.008568,45.0086455],[39.008456,45.0084022],[39.0084197,45.0083731]]}},{"type":"Feature","id":27019974,"properties":{"highway":"residential","name":"улица 5-я Линия поймы реки Кубань"},"geometry":{"type":"LineString","coordinates":[[39.0084197,45.0083731],[39.0083608,45.0083761],[39.0055536,45.0091494],[39.0025824,45.0100963]]}},{"type":"Feature","id":27019977,"properties":{"highway":"residential","name":"улица Фурманова"},"geometry":{"type":"LineString","coordinates":[[39.0012989,45.0091721],[39.0013609,45.0089639],[39.0014796,45.0085714],[39.0015737,45.0082629],[39.001609,45.0079016],[39.0015987,45.0067699],[39.00163,45.0065068],[39.0016987,45.0063156],[39.0018021,45.0061285],[39.0018699,45.0060416],[39.0019645,45.0059568],[39.0021193,45.0058909],[39.0022571,45.0058579],[39.0024814,45.0058747],[39.003151,45.0059441],[39.0037957,45.0060141],[39.0039847,45.0060314],[39.0041967,45.0060321],[39.004745,45.0059957],[39.0050062,45.0059724],[39.0056009,45.0059296],[39.0059095,45.0059054],[39.0067884,45.0058147],[39.0069802,45.0057972],[39.0078626,45.0057167],[39.0087311,45.0056664],[39.009786,45.0056317],[39.0099244,45.0056567],[39.0100432,45.0056881]]}},{"type":"Feature","id":27020008,"properties":{"highway":"residential","name":"улица 3-я Линия поймы реки Кубань"},"geometry":{"type":"LineString","coordinates":[[39.0042149,45.0114122],[39.009088,45.0095838]]}},{"type":"Feature","id":27020009,"properties":{"highway":"residential","name":"улица 2-я Линия поймы реки Кубань"},"geometry":{"type":"LineString","coordinates":[[39.0050336,45.0120161],[39.004917,45.0120714],[39.0035714,45.0125116],[39.002215,45.0129314],[39.0021557,45.0129497]]}},{"type":"Feature","id":27049918,"properties":{"highway":"service","name":null},"geometry":{"type":"LineString","coordinates":[[39.0255137,45.0251187],[39.0257544,45.0250771],[39.0262861,45.0251357],[39.0266213,45.0251523],[39.0273488,45.0249829],[39.0276467,45.0248862],[39.0280049,45.0248273],[39.0280954,45.0247845],[39.0288185,45.0246335],[39.0290049,45.0246298],[39.0290837,45.0245611],[39.0292021,45.0244995],[39.0295841,45.0244571],[39.0299953,45.0243913],[39.0303315,45.0243375],[39.0304265,45.0243542],[39.0310003,45.0242177],[39.0316799,45.0240561],[39.0324023,45.0238844],[39.0328947,45.0237673]]}},{"type":"Feature","id":27049919,"properties":{"highway":"service","name":null},"geometry":{"type":"LineString","coordinates":[[39.0184915,45.028393],[39.0184605,45.0282653],[39.0183828,45.0280005],[39.0183586,45.0279179],[39.0182779,45.0276297],[39.018217,45.0273288],[39.0180793,45.0267837],[39.0180031,45.0265004],[39.0178227,45.025816]]}},{"type":"Feature","id":27049920,"properties":{"highway":"residential","name":"Ялтинская улица"},"geometry":{"type":"LineString","coordinates":[[39.0276577,45.0338292],[39.0276421,45.0337007],[39.0276519,45.0334971],[39.0277488,45.0333767]]}},{"type":"Feature","id":27049921,"properties":{"highway":"residential","name":"Меланжевая улица"},"geometry":{"type":"LineString","coordinates":[[39.0476436,45.0369178],[39.0477164,45.0364935],[39.0477795,45.0361366],[39.0477879,45.0360909],[39.0480069,45.0348219],[39.0483689,45.032621],[39.048393,45.032535]]}},{"type":"Feature","id":27052609,"properties":{"highway":"primary","name":"Северная улица"},"geometry":{"type":"LineString","coordinates":[[39.0266617,45.0320999],[39.0270511,45.0319278],[39.0276472,45.0316603]]}},{"type":"Feature","id":27052610,"properties":{"highway":"primary","name":"Северная улица"},"geometry":{"type":"LineString","coordinates":[[39.026697,45.0322264],[39.0265939,45.032271]]}},{"type":"Feature","id":27052611,"properties":{"highway":"primary","name":"Северная улица"},"geometry":{"type":"LineString","coordinates":[[39.0228465,45.0336188],[39.0230216,45.033583]]}},{"type":"Feature","id":27052612,"properties":{"highway":"primary","name":"Северная улица"},"geometry":{"type":"LineString","coordinates":[[39.0230153,45.0337596],[39.0225828,45.0338427],[39.0220325,45.0339567]]}},{"type":"Feature","id":27052615,"properties":{"highway":"primary","name":"Северная улица"},"geometry":{"type":"LineString","coordinates":[[39.0032332,45.0357475],[39.0102248,45.0346656]]}},{"type":"Feature","id":27052616,"properties":{"highway":"primary","name":"Северная улица"},"geometry":{"type":"LineString","coordinates":[[39.0115437,45.0344597],[39.0119107,45.0344018]]}},{"type":"Feature","id":27052617,"properties":{"highway":"primary","name":"Северная улица"},"geometry":{"type":"LineString","coordinates":[[39.0115838,45.0346133],[39.005404,45.0355768]]}},{"type":"Feature","id":27081407,"properties":{"highway":"service","name":null},"geometry":{"type":"LineString","coordinates":[[39.0536316,45.0125626],[39.0537682,45.0124993],[39.0538768,45.0124366],[39.0541173,45.012222],[39.0542299,45.0120823]]}},{"type":"Feature","id":27081408,"properties":{"highway":"service","name":null},"geometry":{"type":"LineString","coordinates":[[39.0542299,45.0120823],[39.0544808,45.0112242]]}},{"type":"Feature","id":27081409,"properties":{"highway":"service","name":null},"geometry":{"type":"LineString","coordinates":[[39.0544808,45.0112242],[39.0545465,45.0109911],[39.0545066,45.01094],[39.0544329,45.010885],[39.0537528,45.0107344],[39.0522128,45.0103007],[39.0510281,45.0099719],[39.0497919,45.0096306],[39.049691,45.009582],[39.0496216,45.009521],[39.0496286,45.0094387],[39.0500778,45.0091781],[39.0504486,45.0089706],[39.0507924,45.0087906],[39.0511227,45.0086018],[39.0513257,45.0084259],[39.0516011,45.0079564],[39.0519051,45.0074958],[39.0523158,45.0071211],[39.0527787,45.0067846],[39.0530057,45.0066058],[39.0532163,45.0064148],[39.0536184,45.0059622],[39.0537144,45.005731],[39.0537531,45.0055212],[39.0537791,45.0054553],[39.0539168,45.005444],[39.0550902,45.0055335],[39.0558611,45.0055923]]}},{"type":"Feature","id":27088894,"properties":{"highway":"primary","name":"Ставропольская улица"},"geometry":{"type":"LineString","coordinates":[[39.0467572,45.0154742],[39.0465702,45.0154871],[39.0464552,45.0155131],[39.0459837,45.0157068],[39.0458474,45.0157613],[39.045657,45.0158184],[39.0453243,45.0158916],[39.0443132,45.0161139],[39.0426722,45.0164746],[39.0425284,45.0165069],[39.0424848,45.0165168],[39.0422767,45.0165647],[39.04222,45.0165777],[39.041869,45.0166584],[39.0418101,45.016672],[39.0416408,45.0167109],[39.0411131,45.0168228],[39.0395612,45.0171521],[39.0384546,45.0173925],[39.0377374,45.0175497],[39.037603,45.0175783],[39.0372222,45.01767],[39.0370227,45.0177172],[39.0356925,45.0180093],[39.0344386,45.0182686]]}},{"type":"Feature","id":27089681,"properties":{"highway":"residential","name":"Кубанская улица"},"geometry":{"type":"LineString","coordinates":[[39.0510685,45.0132743],[39.0508854,45.0132646],[39.0494696,45.0130196],[39.0485488,45.0128603],[39.04823,45.0127984],[39.0483092,45.012514],[39.0483966,45.0122508],[39.0484634,45.0121415],[39.048617,45.0120015],[39.048743,45.0118677],[39.0488386,45.0117391],[39.0488628,45.0116205],[39.048797,45.0115684],[39.0479991,45.0112758],[39.0445319,45.0099172],[39.0439558,45.0104578],[39.043532,45.0109744]]}},{"type":"Feature","id":27096436,"properties":{"highway":"secondary","name":"Сормовская улица"},"geometry":{"type":"LineString","coordinates":[[39.0552897,45.0228988],[39.0556925,45.0229455]]}},{"type":"Feature","id":27098031,"properties":{"highway":"service","name":null},"geometry":{"type":"LineString","coordinates":[[39.0479432,45.0219687],[39.0479156,45.0220648],[39.0478746,45.0222437],[39.0478928,45.0227277],[39.0478972,45.0228431],[39.0478972,45.022887],[39.0478979,45.0239381],[39.0478985,45.0249628],[39.0478989,45.0255969],[39.0479,45.0273967],[39.0479001,45.0274897],[39.0479118,45.0279208],[39.047919,45.0297536],[39.0479225,45.0306552],[39.0479337,45.0319462],[39.0479356,45.0322895],[39.0479361,45.0323765],[39.0479354,45.0324841]]}},{"type":"Feature","id":27136025,"properties":{"highway":"residential","name":null},"geometry":{"type":"LineString","coordinates":[[39.0290262,45.0223692],[39.0285674,45.0224677],[39.0275656,45.0226802],[39.0252177,45.0231781]]}},{"type":"Feature","id":27179147,"properties":{"highway":"unclassified","name":"Гончарная улица"},"geometry":{"type":"LineString","coordinates":[[39.0082864,45.0246752],[39.0081773,45.0246523],[39.0068216,45.02437],[39.0056111,45.024118],[39.004784,45.0240398],[39.0045889,45.0243321],[39.0045647,45.0243687],[39.0045398,45.0244017]]}},{"type":"Feature","id":27459803,"properties":{"highway":"service","name":null},"geometry":{"type":"LineString","coordinates":[[39.0519865,45.0136266],[39.0515942,45.0135035],[39.0515017,45.0136145],[39.0512824,45.0135123]]}},{"type":"Feature","id":30631367,"properties":{"highway":"service","name":null},"geometry":{"type":"LineString","coordinates":[[39.0518835,45.0334937],[39.0519164,45.0333382],[39.0519488,45.0331846],[39.0519755,45.0330583],[39.0519863,45.0330069],[39.0520099,45.0328953]]}},{"type":"Feature","id":30995547,"properties":{"highway":"unclassified","name":"2-й Тихорецкий проезд"},"geometry":{"type":"LineString","coordinates":[[39.0461305,45.0450911],[39.0461887,45.0450441],[39.0462305,45.0449934],[39.0462508,45.0447999],[39.0461905,45.0441462],[39.04596,45.0403102],[39.0459506,45.0393147],[39.0459654,45.0391125],[39.0459118,45.0385148]]}},{"type":"Feature","id":30995560,"properties":{"highway":"service","name":null},"geometry":{"type":"LineString","coordinates":[[39.0572846,45.0252105],[39.0571712,45.0250451],[39.0570895,45.0249521],[39.0570205,45.0248735],[39.0569535,45.024715],[39.0569569,45.0245304],[39.0571009,45.0242499],[39.0572587,45.0241137]]}},{"type":"Feature","id":30995632,"properties":{"highway":"service","name":null},"geometry":{"type":"LineString","coordinates":[[39.0335728,45.0362434],[39.0337463,45.036268],[39.033777,45.036271],[39.0361813,45.036505],[39.0398384,45.0368936],[39.0414885,45.0370409],[39.0416673,45.037083],[39.041805,45.0371439],[39.0418913,45.037182],[39.0420523,45.037293],[39.0421623,45.0373746],[39.0423262,45.0374893],[39.042421,45.0375686],[39.0424749,45.037636],[39.0424909,45.0378343],[39.0422924,45.03907],[39.0422426,45.0391952],[39.0422385,45.0392878],[39.0422178,45.0393911],[39.0421847,45.0394534],[39.0421309,45.0395051],[39.0420151,45.0395245],[39.0419296,45.0395148],[39.0417628,45.0394904],[39.0416897,45.0394427],[39.0416814,45.0393823],[39.041698,45.0392781],[39.0417173,45.0392069],[39.0417407,45.039166],[39.0417959,45.0391553],[39.0418882,45.0391611],[39.0422426,45.0391952]]}},{"type":"Feature","id":30995752,"properties":{"highway":"tertiary","name":"Тихорецкая улица"},"geometry":{"type":"LineString","coordinates":[[39.0302197,45.0360434],[39.0303851,45.0360864],[39.0306215,45.0361262],[39.031398,45.0362829],[39.031757,45.0363749],[39.0320715,45.0364917]]}},{"type":"Feature","id":30995753,"properties":{"highway":"tertiary","name":"Тихорецкая улица"},"geometry":{"type":"LineString","coordinates":[[39.0320715,45.0364917],[39.0324715,45.0367009],[39.032806,45.03691],[39.033663,45.0375356],[39.0337629,45.0376013],[39.0339345,45.0377169],[39.034294,45.0379431],[39.0362055,45.0389085],[39.0395987,45.0410121],[39.0408343,45.0418109],[39.0423341,45.0427798],[39.0447275,45.044288],[39.0461305,45.0450911],[39.0477354,45.0461846],[39.048297,45.0467863],[39.0495384,45.047583],[39.0512268,45.0486665]]}},{"type":"Feature","id":31741223,"properties":{"highway":"service","name":null},"geometry":{"type":"LineString","coordinates":[[39.0542299,45.0120823],[39.0542285,45.0122292],[39.0542909,45.0123723],[39.0543398,45.0124388]]}},{"type":"Feature","id":31813349,"properties":{"highway":"residential","name":"4-й Воронежский переулок"},"geometry":{"type":"LineString","coordinates":[[39.0166852,45.006465],[39.0165386,45.0065276],[39.015362,45.0069766],[39.0151527,45.0070473],[39.0144679,45.0072167],[39.0141142,45.0072768],[39.0138903,45.0073149],[39.0127145,45.0073778],[39.0123335,45.0074064],[39.0119347,45.0074364],[39.0118094,45.0074096],[39.0116345,45.0072859]]}},{"type":"Feature","id":31887466,"properties":{"highway":"secondary","name":"Тихорецкая улица"},"geometry":{"type":"LineString","coordinates":[[39.0238987,45.0329719],[39.0246227,45.0332937]]}},{"type":"Feature","id":31887467,"properties":{"highway":"secondary","name":"Тихорецкая улица"},"geometry":{"type":"LineString","coordinates":[[39.0246227,45.0332937],[39.0252527,45.0335475]]}},{"type":"Feature","id":31887473,"properties":{"highway":"secondary","name":"Новороссийская улица"},"geometry":{"type":"LineString","coordinates":[[39.0264357,45.0332184],[39.025916,45.0329659],[39.0257486,45.0328697],[39.0254572,45.0327359]]}},{"type":"Feature","id":32719141,"properties":{"highway":"secondary","name":"улица Селезнёва"},"geometry":{"type":"LineString","coordinates":[[39.0275004,45.0271188],[39.028287,45.0270141]]}},{"type":"Feature","id":32719142,"properties":{"highway":"secondary","name":"улица Селезнёва"},"geometry":{"type":"LineString","coordinates":[[39.0275004,45.0271188],[39.027321,45.0271437]]}},{"type":"Feature","id":32719171,"properties":{"highway":"secondary","name":"Тихорецкая улица"},"geometry":{"type":"LineString","coordinates":[[39.0275761,45.0344664],[39.0276726,45.034532],[39.0281844,45.0347421],[39.0282769,45.034794]]}},{"type":"Feature","id":32719270,"properties":{"highway":"secondary","name":null},"geometry":{"type":"LineString","coordinates":[[39.0278076,45.0353419],[39.0278244,45.0350548]]}},{"type":"Feature","id":32719271,"properties":{"highway":"secondary","name":null},"geometry":{"type":"LineString","coordinates":[[39.0284823,45.0356022],[39.0284107,45.0356147],[39.0283144,45.0356237],[39.0282501,45.0356208],[39.0281703,45.0356094],[39.0280858,45.0355848],[39.0280143,45.0355552],[39.0279328,45.0355025],[39.0279129,45.0354852],[39.0278929,45.0354679],[39.0278595,45.035428],[39.0278076,45.0353419]]}},{"type":"Feature","id":32719272,"properties":{"highway":"secondary","name":"Тихорецкая улица"},"geometry":{"type":"LineString","coordinates":[[39.0278244,45.0350548],[39.0277932,45.0349385],[39.0277526,45.0348424],[39.0277151,45.0347832],[39.0276641,45.0347093],[39.0276109,45.0346332],[39.0274845,45.0345023],[39.027408,45.0344424],[39.0272671,45.0343811]]}},{"type":"Feature","id":32719274,"properties":{"highway":"tertiary","name":"Тихорецкая улица"},"geometry":{"type":"LineString","coordinates":[[39.0289956,45.0355386],[39.0289189,45.0355014],[39.0288657,45.0354833],[39.0288019,45.0354754],[39.0287411,45.0354841],[39.0286255,45.0355223]]}},{"type":"Feature","id":32719275,"properties":{"highway":"secondary","name":"Восточно-Кругликовская улица"},"geometry":{"type":"LineString","coordinates":[[39.0276562,45.0363842],[39.0277308,45.0356942],[39.0277518,45.0355266],[39.0278076,45.0353419]]}},{"type":"Feature","id":32881327,"properties":{"highway":"residential","name":"улица Бородина"},"geometry":{"type":"LineString","coordinates":[[39.0342027,45.0323138],[39.0327236,45.032154],[39.0322433,45.0321021],[39.0320345,45.0320796],[39.0303299,45.0318954],[39.0302425,45.0318861]]}},{"type":"Feature","id":32881328,"properties":{"highway":"residential","name":"Новгородская улица"},"geometry":{"type":"LineString","coordinates":[[39.027835,45.03266],[39.0295391,45.032831],[39.0300784,45.032908],[39.0301839,45.0329244]]}},{"type":"Feature","id":32881329,"properties":{"highway":"residential","name":"Новгородская улица"},"geometry":{"type":"LineString","coordinates":[[39.036824,45.0336149],[39.0382178,45.0337366],[39.039256,45.0338346],[39.0403575,45.0339609]]}},{"type":"Feature","id":32882660,"properties":{"highway":"residential","name":"проезд Бородина"},"geometry":{"type":"LineString","coordinates":[[39.0396878,45.0316478],[39.0396702,45.031728],[39.0394533,45.0328263],[39.039256,45.0338346],[39.0390657,45.03483]]}},{"type":"Feature","id":32882661,"properties":{"highway":"residential","name":"Новгородский проезд"},"geometry":{"type":"LineString","coordinates":[[39.0380071,45.0347473],[39.0382178,45.0337366],[39.0383983,45.0327116],[39.0386145,45.0316192],[39.0386304,45.0315441]]}},{"type":"Feature","id":32882662,"properties":{"highway":"residential","name":"Алтайская улица"},"geometry":{"type":"LineString","coordinates":[[39.0411467,45.0290379],[39.0411868,45.0285058],[39.0412133,45.0282264],[39.0412399,45.0279906],[39.0412997,45.0274195],[39.0413479,45.0271443],[39.0413973,45.0268788],[39.0414812,45.0263624],[39.0415624,45.0257903],[39.0416337,45.0252533]]}},{"type":"Feature","id":32882663,"properties":{"highway":"residential","name":"1-й Дунайский проезд"},"geometry":{"type":"LineString","coordinates":[[39.0352136,45.0311941],[39.0351978,45.0312623],[39.035001,45.0323853]]}},{"type":"Feature","id":32882664,"properties":{"highway":"residential","name":"2-й Дунайский проезд"},"geometry":{"type":"LineString","coordinates":[[39.0364016,45.0313217],[39.0363839,45.0313914],[39.0361467,45.032488],[39.0359086,45.0335265]]}},{"type":"Feature","id":32889381,"properties":{"highway":"service","name":null},"geometry":{"type":"LineString","coordinates":[[39.002283,45.018019],[39.0043354,45.0182083],[39.0044495,45.0182183],[39.0059813,45.0183497]]}},{"type":"Feature","id":33143992,"properties":{"highway":"service","name":null},"geometry":{"type":"LineString","coordinates":[[39.0089441,45.0332628],[39.0092902,45.0343892]]}},{"type":"Feature","id":33143998,"properties":{"highway":"residential","name":"переулок Куйбышева"},"geometry":{"type":"LineString","coordinates":[[39.0126026,45.0327116],[39.012138,45.0311944]]}},{"type":"Feature","id":33144003,"properties":{"highway":"residential","name":"Передовая улица"},"geometry":{"type":"LineString","coordinates":[[39.0127632,45.0310932],[39.0131281,45.032081]]}},{"type":"Feature","id":33177535,"properties":{"highway":"residential","name":"1-й Артельный проезд"},"geometry":{"type":"LineString","coordinates":[[39.0257398,45.0105856],[39.0262767,45.0118725]]}},{"type":"Feature","id":33177536,"properties":{"highway":"residential","name":"2-й Артельный проезд"},"geometry":{"type":"LineString","coordinates":[[39.0264124,45.0104398],[39.0269774,45.0117234]]}},{"type":"Feature","id":33177537,"properties":{"highway":"residential","name":"3-й Артельный проезд"},"geometry":{"type":"LineString","coordinates":[[39.0270984,45.010289],[39.0276448,45.0115813]]}},{"type":"Feature","id":33177539,"properties":{"highway":"residential","name":"4-й Артельный проезд"},"geometry":{"type":"LineString","coordinates":[[39.0278006,45.0101378],[39.0283118,45.0114392]]}},{"type":"Feature","id":33177540,"properties":{"highway":"residential","name":"5-й Артельный проезд"},"geometry":{"type":"LineString","coordinates":[[39.0284447,45.0099994],[39.0290043,45.0112918]]}},{"type":"Feature","id":33177604,"properties":{"highway":"residential","name":"1-й Пионерский проезд"},"geometry":{"type":"LineString","coordinates":[[39.0186563,45.0071812],[39.01845,45.0086451]]}},{"type":"Feature","id":33177605,"properties":{"highway":"residential","name":"1-й проезд Болотникова"},"geometry":{"type":"LineString","coordinates":[[39.0174102,45.0077306],[39.0163024,45.0076624],[39.0159779,45.0076448]]}},{"type":"Feature","id":34172757,"properties":{"highway":"residential","name":"улица Володарского"},"geometry":{"type":"LineString","coordinates":[[39.0045462,45.0308605],[39.0046134,45.0308493],[39.0055542,45.0306919]]}},{"type":"Feature","id":34214562,"properties":{"highway":"service","name":null},"geometry":{"type":"LineString","coordinates":[[39.0041628,45.0298009],[39.0042705,45.029784],[39.0046451,45.029725],[39.0056865,45.0295609],[39.005874,45.0301546]]}},{"type":"Feature","id":34214563,"properties":{"highway":"service","name":null},"geometry":{"type":"LineString","coordinates":[[39.0052007,45.0296942],[39.0053738,45.03024]]}},{"type":"Feature","id":34214564,"properties":{"highway":"service","name":null},"geometry":{"type":"LineString","coordinates":[[39.0038952,45.0290298],[39.0040047,45.0290117],[39.0043776,45.0289502],[39.0052876,45.0288003]]}},{"type":"Feature","id":34214565,"properties":{"highway":"service","name":null},"geometry":{"type":"LineString","coordinates":[[39.0056865,45.0295609],[39.0055668,45.0291684],[39.0045124,45.0293427]]}},{"type":"Feature","id":34235700,"properties":{"highway":"service","name":null},"geometry":{"type":"LineString","coordinates":[[39.0058235,45.0351998],[39.0069633,45.0350398]]}},{"type":"Feature","id":35204824,"properties":{"highway":"tertiary","name":"улица имени Володи Головатого"},"geometry":{"type":"LineString","coordinates":[[39.0054222,45.0338408],[39.0052756,45.0338636],[39.0046506,45.0339606],[39.0027654,45.0342527],[39.0025569,45.034285],[38.9997313,45.0347307],[38.9984916,45.0349213],[38.9972229,45.0351163],[38.996532,45.0352204],[38.9953781,45.0353942],[38.9943166,45.0355876],[38.9932981,45.0357424],[38.9932704,45.0357467],[38.9932441,45.0357508],[38.990755,45.0361474],[38.9894055,45.0363626],[38.9880625,45.0365789],[38.9861005,45.0369109],[38.9859856,45.0369304],[38.9858859,45.036946],[38.9847111,45.0371312],[38.983869,45.0372625],[38.9837538,45.0372805]]}},{"type":"Feature","id":35962416,"properties":{"highway":"service","name":null},"geometry":{"type":"LineString","coordinates":[[39.0214998,45.0247319],[39.0218081,45.0259711],[39.0218281,45.0260516],[39.0218419,45.0261182],[39.0220443,45.0267929],[39.0221373,45.027094],[39.0223266,45.0277072],[39.0223442,45.027832]]}},{"type":"Feature","id":36780821,"properties":{"highway":"secondary","name":"Северная улица"},"geometry":{"type":"LineString","coordinates":[[39.0254503,45.0326641],[39.0257564,45.0327748],[39.0259294,45.0328102],[39.0261121,45.0328251],[39.0262352,45.0328142],[39.0264139,45.0327973]]}},{"type":"Feature","id":36852570,"properties":{"highway":"secondary","name":"Передовая улица"},"geometry":{"type":"LineString","coordinates":[[39.0119501,45.0345526],[39.0119107,45.0344018]]}},{"type":"Feature","id":36906523,"properties":{"highway":"primary","name":"Старокубанская улица"},"geometry":{"type":"LineString","coordinates":[[39.0496587,45.0212747],[39.0497182,45.0212319],[39.0498041,45.0211579],[39.0498351,45.0210997],[39.0498326,45.0210089],[39.0498194,45.0209635],[39.0497968,45.0209199]]}},{"type":"Feature","id":36906524,"properties":{"highway":"secondary","name":"улица Селезнёва"},"geometry":{"type":"LineString","coordinates":[[39.0496587,45.0212747],[39.0499494,45.0212038]]}},{"type":"Feature","id":36933239,"properties":{"highway":"service","name":null},"geometry":{"type":"LineString","coordinates":[[39.0478972,45.0228431],[39.0455022,45.0228496],[39.0451446,45.0228517],[39.045018,45.0228589],[39.044964,45.022862],[39.0448871,45.0228826],[39.0446518,45.0230045],[39.0444945,45.0231909],[39.0444667,45.0232192],[39.0444663,45.0232836],[39.0444605,45.0242786],[39.0444599,45.02438],[39.0444593,45.0246388],[39.044459,45.0248011],[39.0444241,45.0258508]]}},{"type":"Feature","id":37023135,"properties":{"highway":"service","name":null},"geometry":{"type":"LineString","coordinates":[[39.0272472,45.0219012],[39.0282475,45.0216913],[39.0287082,45.0215963]]}},{"type":"Feature","id":37023166,"properties":{"highway":"service","name":null},"geometry":{"type":"LineString","coordinates":[[39.0280775,45.0200632],[39.0276046,45.0201603],[39.0265957,45.0203675],[39.0260163,45.0204866],[39.0254649,45.0205998],[39.0248262,45.020731],[39.0242543,45.0208485],[39.0238223,45.0209367]]}},{"type":"Feature","id":37023167,"properties":{"highway":"service","name":null},"geometry":{"type":"LineString","coordinates":[[39.0283897,45.020822],[39.0279235,45.0209198],[39.0269161,45.0211312],[39.0263333,45.0212535],[39.0257902,45.0213675],[39.0251448,45.021503],[39.024579,45.0216217],[39.0241334,45.0217148]]}},{"type":"Feature","id":37023168,"properties":{"highway":"service","name":null},"geometry":{"type":"LineString","coordinates":[[39.0276046,45.0201603],[39.0279235,45.0209198],[39.0282475,45.0216913],[39.0285674,45.0224677]]}},{"type":"Feature","id":37023169,"properties":{"highway":"service","name":null},"geometry":{"type":"LineString","coordinates":[[39.0242543,45.0208485],[39.024579,45.0216217],[39.0249031,45.0223931],[39.0252177,45.0231781]]}},{"type":"Feature","id":37307713,"properties":{"highway":"service","name":null},"geometry":{"type":"LineString","coordinates":[[39.0444241,45.0258508],[39.0444197,45.026741],[39.0444182,45.0270386]]}},{"type":"Feature","id":37350758,"properties":{"highway":"residential","name":"Благодарная улица"},"geometry":{"type":"LineString","coordinates":[[39.0220359,45.0427842],[39.021108,45.0417231],[39.0202439,45.0406922],[39.0202025,45.0406391],[39.0200862,45.0404898],[39.0200246,45.0390107],[39.0200515,45.0389713]]}},{"type":"Feature","id":37350770,"properties":{"highway":"living_street","name":"улица Академика Пустовойта"},"geometry":{"type":"LineString","coordinates":[[39.0186766,45.037379],[39.0186832,45.0372846],[39.018642,45.0371908],[39.0186179,45.0370833],[39.0186008,45.0370016]]}},{"type":"Feature","id":37373287,"properties":{"highway":"secondary","name":null},"geometry":{"type":"LineString","coordinates":[[39.0224738,45.0332844],[39.0232003,45.0330512]]}},{"type":"Feature","id":37376876,"properties":{"highway":"service","name":null},"geometry":{"type":"LineString","coordinates":[[39.0535605,45.0226934],[39.0537171,45.0226385],[39.0537976,45.0226126],[39.0538917,45.0225978],[39.0539738,45.0226074],[39.0541929,45.0226368],[39.0542548,45.0226735],[39.0543498,45.0227386],[39.0543371,45.0227934]]}},{"type":"Feature","id":37385199,"properties":{"highway":"service","name":null},"geometry":{"type":"LineString","coordinates":[[39.0548964,45.0348175],[39.0575763,45.0351239],[39.057426,45.0358167],[39.0568651,45.0357519]]}},{"type":"Feature","id":37385486,"properties":{"highway":"service","name":null},"geometry":{"type":"LineString","coordinates":[[39.0401263,45.0361594],[39.0401915,45.0361019]]}},{"type":"Feature","id":37385608,"properties":{"highway":"service","name":null},"geometry":{"type":"LineString","coordinates":[[39.0218281,45.0260516],[39.0243713,45.0256776],[39.0243014,45.0253839],[39.0253833,45.0251472],[39.0255137,45.0251187]]}},{"type":"Feature","id":37410072,"properties":{"highway":"service","name":null},"geometry":{"type":"LineString","coordinates":[[39.0449822,45.0227161],[39.0449745,45.0227777],[39.044964,45.022862]]}},{"type":"Feature","id":37410080,"properties":{"highway":"service","name":null},"geometry":{"type":"LineString","coordinates":[[39.0448871,45.0228826],[39.0448143,45.0228228],[39.0447461,45.0227859]]}},{"type":"Feature","id":37410151,"properties":{"highway":"primary_link","name":null},"geometry":{"type":"LineString","coordinates":[[39.0479432,45.0219687],[39.0479073,45.0218792],[39.0479194,45.0218081],[39.0479642,45.0217574]]}},{"type":"Feature","id":37410315,"properties":{"highway":"tertiary","name":"улица Селезнёва"},"geometry":{"type":"LineString","coordinates":[[39.051612,45.021671],[39.0517342,45.0210736]]}},{"type":"Feature","id":37437883,"properties":{"highway":"residential","name":"проезд 5-я Линия поймы реки Кубань"},"geometry":{"type":"LineString","coordinates":[[39.0031585,45.0105421],[39.0035707,45.0102971],[39.00587,45.0095489],[39.0072089,45.0090932]]}},{"type":"Feature","id":37521725,"properties":{"highway":"service","name":null},"geometry":{"type":"LineString","coordinates":[[39.0488908,45.0188717],[39.0489484,45.0188566],[39.049247,45.0187783],[39.0500395,45.0185704]]}},{"type":"Feature","id":37522759,"properties":{"highway":"tertiary","name":"Новороссийская улица"},"geometry":{"type":"LineString","coordinates":[[38.9993636,45.0223035],[38.9997222,45.0224577],[39.0000184,45.0225822],[39.0004082,45.0227464],[39.0023015,45.0234962],[39.0029727,45.023762],[39.0045647,45.0243687],[39.0055522,45.0247472],[39.0066008,45.0251715]]}},{"type":"Feature","id":37767201,"properties":{"highway":"service","name":null},"geometry":{"type":"LineString","coordinates":[[39.0479001,45.0274897],[39.0453515,45.0274599],[39.0446116,45.0274512],[39.0445138,45.0274501]]}},{"type":"Feature","id":37767617,"properties":{"highway":"service","name":null},"geometry":{"type":"LineString","coordinates":[[39.0444241,45.0258508],[39.0437687,45.0258551],[39.0436202,45.0258557]]}},{"type":"Feature","id":37785745,"properties":{"highway":"primary","name":"Трамвайная улица"},"geometry":{"type":"LineString","coordinates":[[39.0549399,45.0128716],[39.0546708,45.0128121],[39.0544651,45.0127783],[39.0541098,45.0127531]]}},{"type":"Feature","id":37785746,"properties":{"highway":"primary","name":"Трамвайная улица"},"geometry":{"type":"LineString","coordinates":[[39.0557547,45.0128601],[39.055858,45.0128859],[39.0570405,45.0131756],[39.0573093,45.0132454],[39.0573511,45.0132552],[39.0574496,45.0132789],[39.0611891,45.0141785]]}},{"type":"Feature","id":37848659,"properties":{"highway":"footway","name":null},"geometry":{"type":"LineString","coordinates":[[39.0479156,45.0220648],[39.0483473,45.0221237],[39.0484972,45.0221433]]}},{"type":"Feature","id":37854052,"properties":{"highway":"residential","name":"улица Маяковского"},"geometry":{"type":"LineString","coordinates":[[39.0120376,45.0210469],[39.0120112,45.0211139],[39.011621,45.0219777],[39.0111241,45.0230893],[39.0109753,45.0235695],[39.0110031,45.0236958],[39.0108097,45.0243636]]}},{"type":"Feature","id":37854053,"properties":{"highway":"residential","name":"улица Маяковского"},"geometry":{"type":"LineString","coordinates":[[39.0095339,45.0229461],[39.0096441,45.0229553],[39.0104052,45.023025],[39.0111241,45.0230893]]}},{"type":"Feature","id":37854054,"properties":{"highway":"residential","name":"Озёрная улица"},"geometry":{"type":"LineString","coordinates":[[39.0104052,45.023025],[39.0106786,45.0218111]]}},{"type":"Feature","id":37854743,"properties":{"highway":"residential","name":"Карасунский проезд"},"geometry":{"type":"LineString","coordinates":[[39.027321,45.0271437],[39.0273838,45.0270675]]}},{"type":"Feature","id":37855868,"properties":{"highway":"footway","name":null},"geometry":{"type":"LineString","coordinates":[[39.0290049,45.0246298],[39.0286092,45.0234688],[39.0284833,45.0230643],[39.028788,45.022997],[39.0285674,45.0224677]]}},{"type":"Feature","id":38037107,"properties":{"highway":"service","name":null},"geometry":{"type":"LineString","coordinates":[[39.0402689,45.0112611],[39.0403789,45.0111912],[39.0408351,45.0109079],[39.041543,45.0114761],[39.0418629,45.0117367],[39.0424924,45.0122614],[39.043489,45.0130921],[39.0441168,45.0135217],[39.0444674,45.0138087],[39.0446102,45.0139089],[39.0453905,45.0145572],[39.0457168,45.0148315],[39.0453182,45.015042],[39.0451644,45.0151232],[39.0445516,45.0153401],[39.0441962,45.0154659],[39.0438623,45.0155472],[39.0433534,45.0156701],[39.0424708,45.0158832],[39.0423435,45.0159425],[39.0420858,45.0160034]]}},{"type":"Feature","id":38037110,"properties":{"highway":"service","name":null},"geometry":{"type":"LineString","coordinates":[[39.0418629,45.0117367],[39.0423169,45.0114735],[39.0424721,45.0113849]]}},{"type":"Feature","id":38037130,"properties":{"highway":"service","name":null},"geometry":{"type":"LineString","coordinates":[[39.0441316,45.0127587],[39.0440003,45.0128435],[39.043489,45.0130921],[39.0427451,45.0135798]]}},{"type":"Feature","id":38037148,"properties":{"highway":"footway","name":null},"geometry":{"type":"LineString","coordinates":[[39.0423581,45.0162172],[39.0420858,45.0160034],[39.0406092,45.0148345],[39.0401294,45.0144547],[39.0400212,45.014369],[39.0392296,45.0137424],[39.0384294,45.0131069],[39.0377374,45.0125572]]}},{"type":"Feature","id":38037162,"properties":{"highway":"footway","name":null},"geometry":{"type":"LineString","coordinates":[[39.037449,45.0126412],[39.037512,45.0126914],[39.0381481,45.0132774],[39.039748,45.0145372],[39.0418487,45.0161909],[39.0419863,45.0162992]]}},{"type":"Feature","id":38068249,"properties":{"highway":"service","name":null},"geometry":{"type":"LineString","coordinates":[[39.0291064,45.0193762],[39.0291511,45.019489],[39.0291597,45.0195123],[39.0292706,45.0197781],[39.0296058,45.0206179],[39.0294427,45.0208186]]}},{"type":"Feature","id":38068250,"properties":{"highway":"service","name":null},"geometry":{"type":"LineString","coordinates":[[39.0292706,45.0197781],[39.0293377,45.0197621],[39.0296487,45.0196984],[39.0300886,45.0196131],[39.0305534,45.0195158],[39.0306671,45.0194962]]}},{"type":"Feature","id":38068252,"properties":{"highway":"pedestrian","name":null},"geometry":{"type":"LineString","coordinates":[[39.0291376,45.0207555],[39.0290787,45.020871],[39.0290967,45.0209968]]}},{"type":"Feature","id":38068254,"properties":{"highway":"footway","name":null},"geometry":{"type":"LineString","coordinates":[[39.0290787,45.020871],[39.0284657,45.0210067]]}},{"type":"Feature","id":38068453,"properties":{"highway":"service","name":null},"geometry":{"type":"LineString","coordinates":[[39.0290426,45.0210077],[39.029408,45.0219334]]}},{"type":"Feature","id":38068455,"properties":{"highway":"service","name":null},"geometry":{"type":"LineString","coordinates":[[39.0296058,45.0206179],[39.0296696,45.0206045],[39.0297501,45.0205876],[39.0300018,45.0205347],[39.030083,45.0204729],[39.0304679,45.0203863],[39.0305828,45.0203612]]}},{"type":"Feature","id":38068457,"properties":{"highway":"service","name":null},"geometry":{"type":"LineString","coordinates":[[39.0304679,45.0203863],[39.030514,45.0205203]]}},{"type":"Feature","id":38068557,"properties":{"highway":"service","name":null},"geometry":{"type":"LineString","coordinates":[[39.031641,45.0201919],[39.0314319,45.0202358],[39.0311258,45.0203001]]}},{"type":"Feature","id":38070175,"properties":{"highway":"service","name":null},"geometry":{"type":"LineString","coordinates":[[39.0315469,45.0197273],[39.0316763,45.0200554]]}},{"type":"Feature","id":39487576,"properties":{"highway":"secondary","name":"Северная улица"},"geometry":{"type":"LineString","coordinates":[[39.0277258,45.0317546],[39.0275894,45.0319076],[39.0273826,45.0323207],[39.02728,45.0324565],[39.0271139,45.0325589],[39.0266547,45.0327085]]}},{"type":"Feature","id":39487577,"properties":{"highway":"secondary_link","name":"Северная улица"},"geometry":{"type":"LineString","coordinates":[[39.0266547,45.0327085],[39.0269983,45.0325463],[39.0271172,45.032491],[39.0271812,45.0324317],[39.0271953,45.0323253],[39.02714,45.0322436],[39.0270634,45.0321953],[39.0269478,45.0321746]]}},{"type":"Feature","id":40273827,"properties":{"highway":"service","name":null},"geometry":{"type":"LineString","coordinates":[[39.0358475,45.0183728],[39.0357295,45.0181017],[39.0356925,45.0180093]]}},{"type":"Feature","id":40273828,"properties":{"highway":"service","name":null},"geometry":{"type":"LineString","coordinates":[[39.0380373,45.0189158],[39.0376207,45.0190005],[39.037407,45.0190428],[39.0374765,45.0193589],[39.0374697,45.0194126],[39.0373897,45.0196173]]}},{"type":"Feature","id":40273829,"properties":{"highway":"service","name":null},"geometry":{"type":"LineString","coordinates":[[39.0356661,45.0188803],[39.035612,45.0188919],[39.0354029,45.0189377],[39.0352745,45.0189658],[39.0354757,45.0194254],[39.0350304,45.0195229],[39.0349137,45.0192563],[39.0346128,45.0193222],[39.0344481,45.0189448],[39.0346911,45.0188867]]}},{"type":"Feature","id":40273831,"properties":{"highway":"service","name":null},"geometry":{"type":"LineString","coordinates":[[39.0326801,45.0186501],[39.0326975,45.0187482],[39.0327271,45.0188449],[39.032719,45.0188771],[39.03266,45.018934],[39.0325862,45.0190156],[39.0325696,45.0191085],[39.0327625,45.0196226],[39.0328072,45.0197331],[39.0328714,45.0198023],[39.0329764,45.0199155],[39.0334324,45.0210458],[39.0335823,45.0211441],[39.0342781,45.0210377],[39.0346669,45.0207017],[39.0352588,45.0202407],[39.0356868,45.0198372],[39.0357771,45.0196997],[39.0359157,45.0195407]]}},{"type":"Feature","id":40273832,"properties":{"highway":"service","name":null},"geometry":{"type":"LineString","coordinates":[[39.037279,45.0186718],[39.0372138,45.0186714],[39.0370634,45.0186705],[39.0360916,45.0186648],[39.0360577,45.0186692],[39.0359736,45.01868]]}},{"type":"Feature","id":40273833,"properties":{"highway":"service","name":null},"geometry":{"type":"LineString","coordinates":[[39.0334324,45.0210458],[39.0334698,45.0211377],[39.033553,45.0213421],[39.0337073,45.0217212],[39.0351873,45.0214202]]}},{"type":"Feature","id":40273834,"properties":{"highway":"service","name":null},"geometry":{"type":"LineString","coordinates":[[39.0345969,45.0186519],[39.0338253,45.0188449],[39.0337045,45.0188739]]}},{"type":"Feature","id":40273837,"properties":{"highway":"service","name":null},"geometry":{"type":"LineString","coordinates":[[39.0349994,45.0190119],[39.0348792,45.0188501],[39.0346911,45.0188867]]}},{"type":"Feature","id":40273838,"properties":{"highway":"service","name":null},"geometry":{"type":"LineString","coordinates":[[39.0352745,45.0189658],[39.0349994,45.0190119]]}},{"type":"Feature","id":40619952,"properties":{"highway":"residential","name":null},"geometry":{"type":"LineString","coordinates":[[39.0029156,45.0356418],[39.0035174,45.0355439],[39.005013,45.035312],[39.0054895,45.0352446],[39.0056862,45.0352182],[39.0058235,45.0351998]]}},{"type":"Feature","id":40806073,"properties":{"highway":"tertiary","name":"улица Айвазовского"},"geometry":{"type":"LineString","coordinates":[[39.033006,45.0185684],[39.032968,45.0184847],[39.0329547,45.0184549],[39.0329508,45.0184434]]}},{"type":"Feature","id":40917356,"properties":{"highway":"secondary","name":"Северная улица"},"geometry":{"type":"LineString","coordinates":[[39.0264139,45.0327973],[39.0266547,45.0327085]]}},{"type":"Feature","id":40920349,"properties":{"highway":"service","name":null},"geometry":{"type":"LineString","coordinates":[[39.0245737,45.0324055],[39.024282,45.032453],[39.024006,45.0323595],[39.0239668,45.0321732]]}},{"type":"Feature","id":40920545,"properties":{"highway":"service","name":null},"geometry":{"type":"LineString","coordinates":[[39.0552897,45.0228988],[39.0552896,45.0227688],[39.0552923,45.0226516],[39.0553014,45.0202608]]}},{"type":"Feature","id":40920579,"properties":{"highway":"service","name":null},"geometry":{"type":"LineString","coordinates":[[39.0543498,45.0227386],[39.0543667,45.0226844],[39.0543993,45.0225708],[39.0549574,45.0226213],[39.0552923,45.0226516]]}},{"type":"Feature","id":40922127,"properties":{"highway":"service","name":null},"geometry":{"type":"LineString","coordinates":[[39.0569324,45.0298781],[39.0570482,45.0299072],[39.0574215,45.030001],[39.057453,45.0301202],[39.0572343,45.030166],[39.0570375,45.0302106],[39.0569309,45.0302347]]}},{"type":"Feature","id":40944790,"properties":{"highway":"secondary","name":"Северная улица"},"geometry":{"type":"LineString","coordinates":[[39.0265184,45.0316493],[39.0265984,45.0316607],[39.0267378,45.0316707],[39.0269775,45.0316916],[39.0272371,45.0317052]]}},{"type":"Feature","id":40944791,"properties":{"highway":"secondary","name":"Северная улица"},"geometry":{"type":"LineString","coordinates":[[39.026275,45.0317814],[39.0261279,45.0318637],[39.0257452,45.0320973],[39.0255439,45.0322201]]}},{"type":"Feature","id":41058771,"properties":{"highway":"service","name":null},"geometry":{"type":"LineString","coordinates":[[39.0374315,45.0198465],[39.0374007,45.0197496],[39.037376,45.0196833],[39.0373583,45.0196612]]}},{"type":"Feature","id":41058773,"properties":{"highway":"service","name":null},"geometry":{"type":"LineString","coordinates":[[39.0366584,45.0202377],[39.0352588,45.0202407]]}},{"type":"Feature","id":41058774,"properties":{"highway":"service","name":null},"geometry":{"type":"LineString","coordinates":[[39.0371416,45.0198287],[39.0356868,45.0198372]]}},{"type":"Feature","id":41058775,"properties":{"highway":"service","name":null},"geometry":{"type":"LineString","coordinates":[[39.0361464,45.0206888],[39.0346669,45.0207017]]}},{"type":"Feature","id":41058778,"properties":{"highway":"service","name":null},"geometry":{"type":"LineString","coordinates":[[39.0374315,45.0198465],[39.0361542,45.021051],[39.0353213,45.0213257]]}},{"type":"Feature","id":41058781,"properties":{"highway":"service","name":null},"geometry":{"type":"LineString","coordinates":[[39.0373897,45.0196173],[39.0373583,45.0196612],[39.0371416,45.0198287],[39.036884,45.0200265],[39.0366584,45.0202377],[39.0366023,45.0202902],[39.0361464,45.0206888],[39.0359443,45.0208656],[39.0358277,45.0209644],[39.0356646,45.0209974],[39.0353693,45.0210029],[39.0350201,45.0209846],[39.0342781,45.0210377]]}},{"type":"Feature","id":41063524,"properties":{"highway":"service","name":null},"geometry":{"type":"LineString","coordinates":[[39.0378501,45.0185206],[39.0379166,45.0186143],[39.0380373,45.0189158],[39.0381339,45.0191509],[39.0381995,45.0192855]]}},{"type":"Feature","id":41063528,"properties":{"highway":"service","name":null},"geometry":{"type":"LineString","coordinates":[[39.0350201,45.0209846],[39.0351005,45.0211945],[39.0351873,45.0214202],[39.0352177,45.0214833]]}},{"type":"Feature","id":41069777,"properties":{"highway":"primary","name":"Ставропольская улица"},"geometry":{"type":"LineString","coordinates":[[39.0285111,45.0195043],[39.0283488,45.0195398],[39.0278948,45.019637]]}},{"type":"Feature","id":41069781,"properties":{"highway":"tertiary","name":"улица Димитрова"},"geometry":{"type":"LineString","coordinates":[[39.0264781,45.0146926],[39.0265806,45.014941],[39.0270016,45.0159276],[39.0270462,45.0160387],[39.0271263,45.0162246],[39.0271864,45.0163622],[39.0274878,45.0170805],[39.0275052,45.0171229],[39.0279233,45.0181194],[39.0282967,45.0190006],[39.0284004,45.0192454],[39.0284418,45.0193439]]}},{"type":"Feature","id":41069782,"properties":{"highway":"tertiary","name":"улица Селезнёва"},"geometry":{"type":"LineString","coordinates":[[39.0259985,45.0273154],[39.0258971,45.0273326]]}},{"type":"Feature","id":41076072,"properties":{"highway":"tertiary","name":"Майкопская улица"},"geometry":{"type":"LineString","coordinates":[[39.0125951,45.0114113],[39.0126353,45.0114133],[39.0136307,45.0114842],[39.0147024,45.011558],[39.015779,45.0116294],[39.0168774,45.0117166],[39.0177339,45.0117737],[39.0185727,45.0118323]]}},{"type":"Feature","id":41193584,"properties":{"highway":"service","name":null},"geometry":{"type":"LineString","coordinates":[[39.0377338,45.0179399],[39.0377574,45.0179988],[39.0378939,45.0183704]]}},{"type":"Feature","id":41193585,"properties":{"highway":"service","name":null},"geometry":{"type":"LineString","coordinates":[[39.0379016,45.0177198],[39.038153,45.0182905]]}},{"type":"Feature","id":41193586,"properties":{"highway":"path","name":null},"geometry":{"type":"LineString","coordinates":[[39.0379166,45.0186143],[39.0382465,45.0185455],[39.0383344,45.018675],[39.0384122,45.0188494],[39.0384443,45.018912],[39.0384792,45.0189499],[39.0385766,45.0190894]]}},{"type":"Feature","id":41193587,"properties":{"highway":"service","name":null},"geometry":{"type":"LineString","coordinates":[[39.0400969,45.0189323],[39.0402931,45.0189036],[39.0404156,45.0190066],[39.0405059,45.0191678],[39.0405352,45.0193528]]}},{"type":"Feature","id":41193588,"properties":{"highway":"service","name":null},"geometry":{"type":"LineString","coordinates":[[39.0404683,45.0197112],[39.0401331,45.0198715],[39.0400969,45.0198928],[39.0400969,45.0199617],[39.0396215,45.0202044]]}},{"type":"Feature","id":41193589,"properties":{"highway":"footway","name":null},"geometry":{"type":"LineString","coordinates":[[39.0393276,45.0200875],[39.0393319,45.0200049],[39.039225,45.0199141],[39.0391208,45.0198255],[39.038953,45.019679],[39.0387934,45.0195495],[39.038668,45.0195073],[39.0384622,45.0194964]]}},{"type":"Feature","id":41193590,"properties":{"highway":"footway","name":null},"geometry":{"type":"LineString","coordinates":[[39.0393276,45.0200875],[39.0393682,45.0202073],[39.0393567,45.0204301],[39.0394631,45.0204329],[39.0395539,45.0204962]]}},{"type":"Feature","id":41193592,"properties":{"highway":"footway","name":null},"geometry":{"type":"LineString","coordinates":[[39.038896,45.0197118],[39.038953,45.019679]]}},{"type":"Feature","id":41193593,"properties":{"highway":"footway","name":null},"geometry":{"type":"LineString","coordinates":[[39.0390681,45.0198568],[39.0391208,45.0198255]]}},{"type":"Feature","id":41193594,"properties":{"highway":"footway","name":null},"geometry":{"type":"LineString","coordinates":[[39.0391708,45.0199476],[39.039225,45.0199141]]}},{"type":"Feature","id":41193595,"properties":{"highway":"service","name":null},"geometry":{"type":"LineString","coordinates":[[39.0383401,45.019386],[39.038682,45.0193628],[39.0390125,45.019644],[39.0393471,45.0194759],[39.0395269,45.0196586],[39.039682,45.0198162],[39.0399528,45.0196878],[39.0400082,45.0197449],[39.0401331,45.0198715]]}},{"type":"Feature","id":41193596,"properties":{"highway":"service","name":null},"geometry":{"type":"LineString","coordinates":[[39.0399528,45.0196878],[39.0398519,45.0195879],[39.0400729,45.0194758],[39.039716,45.0190874],[39.0399885,45.0189683],[39.0400969,45.0189323]]}},{"type":"Feature","id":41193597,"properties":{"highway":"service","name":null},"geometry":{"type":"LineString","coordinates":[[39.0400288,45.0188078],[39.039851,45.0188349],[39.0398001,45.018788],[39.0392795,45.0189106],[39.0391887,45.0188748]]}},{"type":"Feature","id":41193598,"properties":{"highway":"service","name":null},"geometry":{"type":"LineString","coordinates":[[39.0392795,45.0189106],[39.0394391,45.0191944],[39.0394751,45.0193768],[39.0395269,45.0196586]]}},{"type":"Feature","id":41193599,"properties":{"highway":"service","name":null},"geometry":{"type":"LineString","coordinates":[[39.0394391,45.0191944],[39.0390718,45.0192751],[39.038682,45.0193628]]}},{"type":"Feature","id":41193600,"properties":{"highway":"service","name":null},"geometry":{"type":"LineString","coordinates":[[39.038682,45.0193628],[39.0385766,45.0190894],[39.0386243,45.0190191],[39.0388476,45.0189578],[39.0387478,45.0187228],[39.040146,45.0184021]]}},{"type":"Feature","id":41193603,"properties":{"highway":"steps","name":null},"geometry":{"type":"LineString","coordinates":[[39.0384622,45.0194964],[39.0383863,45.0194284]]}},{"type":"Feature","id":41193604,"properties":{"highway":"footway","name":null},"geometry":{"type":"LineString","coordinates":[[39.0381995,45.0192855],[39.0382501,45.0193095],[39.0383401,45.019386]]}},{"type":"Feature","id":41193610,"properties":{"highway":"service","name":null},"geometry":{"type":"LineString","coordinates":[[39.0407658,45.0197541],[39.0404708,45.0199294]]}},{"type":"Feature","id":41193611,"properties":{"highway":"service","name":null},"geometry":{"type":"LineString","coordinates":[[39.0402931,45.0189036],[39.0403349,45.0188712]]}},{"type":"Feature","id":41193615,"properties":{"highway":"service","name":null},"geometry":{"type":"LineString","coordinates":[[39.0347994,45.0183984],[39.0349506,45.0187555]]}},{"type":"Feature","id":41193616,"properties":{"highway":"path","name":null},"geometry":{"type":"LineString","coordinates":[[39.0390241,45.0180792],[39.0391681,45.0183617]]}},{"type":"Feature","id":41193618,"properties":{"highway":"path","name":null},"geometry":{"type":"LineString","coordinates":[[39.0382465,45.0185455],[39.0391681,45.0183617]]}},{"type":"Feature","id":41193619,"properties":{"highway":"service","name":null},"geometry":{"type":"LineString","coordinates":[[39.0382964,45.0183213],[39.0381444,45.0183639]]}},{"type":"Feature","id":41193620,"properties":{"highway":"service","name":null},"geometry":{"type":"LineString","coordinates":[[39.0388736,45.0181901],[39.0388412,45.0181234]]}},{"type":"Feature","id":41193621,"properties":{"highway":"service","name":null},"geometry":{"type":"LineString","coordinates":[[39.0386797,45.0182342],[39.0386485,45.01817]]}},{"type":"Feature","id":41193622,"properties":{"highway":"service","name":null},"geometry":{"type":"LineString","coordinates":[[39.0384797,45.0182796],[39.0384472,45.0182187]]}},{"type":"Feature","id":41193623,"properties":{"highway":"service","name":null},"geometry":{"type":"LineString","coordinates":[[39.0382701,45.0182615],[39.0382964,45.0183213]]}},{"type":"Feature","id":41193624,"properties":{"highway":"service","name":null},"geometry":{"type":"LineString","coordinates":[[39.0399548,45.0178447],[39.0406225,45.0176548],[39.0413177,45.0175074],[39.0417766,45.0174327],[39.0420804,45.0173695],[39.0421151,45.0173227]]}},{"type":"Feature","id":41193625,"properties":{"highway":"service","name":null},"geometry":{"type":"LineString","coordinates":[[39.0382964,45.0183213],[39.0384797,45.0182796],[39.0386797,45.0182342],[39.0388736,45.0181901],[39.0390238,45.018156]]}},{"type":"Feature","id":41407095,"properties":{"highway":"primary","name":"Ставропольская улица"},"geometry":{"type":"LineString","coordinates":[[39.0326801,45.0186501],[39.0318001,45.0188403],[39.0291064,45.0193762]]}},{"type":"Feature","id":41407096,"properties":{"highway":"footway","name":null},"geometry":{"type":"LineString","coordinates":[[39.0327855,45.0198213],[39.033359,45.0211381],[39.0334477,45.021338],[39.033553,45.0213421]]}},{"type":"Feature","id":41407097,"properties":{"highway":"steps","name":null},"geometry":{"type":"LineString","coordinates":[[39.033359,45.0211381],[39.0334698,45.0211377]]}},{"type":"Feature","id":41407101,"properties":{"highway":"footway","name":null},"geometry":{"type":"LineString","coordinates":[[39.0333901,45.018592],[39.0334418,45.0186961]]}},{"type":"Feature","id":41407102,"properties":{"highway":"footway","name":null},"geometry":{"type":"LineString","coordinates":[[39.0336913,45.0186412],[39.0336491,45.0185413]]}},{"type":"Feature","id":41407103,"properties":{"highway":"footway","name":null},"geometry":{"type":"LineString","coordinates":[[39.0341319,45.0185466],[39.0340875,45.0184521]]}},{"type":"Feature","id":41407104,"properties":{"highway":"footway","name":null},"geometry":{"type":"LineString","coordinates":[[39.0343237,45.0185054],[39.0342891,45.0184105]]}},{"type":"Feature","id":41407106,"properties":{"highway":"footway","name":null},"geometry":{"type":"LineString","coordinates":[[39.0334418,45.0186961],[39.0333497,45.0187159],[39.0333083,45.0187248],[39.0332324,45.0187411],[39.0329604,45.0187956],[39.0329242,45.0186991]]}},{"type":"Feature","id":41407107,"properties":{"highway":"footway","name":null},"geometry":{"type":"LineString","coordinates":[[39.0332561,45.0186228],[39.0333083,45.0187248]]}},{"type":"Feature","id":41407108,"properties":{"highway":"footway","name":null},"geometry":{"type":"LineString","coordinates":[[39.0333497,45.0187159],[39.033459,45.0189346],[39.0335543,45.0191255],[39.0335801,45.0191773],[39.0336466,45.0191628],[39.0337182,45.0193309]]}},{"type":"Feature","id":41407109,"properties":{"highway":"footway","name":null},"geometry":{"type":"LineString","coordinates":[[39.0332324,45.0187411],[39.0333364,45.0189663],[39.0334154,45.0191265],[39.0334243,45.0191534],[39.0334572,45.0192134],[39.0334214,45.0192748],[39.0334713,45.0193982]]}},{"type":"Feature","id":41407110,"properties":{"highway":"footway","name":null},"geometry":{"type":"LineString","coordinates":[[39.0334243,45.0191534],[39.0335543,45.0191255]]}},{"type":"Feature","id":41407111,"properties":{"highway":"footway","name":null},"geometry":{"type":"LineString","coordinates":[[39.0333364,45.0189663],[39.033459,45.0189346],[39.0337045,45.0188739]]}},{"type":"Feature","id":41407112,"properties":{"highway":"service","name":null},"geometry":{"type":"LineString","coordinates":[[39.0327271,45.0188449],[39.0327726,45.0188373],[39.0329604,45.0187956]]}},{"type":"Feature","id":41407113,"properties":{"highway":"path","name":null},"geometry":{"type":"LineString","coordinates":[[39.0334154,45.0191265],[39.0333359,45.0192947],[39.0331877,45.0193657],[39.0330205,45.0194566],[39.032921,45.0195298],[39.0327625,45.0196226]]}},{"type":"Feature","id":41407125,"properties":{"highway":"service","name":null},"geometry":{"type":"LineString","coordinates":[[39.0346615,45.0188079],[39.0343898,45.018885]]}},{"type":"Feature","id":41407126,"properties":{"highway":"path","name":null},"geometry":{"type":"LineString","coordinates":[[39.0338253,45.0188449],[39.0339966,45.0189279],[39.0342715,45.0189573],[39.0344249,45.0189618],[39.0344481,45.0189448]]}},{"type":"Feature","id":41413796,"properties":{"highway":"service","name":null},"geometry":{"type":"LineString","coordinates":[[39.052001,45.019212],[39.0518229,45.0191607],[39.0517765,45.0191496],[39.050602,45.0188511],[39.0505146,45.0188289]]}},{"type":"Feature","id":41413797,"properties":{"highway":"footway","name":null},"geometry":{"type":"LineString","coordinates":[[39.049247,45.0187783],[39.0497564,45.0188239],[39.0497849,45.0188241],[39.0505146,45.0188289]]}},{"type":"Feature","id":41445056,"properties":{"highway":"primary","name":"Ставропольская улица"},"geometry":{"type":"LineString","coordinates":[[39.0097476,45.0207011],[39.0099582,45.0207208]]}},{"type":"Feature","id":41445057,"properties":{"highway":"primary","name":"Ставропольская улица"},"geometry":{"type":"LineString","coordinates":[[39.0099582,45.0207208],[39.0102104,45.0207455],[39.0111109,45.0208246],[39.0111542,45.0208285],[39.0112622,45.0208392],[39.0123141,45.0209322],[39.0134098,45.02103],[39.0134437,45.021033],[39.0141398,45.0210904]]}},{"type":"Feature","id":41445058,"properties":{"highway":"secondary","name":"улица Шевченко"},"geometry":{"type":"LineString","coordinates":[[39.0099582,45.0207208],[39.0099467,45.0207745],[39.0099398,45.0208068]]}},{"type":"Feature","id":41445059,"properties":{"highway":"secondary","name":"улица Шевченко"},"geometry":{"type":"LineString","coordinates":[[39.0099301,45.0208568],[39.0099198,45.0209131],[39.0098138,45.0214941]]}},{"type":"Feature","id":41445060,"properties":{"highway":"primary","name":"Ставропольская улица"},"geometry":{"type":"LineString","coordinates":[[39.0282788,45.0193786],[39.0284418,45.0193439]]}},{"type":"Feature","id":41445061,"properties":{"highway":"primary","name":"Ставропольская улица"},"geometry":{"type":"LineString","coordinates":[[39.0284418,45.0193439],[39.0286127,45.0193099]]}},{"type":"Feature","id":41445062,"properties":{"highway":"tertiary","name":"улица Димитрова"},"geometry":{"type":"LineString","coordinates":[[39.0284418,45.0193439],[39.0284683,45.0194076],[39.0284833,45.019441]]}},{"type":"Feature","id":41475125,"properties":{"highway":"primary","name":"Ставропольская улица"},"geometry":{"type":"LineString","coordinates":[[39.0042467,45.02017],[39.0044473,45.0201894],[39.0047774,45.0202214],[39.0059812,45.0203381],[39.0068396,45.0204198],[39.0074887,45.0204829],[39.0097476,45.0207011]]}},{"type":"Feature","id":41475297,"properties":{"highway":"primary","name":"Ставропольская улица"},"geometry":{"type":"LineString","coordinates":[[39.0168197,45.0213315],[39.0172807,45.0213708],[39.0175087,45.0213814],[39.017708,45.0213855]]}},{"type":"Feature","id":41475299,"properties":{"highway":"tertiary","name":"Таманская улица"},"geometry":{"type":"LineString","coordinates":[[39.0144356,45.021263],[39.0144423,45.0212091]]}},{"type":"Feature","id":41475300,"properties":{"highway":"tertiary","name":"Таманская улица"},"geometry":{"type":"LineString","coordinates":[[39.0144551,45.0211221],[39.0144745,45.0210082]]}},{"type":"Feature","id":41475798,"properties":{"highway":"footway","name":null},"geometry":{"type":"LineString","coordinates":[[39.0236377,45.0202259],[39.0236852,45.0203459],[39.0237108,45.0204131],[39.0237238,45.020444],[39.0237504,45.0205063],[39.0238018,45.0206372]]}},{"type":"Feature","id":41475960,"properties":{"highway":"footway","name":null},"geometry":{"type":"LineString","coordinates":[[39.0329242,45.0186991],[39.0328891,45.0185975],[39.0328435,45.0185124],[39.0328316,45.0184822],[39.0328027,45.0184189],[39.0327561,45.0183109]]}},{"type":"Feature","id":41475961,"properties":{"highway":"primary","name":"Ставропольская улица"},"geometry":{"type":"LineString","coordinates":[[39.0328027,45.0184189],[39.0329279,45.0183914]]}},{"type":"Feature","id":41475964,"properties":{"highway":"primary","name":"Ставропольская улица"},"geometry":{"type":"LineString","coordinates":[[39.0329279,45.0183914],[39.0330564,45.0183621],[39.0342821,45.0181052],[39.0354344,45.017863],[39.0362152,45.0176945],[39.0366375,45.0176034],[39.0370506,45.0175155],[39.0371518,45.0174941],[39.0375408,45.0174133],[39.0391546,45.0170653],[39.0402315,45.0168321],[39.041338,45.0165981],[39.0415777,45.0165443]]}},{"type":"Feature","id":41476034,"properties":{"highway":"tertiary","name":"улица Ковтюха"},"geometry":{"type":"LineString","coordinates":[[39.0108784,45.0148081],[39.0096009,45.0147486]]}},{"type":"Feature","id":41476036,"properties":{"highway":"tertiary","name":"улица Ковтюха"},"geometry":{"type":"LineString","coordinates":[[39.0270016,45.0159276],[39.0267093,45.0159132],[39.0249714,45.0157983],[39.0241437,45.0157372],[39.023254,45.0156685],[39.0215255,45.0155543],[39.0207169,45.0154957],[39.0198274,45.0154352],[39.0181352,45.0153054],[39.0170358,45.0152382],[39.0164055,45.0152055],[39.0153124,45.0151232],[39.0142634,45.015051],[39.0131718,45.0149725],[39.0121401,45.0148977],[39.0120877,45.0148948],[39.0120525,45.0148927],[39.0118181,45.0148768]]}},{"type":"Feature","id":41476037,"properties":{"highway":"tertiary","name":"улица Шевченко"},"geometry":{"type":"LineString","coordinates":[[39.0108784,45.0148081],[39.010697,45.0160011]]}},{"type":"Feature","id":41476042,"properties":{"highway":"tertiary","name":"улица Шевченко"},"geometry":{"type":"LineString","coordinates":[[39.0103903,45.0178891],[39.0102648,45.01881],[39.0101333,45.0196097],[39.0100922,45.0198387],[39.0100658,45.020013],[39.0100615,45.0200293],[39.0100554,45.0200814],[39.01001,45.0203808],[39.0100048,45.020415],[39.0099784,45.0205963],[39.0099582,45.0207208]]}},{"type":"Feature","id":41495720,"properties":{"highway":"service","name":null},"geometry":{"type":"LineString","coordinates":[[39.0331657,45.0174959],[39.0330724,45.0172846],[39.0330101,45.0171435]]}},{"type":"Feature","id":41495721,"properties":{"highway":"service","name":null},"geometry":{"type":"LineString","coordinates":[[39.0330724,45.0172846],[39.033042,45.0172969]]}},{"type":"Feature","id":41495726,"properties":{"highway":"service","name":null},"geometry":{"type":"LineString","coordinates":[[39.033042,45.0172969],[39.0325254,45.017435]]}},{"type":"Feature","id":41500574,"properties":{"highway":"tertiary","name":"Адыгейская набережная"},"geometry":{"type":"LineString","coordinates":[[38.9999505,45.0150527],[39.0000665,45.0150205],[39.0007579,45.0148296],[39.0028627,45.0141955],[39.003035,45.0141436],[39.0031044,45.0141222],[39.0052428,45.0134412],[39.0059107,45.0132257],[39.006004,45.0131939],[39.0066894,45.0129548],[39.0071671,45.0127986],[39.0073084,45.0127347],[39.0073699,45.0127068],[39.0075515,45.0125935],[39.0095197,45.0113392],[39.0096366,45.0112861],[39.0097499,45.0112437],[39.009902,45.0112101],[39.0101274,45.0112064]]}},{"type":"Feature","id":41573640,"properties":{"highway":"service","name":null},"geometry":{"type":"LineString","coordinates":[[39.0366375,45.0176034],[39.0365865,45.0174785],[39.0364764,45.0172017],[39.0362037,45.0165378],[39.0361652,45.0164488]]}},{"type":"Feature","id":41573641,"properties":{"highway":"service","name":null},"geometry":{"type":"LineString","coordinates":[[39.0364764,45.0172017],[39.0352674,45.01745]]}},{"type":"Feature","id":41589136,"properties":{"highway":"footway","name":null},"geometry":{"type":"LineString","coordinates":[[39.0500208,45.0172425],[39.0497749,45.0169355],[39.0491685,45.0161785],[39.0493223,45.0160775],[39.0501025,45.0157533],[39.050441,45.0156142],[39.0510915,45.0150168],[39.0517401,45.0143599],[39.0519414,45.0141207],[39.0521607,45.0140565],[39.0527529,45.0139533],[39.0531157,45.0139956],[39.0532404,45.0141095],[39.0532488,45.0142082],[39.0525176,45.0149787],[39.0513765,45.0161642],[39.0508038,45.0167875],[39.0505576,45.0169535],[39.0500208,45.0172425],[39.0498539,45.0173339],[39.0484553,45.0176819]]}},{"type":"Feature","id":41642557,"properties":{"highway":"footway","name":null},"geometry":{"type":"LineString","coordinates":[[39.03301,45.0182563],[39.0330564,45.0183621],[39.0330853,45.0184266],[39.0330975,45.0184559],[39.0331362,45.0185369],[39.0331783,45.0186406]]}},{"type":"Feature","id":41642558,"properties":{"highway":"footway","name":null},"geometry":{"type":"LineString","coordinates":[[39.0371035,45.0173691],[39.0371518,45.0174941],[39.037177,45.0175629],[39.0371886,45.0175934],[39.0372222,45.01767],[39.0372628,45.0177816]]}},{"type":"Feature","id":41642560,"properties":{"highway":"footway","name":null},"geometry":{"type":"LineString","coordinates":[[39.0376474,45.0176977],[39.037603,45.0175783],[39.0375779,45.0175078],[39.0375408,45.0174133],[39.0374941,45.0172856]]}},{"type":"Feature","id":41642568,"properties":{"highway":"service","name":null},"geometry":{"type":"LineString","coordinates":[[39.0436113,45.0271088],[39.043754,45.0271225],[39.0439737,45.0271383],[39.0439653,45.0277205],[39.043763,45.0277632],[39.0436051,45.0277916]]}},{"type":"Feature","id":41642571,"properties":{"highway":"service","name":null},"geometry":{"type":"LineString","coordinates":[[39.043613,45.0269286],[39.0437556,45.0269237],[39.0441326,45.0269094],[39.0442467,45.0267719],[39.0444197,45.026741]]}},{"type":"Feature","id":41790000,"properties":{"highway":"primary","name":"Ставропольская улица"},"geometry":{"type":"LineString","coordinates":[[39.0099301,45.0208568],[39.0097223,45.0208362]]}},{"type":"Feature","id":41790001,"properties":{"highway":"primary","name":"Ставропольская улица"},"geometry":{"type":"LineString","coordinates":[[39.0097223,45.0208362],[39.0093055,45.020796],[39.0068408,45.0205584],[39.0053165,45.0204153],[39.0049646,45.0203823],[39.0044205,45.0203312]]}},{"type":"Feature","id":42436090,"properties":{"highway":"footway","name":null},"geometry":{"type":"LineString","coordinates":[[39.0464136,45.015048],[39.0467245,45.0148956],[39.0470444,45.0147591]]}},{"type":"Feature","id":42436091,"properties":{"highway":"footway","name":null},"geometry":{"type":"LineString","coordinates":[[39.0467726,45.0156031],[39.047228,45.0154583],[39.0475902,45.0153189]]}},{"type":"Feature","id":42436092,"properties":{"highway":"footway","name":null},"geometry":{"type":"LineString","coordinates":[[39.0467245,45.0148956],[39.0469047,45.0150963],[39.0470231,45.0152245],[39.047228,45.0154583]]}},{"type":"Feature","id":42436093,"properties":{"highway":"steps","name":null},"geometry":{"type":"LineString","coordinates":[[39.0475902,45.0153189],[39.047541,45.0154199]]}},{"type":"Feature","id":42436094,"properties":{"highway":"steps","name":null},"geometry":{"type":"LineString","coordinates":[[39.0467726,45.0156031],[39.0469318,45.015625]]}},{"type":"Feature","id":42436096,"properties":{"highway":"steps","name":null},"geometry":{"type":"LineString","coordinates":[[39.0470444,45.0147591],[39.0472187,45.0147754]]}},{"type":"Feature","id":42436097,"properties":{"highway":"steps","name":null},"geometry":{"type":"LineString","coordinates":[[39.0464136,45.015048],[39.0463795,45.0151403]]}},{"type":"Feature","id":42436098,"properties":{"highway":"steps","name":null},"geometry":{"type":"LineString","coordinates":[[39.0470231,45.0152245],[39.0471626,45.0151635]]}},{"type":"Feature","id":42436099,"properties":{"highway":"steps","name":null},"geometry":{"type":"LineString","coordinates":[[39.0469047,45.0150963],[39.0467664,45.0151582]]}},{"type":"Feature","id":42436165,"properties":{"highway":"footway","name":null},"geometry":{"type":"LineString","coordinates":[[39.047541,45.0154199],[39.0475304,45.0154959],[39.0475266,45.0156099],[39.0477294,45.0160961],[39.0479823,45.0166366],[39.0480255,45.0166552],[39.048388,45.0174494],[39.0484054,45.0175683],[39.0484553,45.0176819],[39.0484476,45.0177947],[39.0489484,45.0188566],[39.0489948,45.0189733],[39.0499347,45.0208004],[39.0501143,45.0209641],[39.0501597,45.0209458],[39.0505462,45.0208006],[39.0506373,45.0207582],[39.0508036,45.0206809],[39.0510462,45.0204328],[39.0514628,45.0197825],[39.051489,45.0197416],[39.0516993,45.0193694],[39.0518229,45.0191607],[39.0521093,45.0186829]]}},{"type":"Feature","id":42436166,"properties":{"highway":"footway","name":null},"geometry":{"type":"LineString","coordinates":[[39.0472187,45.0147754],[39.0473267,45.0147604],[39.0474868,45.0147372],[39.0482239,45.0144281],[39.0508854,45.0132646],[39.051059,45.0132011],[39.0512122,45.0131451],[39.0514496,45.0130583],[39.0518709,45.0129128],[39.0520662,45.0128618],[39.0531928,45.0125674],[39.0532404,45.0125579],[39.0534886,45.0125083],[39.0536361,45.0124795],[39.0537913,45.0124286],[39.0538768,45.0124366],[39.0541264,45.0124482],[39.0543398,45.0124388],[39.0544334,45.0124357],[39.0545586,45.012475],[39.0550146,45.0125976],[39.0559686,45.0128314],[39.0570787,45.0131005],[39.0573896,45.0131796],[39.0584818,45.0134221],[39.0600929,45.0138254],[39.061676,45.0142098],[39.0619737,45.014198],[39.0622149,45.014153],[39.0624634,45.0140554],[39.0625942,45.0139629]]}},{"type":"Feature","id":42436195,"properties":{"highway":"steps","name":null},"geometry":{"type":"LineString","coordinates":[[39.0467726,45.0156031],[39.0466208,45.0155822]]}},{"type":"Feature","id":42436196,"properties":{"highway":"footway","name":null},"geometry":{"type":"LineString","coordinates":[[39.0466208,45.0155822],[39.0465406,45.0155988],[39.0463407,45.0156119],[39.0458483,45.0158064],[39.0454445,45.0159333],[39.0453485,45.0159643],[39.0443514,45.0161807],[39.0427857,45.0165205],[39.0425574,45.01657],[39.0425135,45.0165788],[39.042363,45.016609],[39.0422393,45.0166444],[39.0421902,45.0166585],[39.042013,45.0167092],[39.0419653,45.0167228],[39.0417837,45.0167748],[39.0416647,45.0168026],[39.0376474,45.0176977],[39.0372628,45.0177816],[39.0371205,45.0178126],[39.0370488,45.0178269],[39.0369467,45.0178482],[39.0357295,45.0181017],[39.0344813,45.0183692],[39.0342891,45.0184105],[39.0340875,45.0184521],[39.0336491,45.0185413],[39.0333901,45.018592]]}},{"type":"Feature","id":42436197,"properties":{"highway":"footway","name":null},"geometry":{"type":"LineString","coordinates":[[39.0463795,45.0151403],[39.0463268,45.0151992],[39.0458097,45.0154312],[39.0456088,45.0155104],[39.0449137,45.0156668],[39.0438996,45.015897],[39.0435078,45.0159822],[39.0423943,45.0162098],[39.0423581,45.0162172],[39.0421308,45.0162583],[39.0420621,45.0162777],[39.0420309,45.0162866],[39.0419863,45.0162992],[39.0415261,45.0164111]]}},{"type":"Feature","id":42708144,"properties":{"highway":"primary","name":"Ставропольская улица"},"geometry":{"type":"LineString","coordinates":[[39.0541098,45.0127531],[39.053867,45.0127602],[39.0536174,45.0127793],[39.0530988,45.0128842],[39.0524545,45.0130517]]}},{"type":"Feature","id":42708145,"properties":{"highway":"primary","name":"Трамвайная улица"},"geometry":{"type":"LineString","coordinates":[[39.0541685,45.0125422],[39.0545079,45.012574]]}},{"type":"Feature","id":42860271,"properties":{"highway":"secondary","name":"улица Селезнёва"},"geometry":{"type":"LineString","coordinates":[[39.0282045,45.0272846],[39.0280693,45.0272294],[39.0278998,45.0271726]]}},{"type":"Feature","id":42979792,"properties":{"highway":"secondary","name":"улица Филатова"},"geometry":{"type":"LineString","coordinates":[[39.0154595,45.0353656],[39.0148598,45.0354915],[39.0139981,45.0356689],[39.0137209,45.0357237],[39.0131828,45.0358327],[39.0124997,45.0359711]]}},{"type":"Feature","id":42979793,"properties":{"highway":"primary","name":"Северная улица"},"geometry":{"type":"LineString","coordinates":[[39.0163985,45.0344467],[39.0159023,45.0344154],[39.0150908,45.0343583],[39.0145408,45.0343244],[39.014262,45.0343244],[39.0138812,45.0343325],[39.0130581,45.0343964]]}},{"type":"Feature","id":42979794,"properties":{"highway":"primary","name":"Северная улица"},"geometry":{"type":"LineString","coordinates":[[39.0179917,45.0345582],[39.0175364,45.0345428]]}},{"type":"Feature","id":42979795,"properties":{"highway":"primary","name":"Северная улица"},"geometry":{"type":"LineString","coordinates":[[39.0173533,45.0345362],[39.0172631,45.0345283],[39.0163985,45.0344467]]}},{"type":"Feature","id":43281010,"properties":{"highway":"service","name":null},"geometry":{"type":"LineString","coordinates":[[39.0312067,45.0265201],[39.031191,45.0264332],[39.031081,45.0260464],[39.0317122,45.0259828],[39.0326966,45.0258343]]}},{"type":"Feature","id":43281011,"properties":{"highway":"service","name":null},"geometry":{"type":"LineString","coordinates":[[39.0400757,45.0236252],[39.0402214,45.0238509],[39.0401797,45.023917],[39.0402663,45.0240511]]}},{"type":"Feature","id":43281013,"properties":{"highway":"service","name":null},"geometry":{"type":"LineString","coordinates":[[39.0414961,45.0231896],[39.0416909,45.0234845],[39.0417578,45.0235846]]}},{"type":"Feature","id":43281014,"properties":{"highway":"service","name":null},"geometry":{"type":"LineString","coordinates":[[39.0403025,45.0235587],[39.0403665,45.0233261],[39.0390333,45.0230153],[39.0389372,45.0232196],[39.0390234,45.0232507],[39.0403025,45.0235587]]}},{"type":"Feature","id":43281016,"properties":{"highway":"service","name":null},"geometry":{"type":"LineString","coordinates":[[39.0429054,45.0218082],[39.0428337,45.0218595],[39.0427679,45.0218738]]}},{"type":"Feature","id":43281212,"properties":{"highway":"service","name":null},"geometry":{"type":"LineString","coordinates":[[39.033042,45.0172969],[39.0328895,45.0169451],[39.03277,45.0166695]]}},{"type":"Feature","id":43282279,"properties":{"highway":"service","name":null},"geometry":{"type":"LineString","coordinates":[[39.0176088,45.021897],[39.0185901,45.0219242],[39.0188097,45.0218256],[39.0187533,45.0216294],[39.0187022,45.0214845]]}},{"type":"Feature","id":43282280,"properties":{"highway":"service","name":null},"geometry":{"type":"LineString","coordinates":[[39.0185901,45.0219242],[39.0187911,45.0226688],[39.0188064,45.0227254],[39.0189474,45.0232346]]}},{"type":"Feature","id":43316827,"properties":{"highway":"residential","name":"Обрывная улица"},"geometry":{"type":"LineString","coordinates":[[39.0249478,45.0001423],[39.0248836,45.0000895],[39.0245119,44.9997491],[39.0244947,44.9997058],[39.0246349,44.9994835],[39.0247794,44.9993472]]}},{"type":"Feature","id":43914852,"properties":{"highway":"secondary","name":"Школьная улица"},"geometry":{"type":"LineString","coordinates":[[39.0273547,45.0391971],[39.0272175,45.0390558],[39.0270265,45.038859]]}},{"type":"Feature","id":43914853,"properties":{"highway":"secondary","name":"Школьная улица"},"geometry":{"type":"LineString","coordinates":[[39.017379,45.0349055],[39.0173533,45.0345362]]}},{"type":"Feature","id":44066509,"properties":{"highway":"secondary","name":"улица Селезнёва"},"geometry":{"type":"LineString","coordinates":[[39.0268255,45.0272098],[39.0261511,45.0272939],[39.0259985,45.0273154]]}},{"type":"Feature","id":44066513,"properties":{"highway":"residential","name":"улица Глинки"},"geometry":{"type":"LineString","coordinates":[[39.028314,45.0293797],[39.0284113,45.0293906],[39.0293586,45.0294971],[39.0303572,45.0295844],[39.0315293,45.0296972],[39.0346667,45.030005],[39.0356347,45.030101],[39.0360073,45.030138],[39.0375249,45.0302885],[39.039295,45.030487],[39.0395635,45.030515]]}},{"type":"Feature","id":44066514,"properties":{"highway":"residential","name":"улица Глинки"},"geometry":{"type":"LineString","coordinates":[[39.0266367,45.0291548],[39.0275931,45.0292191],[39.0281563,45.0292413],[39.028229,45.0292442]]}},{"type":"Feature","id":44353099,"properties":{"highway":"tertiary","name":"Майкопская улица"},"geometry":{"type":"LineString","coordinates":[[39.0120795,45.0113642],[39.0125041,45.0114037],[39.0125632,45.0114087],[39.0125951,45.0114113]]}},{"type":"Feature","id":44606433,"properties":{"highway":"footway","name":null},"geometry":{"type":"LineString","coordinates":[[39.0469318,45.015625],[39.0470737,45.0156773],[39.0471897,45.0159329],[39.0473832,45.0163438],[39.0475804,45.0167327],[39.0477497,45.0170955],[39.0480106,45.0176689],[39.0481602,45.0179894],[39.0483371,45.0183456],[39.0486689,45.0190428],[39.0487272,45.0191748],[39.0494706,45.0204873],[39.0497258,45.0209576],[39.0497552,45.0211202],[39.0495504,45.021172],[39.0475529,45.0217352],[39.0455493,45.02233],[39.0442836,45.0227077],[39.0440753,45.0228189],[39.0436321,45.022958],[39.0433085,45.02305],[39.0432744,45.0230512],[39.0432293,45.023053],[39.043196,45.0230542],[39.0431475,45.0230685]]}},{"type":"Feature","id":44606434,"properties":{"highway":"service","name":null},"geometry":{"type":"LineString","coordinates":[[39.0462529,45.0194205],[39.0462292,45.0193639],[39.0461999,45.0193055],[39.0461112,45.0191287],[39.0457478,45.0187898],[39.0452021,45.0193105],[39.0448629,45.0190736],[39.0455242,45.0185194],[39.0458243,45.0187076],[39.0457478,45.0187898]]}},{"type":"Feature","id":44606435,"properties":{"highway":"footway","name":null},"geometry":{"type":"LineString","coordinates":[[39.0486689,45.0190428],[39.0488308,45.0190083],[39.0489427,45.0189844],[39.0489948,45.0189733]]}},{"type":"Feature","id":44775455,"properties":{"highway":"service","name":null},"geometry":{"type":"LineString","coordinates":[[39.0358475,45.0183728],[39.0358567,45.0183952],[39.0359736,45.01868],[39.0361156,45.0190787],[39.0361614,45.0190792],[39.0363344,45.019081],[39.0372597,45.0190902],[39.0373106,45.0190868],[39.0373399,45.0190787],[39.037407,45.0190428],[39.037279,45.0186718],[39.0372634,45.0186251],[39.0370752,45.0181131],[39.0370488,45.0178269],[39.0370227,45.0177172]]}},{"type":"Feature","id":44775457,"properties":{"highway":"service","name":null},"geometry":{"type":"LineString","coordinates":[[39.0350166,45.0185446],[39.0350874,45.018712]]}},{"type":"Feature","id":45013421,"properties":{"highway":"steps","name":null},"geometry":{"type":"LineString","coordinates":[[39.0525176,45.0149787],[39.0529108,45.0151507]]}},{"type":"Feature","id":45013423,"properties":{"highway":"service","name":null},"geometry":{"type":"LineString","coordinates":[[39.0540334,45.0150114],[39.0539233,45.0149748],[39.0534354,45.0148165]]}},{"type":"Feature","id":45013424,"properties":{"highway":"service","name":null},"geometry":{"type":"LineString","coordinates":[[39.0536581,45.0153982],[39.0529108,45.0151507]]}},{"type":"Feature","id":45014907,"properties":{"highway":"secondary","name":"улица Шевченко"},"geometry":{"type":"LineString","coordinates":[[39.0099398,45.0208068],[39.0099301,45.0208568]]}},{"type":"Feature","id":45357406,"properties":{"highway":"primary","name":"Ставропольская улица"},"geometry":{"type":"LineString","coordinates":[[39.0101873,45.0208792],[39.0099301,45.0208568]]}},{"type":"Feature","id":45767310,"properties":{"highway":"service","name":null},"geometry":{"type":"LineString","coordinates":[[39.0512824,45.0135123],[39.051218,45.013464]]}},{"type":"Feature","id":46821280,"properties":{"highway":"residential","name":"Лесная улица"},"geometry":{"type":"LineString","coordinates":[[39.0119749,45.0160515],[39.0130095,45.0161164],[39.0140869,45.0161903],[39.0151506,45.0162645],[39.0163039,45.016353],[39.0171432,45.0164102],[39.0179679,45.0164546],[39.018821,45.0165212],[39.0196759,45.016578],[39.0213798,45.0166976],[39.022246,45.016758],[39.0231241,45.0168207],[39.0248409,45.0169348],[39.0257005,45.0169945],[39.02573,45.0169965],[39.0265994,45.0170527],[39.02706,45.0170864],[39.0275052,45.0171229]]}},{"type":"Feature","id":46831572,"properties":{"highway":"primary","name":"Ставропольская улица"},"geometry":{"type":"LineString","coordinates":[[39.051218,45.013464],[39.0511584,45.0133801]]}},{"type":"Feature","id":46869601,"properties":{"highway":"service","name":null},"geometry":{"type":"LineString","coordinates":[[39.0559146,45.0045961],[39.0557148,45.0045905],[39.0553701,45.0045802],[39.0552474,45.0045712],[39.0548187,45.0042965]]}},{"type":"Feature","id":46869602,"properties":{"highway":"footway","name":null},"geometry":{"type":"LineString","coordinates":[[39.0542009,45.003396],[39.0538523,45.0030387]]}},{"type":"Feature","id":46875277,"properties":{"highway":"footway","name":"Лесная улица"},"geometry":{"type":"LineString","coordinates":[[39.011847,45.0160489],[39.0118872,45.0160493],[39.0119254,45.0160505],[39.0119749,45.0160515]]}},{"type":"Feature","id":47199058,"properties":{"highway":"track","name":null},"geometry":{"type":"LineString","coordinates":[[39.056039,45.0027349],[39.056101,45.0023475],[39.0560798,45.0022595],[39.056036,45.0021763],[39.0559756,45.0020617],[39.0559441,45.002023],[39.0559135,45.0019983],[39.055843,45.001946],[39.0557756,45.0018997],[39.0556334,45.0017812],[39.0555625,45.0016743],[39.0555007,45.0014538],[39.0553021,45.0012445],[39.0547281,45.0007646],[39.0543392,45.0004536],[39.0537116,44.9999257],[39.0535158,44.9997443],[39.052871,44.9992526],[39.0526703,44.9991468],[39.0524511,44.9990312],[39.0522066,44.9989371],[39.0518609,44.9988073],[39.0516272,44.9986971],[39.0512299,44.9984611],[39.0509945,44.9983218],[39.0507592,44.9981189],[39.0506592,44.998024],[39.0505251,44.997914],[39.0504286,44.997823],[39.0500146,44.9974086],[39.049603,44.9969907],[39.0495221,44.9969117],[39.0489397,44.9963427],[39.048819,44.9961974],[39.0486558,44.9960048],[39.0486154,44.9958746],[39.0484117,44.9955973],[39.0482207,44.9953387],[39.0481897,44.9952082]]}},{"type":"Feature","id":47199061,"properties":{"highway":"path","name":null},"geometry":{"type":"LineString","coordinates":[[39.0555625,45.0016743],[39.0554571,45.0017503],[39.0554389,45.0017878],[39.0554363,45.0018646],[39.0554078,45.0019423],[39.0552002,45.0021036],[39.0549807,45.0022553],[39.0547,45.0025588],[39.0543425,45.0027691],[39.0540566,45.0028417],[39.0538972,45.0029404],[39.0538018,45.0029889],[39.0537103,45.0030526],[39.0535094,45.0031535],[39.0532526,45.0032991],[39.052868,45.0034975],[39.0527191,45.003819],[39.052703,45.0039877],[39.0526915,45.0041112],[39.0525558,45.0042012],[39.052556,45.0043005],[39.0525944,45.0043919],[39.0525254,45.004523],[39.0523637,45.0046816],[39.0521975,45.0046794],[39.0520828,45.0046255]]}},{"type":"Feature","id":47997648,"properties":{"highway":"residential","name":"Кузнечная улица"},"geometry":{"type":"LineString","coordinates":[[39.0049691,45.0323061],[39.005078,45.0322879],[39.0058531,45.0321581],[39.0068719,45.0319965]]}},{"type":"Feature","id":48001528,"properties":{"highway":"secondary","name":"Старокубанская улица"},"geometry":{"type":"LineString","coordinates":[[39.0499872,45.0217168],[39.0500276,45.0218764]]}},{"type":"Feature","id":48001533,"properties":{"highway":"primary","name":"Ставропольская улица"},"geometry":{"type":"LineString","coordinates":[[39.0467572,45.0154742],[39.0467204,45.0154622],[39.0466958,45.0154529],[39.0466142,45.0154115]]}},{"type":"Feature","id":48001536,"properties":{"highway":"primary","name":"улица Селезнёва"},"geometry":{"type":"LineString","coordinates":[[39.0472448,45.0219736],[39.0476219,45.0218505],[39.0479642,45.0217574]]}},{"type":"Feature","id":48001538,"properties":{"highway":"primary","name":"Северная улица"},"geometry":{"type":"LineString","coordinates":[[39.0276472,45.0316603],[39.0277562,45.0315908],[39.0278775,45.0314729]]}},{"type":"Feature","id":48001539,"properties":{"highway":"primary","name":null},"geometry":{"type":"LineString","coordinates":[[39.0282479,45.0273183],[39.0282045,45.0272846]]}},{"type":"Feature","id":48001540,"properties":{"highway":"primary","name":"улица Селезнёва"},"geometry":{"type":"LineString","coordinates":[[39.0284524,45.0269889],[39.0285762,45.026972]]}},{"type":"Feature","id":48001541,"properties":{"highway":"primary","name":null},"geometry":{"type":"LineString","coordinates":[[39.0285762,45.026972],[39.0286352,45.0269725],[39.0286994,45.0269851],[39.0287654,45.027007],[39.0288144,45.0270263],[39.0288418,45.0270466],[39.0288742,45.0270951],[39.0288823,45.0271446],[39.0288711,45.0271923]]}},{"type":"Feature","id":48001542,"properties":{"highway":"primary","name":"улица Селезнёва"},"geometry":{"type":"LineString","coordinates":[[39.0382588,45.0247328],[39.0382015,45.02475],[39.035576,45.0255145]]}},{"type":"Feature","id":48122302,"properties":{"highway":"primary","name":"Северная улица"},"geometry":{"type":"LineString","coordinates":[[39.0175402,45.0343795],[39.0181818,45.0343773],[39.0184748,45.0343661],[39.0190237,45.0343451],[39.019722,45.0342574]]}},{"type":"Feature","id":50335230,"properties":{"highway":"service","name":null},"geometry":{"type":"LineString","coordinates":[[39.038045,45.0235148],[39.0394221,45.0238337]]}},{"type":"Feature","id":50538735,"properties":{"highway":"service","name":null},"geometry":{"type":"LineString","coordinates":[[39.036139,45.0345359],[39.0362703,45.0338051],[39.0354898,45.0337343],[39.0353632,45.0344622]]}},{"type":"Feature","id":50539014,"properties":{"highway":"pedestrian","name":null},"geometry":{"type":"LineString","coordinates":[[39.0357355,45.0345019],[39.0357734,45.0343374]]}},{"type":"Feature","id":51433431,"properties":{"highway":"service","name":null},"geometry":{"type":"LineString","coordinates":[[39.0540794,45.0163135],[39.0542777,45.016372],[39.0540366,45.0168215],[39.0537808,45.0168194],[39.053598,45.0168179],[39.0535039,45.0168275],[39.0533909,45.0167951]]}},{"type":"Feature","id":51433432,"properties":{"highway":"service","name":null},"geometry":{"type":"LineString","coordinates":[[39.0540366,45.0168215],[39.0541473,45.0170388],[39.0532754,45.0173194],[39.0531827,45.0173532]]}},{"type":"Feature","id":51433436,"properties":{"highway":"service","name":null},"geometry":{"type":"LineString","coordinates":[[39.0531827,45.0173532],[39.0532583,45.0173528],[39.0539995,45.0173485],[39.0549184,45.0176087]]}},{"type":"Feature","id":51479892,"properties":{"highway":"footway","name":null},"geometry":{"type":"LineString","coordinates":[[39.0551163,45.0090928],[39.0548441,45.0090558],[39.0547798,45.009047],[39.0547163,45.0091384],[39.0545894,45.0091695],[39.0544344,45.0091962],[39.0542349,45.0091784],[39.0540848,45.0091374],[39.0539952,45.0090453],[39.0540135,45.0089865],[39.0540532,45.0089051],[39.0540863,45.008856],[39.0541267,45.0088187],[39.0541482,45.0088146],[39.0542324,45.0087802],[39.0546929,45.0088362],[39.0547609,45.0088663],[39.0547746,45.0088991],[39.0547835,45.0089464],[39.0547829,45.0090048],[39.0547798,45.009047]]}},{"type":"Feature","id":51479893,"properties":{"highway":"footway","name":null},"geometry":{"type":"LineString","coordinates":[[39.0539952,45.0090453],[39.053747,45.0090299],[39.0534517,45.0090092],[39.0532077,45.0090075],[39.0529538,45.0090109],[39.0527,45.0090058],[39.0525194,45.008992],[39.0523046,45.0089229],[39.0520167,45.0088125],[39.0517238,45.0087314],[39.0515163,45.0086848],[39.0514578,45.0086451],[39.0514285,45.0085796],[39.0514407,45.0085451],[39.0514944,45.0084847],[39.0515676,45.0084484],[39.051653,45.0084226],[39.0517994,45.0083863],[39.0519117,45.0083656],[39.0519923,45.0083294],[39.0521021,45.0082673],[39.0521729,45.0081913],[39.0522949,45.0081068],[39.052351,45.0080533],[39.0524071,45.0079774],[39.0524071,45.0079135],[39.052412,45.0078103],[39.0524807,45.0078251],[39.0532771,45.0078896],[39.0533607,45.0081052],[39.0533751,45.0083799],[39.0535219,45.0085175],[39.0537048,45.0086228],[39.0539482,45.0087208],[39.0540631,45.0087671],[39.0541482,45.0088146]]}},{"type":"Feature","id":51479894,"properties":{"highway":"footway","name":null},"geometry":{"type":"LineString","coordinates":[[39.0522949,45.0081068],[39.0521682,45.0080116],[39.0521739,45.0079177]]}},{"type":"Feature","id":51479895,"properties":{"highway":"footway","name":null},"geometry":{"type":"LineString","coordinates":[[39.0521739,45.0079177],[39.0521796,45.0078415]]}},{"type":"Feature","id":51479896,"properties":{"highway":"footway","name":null},"geometry":{"type":"LineString","coordinates":[[39.0521796,45.0078415],[39.0522497,45.0077839],[39.052412,45.0078103]]}},{"type":"Feature","id":51479910,"properties":{"highway":"footway","name":null},"geometry":{"type":"LineString","coordinates":[[39.0541417,45.0102093],[39.0539404,45.0101834],[39.0538199,45.0104965],[39.0537528,45.0107344]]}},{"type":"Feature","id":51479911,"properties":{"highway":"footway","name":null},"geometry":{"type":"LineString","coordinates":[[39.0539404,45.0101834],[39.0534248,45.0101877],[39.0531289,45.010095],[39.052955,45.0100713],[39.0528147,45.010095],[39.0526862,45.0100692],[39.0525602,45.0100353],[39.0524059,45.009985],[39.0519407,45.0098582],[39.0516088,45.0098211],[39.0516249,45.0097801],[39.051634,45.0097111]]}},{"type":"Feature","id":52143012,"properties":{"highway":"service","name":null},"geometry":{"type":"LineString","coordinates":[[39.0582404,45.0294291],[39.0581096,45.0295144],[39.0577729,45.0296693],[39.05746,45.0296448],[39.0571995,45.029662],[39.0571403,45.0296703],[39.0569603,45.0296955]]}},{"type":"Feature","id":52143091,"properties":{"highway":"tertiary","name":null},"geometry":{"type":"LineString","coordinates":[[39.0568326,45.037647],[39.0568319,45.0377013],[39.0568591,45.0377906],[39.0569396,45.0378605],[39.057013,45.037879],[39.0573873,45.0379614]]}},{"type":"Feature","id":52143188,"properties":{"highway":"secondary","name":"Новороссийская улица"},"geometry":{"type":"LineString","coordinates":[[39.0568326,45.037647],[39.0566794,45.0377553],[39.056546,45.0378192],[39.0564207,45.0378148],[39.0559491,45.0377913]]}},{"type":"Feature","id":52330032,"properties":{"highway":"residential","name":"Лесная улица"},"geometry":{"type":"LineString","coordinates":[[39.0223469,45.0162505],[39.022246,45.016758]]}},{"type":"Feature","id":53268000,"properties":{"highway":"service","name":null},"geometry":{"type":"LineString","coordinates":[[39.0414812,45.0263624],[39.0420647,45.0264119],[39.0420653,45.0270646],[39.0425786,45.0270732],[39.0426522,45.027159],[39.0432351,45.0271625],[39.0432391,45.0271005],[39.0434186,45.0270887],[39.0434625,45.0270852],[39.0436117,45.0270754]]}},{"type":"Feature","id":53730683,"properties":{"highway":"service","name":null},"geometry":{"type":"LineString","coordinates":[[39.0387844,45.0240295],[39.0389813,45.0243337],[39.0390413,45.0244178]]}},{"type":"Feature","id":58294833,"properties":{"highway":"residential","name":"улица Калинина"},"geometry":{"type":"LineString","coordinates":[[39.0082696,45.0009182],[39.0075244,44.9996659],[39.0074167,44.9992094],[39.007359,44.998886],[39.0073362,44.9987684],[39.0070425,44.9979576],[39.0069513,44.9975792],[39.0068319,44.9969325],[39.0067501,44.9966906],[39.0066072,44.9963221],[39.0063162,44.9955722],[39.0062229,44.9953758],[39.00616,44.9952529]]}},{"type":"Feature","id":58294835,"properties":{"highway":"residential","name":"Школьная улица"},"geometry":{"type":"LineString","coordinates":[[39.0030706,44.9942727],[39.0037686,44.9961064],[39.0041262,44.9970972],[39.0042707,44.997508],[39.0044397,44.9978236],[39.0047689,44.9984386],[39.0051089,44.9989933],[39.0051743,44.999126],[39.0051569,44.999236],[39.0051916,44.9994118],[39.0053569,44.9997077],[39.0054655,44.9998217],[39.0059368,45.0002715],[39.0061895,45.000485]]}},{"type":"Feature","id":58400697,"properties":{"highway":"secondary","name":"улица Селезнёва"},"geometry":{"type":"LineString","coordinates":[[39.0278998,45.0271726],[39.027724,45.0271324],[39.0275004,45.0271188]]}},{"type":"Feature","id":59038703,"properties":{"highway":"service","name":null},"geometry":{"type":"LineString","coordinates":[[39.0479225,45.0306552],[39.0493106,45.03066],[39.049372,45.0306602]]}},{"type":"Feature","id":62789908,"properties":{"highway":"service","name":null},"geometry":{"type":"LineString","coordinates":[[39.0519827,45.0352736],[39.0518593,45.0359654]]}},{"type":"Feature","id":62789910,"properties":{"highway":"service","name":null},"geometry":{"type":"LineString","coordinates":[[39.0518003,45.0352565],[39.0516608,45.0359465]]}},{"type":"Feature","id":62789912,"properties":{"highway":"service","name":null},"geometry":{"type":"LineString","coordinates":[[39.0508536,45.0327866],[39.0508638,45.0328108],[39.0508845,45.0328392],[39.0509208,45.0328572],[39.0509885,45.0328743],[39.0510314,45.0328875],[39.0510605,45.0329212],[39.0510897,45.0329742],[39.0510767,45.0331105],[39.051044,45.0332569]]}},{"type":"Feature","id":62789913,"properties":{"highway":"service","name":null},"geometry":{"type":"LineString","coordinates":[[39.0525916,45.0353418],[39.0524481,45.0360487]]}},{"type":"Feature","id":62789916,"properties":{"highway":"service","name":null},"geometry":{"type":"LineString","coordinates":[[39.0510139,45.0334036],[39.0518835,45.0334937]]}},{"type":"Feature","id":62789917,"properties":{"highway":"service","name":null},"geometry":{"type":"LineString","coordinates":[[39.049525,45.0326529],[39.0496614,45.0327555],[39.0499922,45.032943],[39.050191,45.0330275],[39.0503176,45.0330922],[39.0505092,45.0331612],[39.0506862,45.0332075],[39.0508946,45.0332363],[39.051044,45.0332569]]}},{"type":"Feature","id":62789918,"properties":{"highway":"service","name":null},"geometry":{"type":"LineString","coordinates":[[39.0521839,45.0352944],[39.0520536,45.0359949]]}},{"type":"Feature","id":62789923,"properties":{"highway":"service","name":null},"geometry":{"type":"LineString","coordinates":[[39.0513982,45.0359135],[39.0516608,45.0359465],[39.0518593,45.0359654],[39.0520536,45.0359949],[39.0522815,45.0360248],[39.0524481,45.0360487],[39.0526318,45.036071],[39.052821,45.0360901],[39.0529903,45.0361091],[39.0530161,45.036112],[39.0532084,45.0361347],[39.0533977,45.0361555],[39.0536045,45.0361771],[39.0538379,45.036208]]}},{"type":"Feature","id":62789924,"properties":{"highway":"service","name":null},"geometry":{"type":"LineString","coordinates":[[39.0523824,45.0353191],[39.0522815,45.0360248]]}},{"type":"Feature","id":62789926,"properties":{"highway":"service","name":null},"geometry":{"type":"LineString","coordinates":[[39.0510993,45.0351381],[39.0515251,45.0351777],[39.0516538,45.0352379],[39.0518003,45.0352565],[39.0519827,45.0352736],[39.0521839,45.0352944],[39.0523824,45.0353191],[39.0525916,45.0353418],[39.0527793,45.0353646]]}},{"type":"Feature","id":64104045,"properties":{"highway":"service","name":null},"geometry":{"type":"LineString","coordinates":[[39.0299632,45.0125997],[39.0300258,45.0127582],[39.0302955,45.0133864],[39.0307616,45.0132823]]}},{"type":"Feature","id":65337042,"properties":{"highway":"service","name":null},"geometry":{"type":"LineString","coordinates":[[39.0545465,45.0109911],[39.0546015,45.0109579],[39.0546898,45.0109251],[39.0548713,45.010885],[39.0554969,45.010906],[39.0557673,45.0108924],[39.0559874,45.0108186],[39.0567345,45.0102498],[39.0568133,45.0101466],[39.0569314,45.0099378],[39.057111,45.0095893],[39.0573637,45.0090977],[39.057548,45.008737],[39.0578189,45.0082198]]}},{"type":"Feature","id":65337043,"properties":{"highway":"footway","name":null},"geometry":{"type":"LineString","coordinates":[[39.0549993,45.0094934],[39.0557631,45.0095298]]}},{"type":"Feature","id":69711227,"properties":{"highway":"residential","name":"Таганрогская улица"},"geometry":{"type":"LineString","coordinates":[[39.0366399,45.0345798],[39.036139,45.0345359],[39.0357355,45.0345019],[39.0353632,45.0344622],[39.0337997,45.0343131],[39.0320717,45.0341677]]}},{"type":"Feature","id":69711228,"properties":{"highway":"residential","name":"Таганрогская улица"},"geometry":{"type":"LineString","coordinates":[[39.0314977,45.0340331],[39.0302411,45.0339306],[39.0301297,45.0339255]]}},{"type":"Feature","id":69714299,"properties":{"highway":"residential","name":"1-й Дунайский переулок"},"geometry":{"type":"LineString","coordinates":[[39.035827,45.0295892],[39.0358956,45.0292238],[39.0359266,45.0290586],[39.03605,45.0285165],[39.0360796,45.028384],[39.0361693,45.0279829]]}},{"type":"Feature","id":69714339,"properties":{"highway":"residential","name":"улица Лермонтова"},"geometry":{"type":"LineString","coordinates":[[39.0413973,45.0268788],[39.0403018,45.0267709],[39.0382538,45.0265155],[39.037406,45.026443],[39.0354222,45.0262734],[39.033674,45.0261384],[39.0335052,45.0261254]]}},{"type":"Feature","id":69714989,"properties":{"highway":"service","name":null},"geometry":{"type":"LineString","coordinates":[[39.0426522,45.027159],[39.0426466,45.0273706],[39.0418941,45.0273778]]}},{"type":"Feature","id":69714990,"properties":{"highway":"service","name":null},"geometry":{"type":"LineString","coordinates":[[39.0426466,45.0273706],[39.0427165,45.028007]]}},{"type":"Feature","id":69714991,"properties":{"highway":"service","name":null},"geometry":{"type":"LineString","coordinates":[[39.0411305,45.0295861],[39.0413003,45.0296069],[39.0417857,45.0297801]]}},{"type":"Feature","id":69714993,"properties":{"highway":"service","name":null},"geometry":{"type":"LineString","coordinates":[[39.0435882,45.0296441],[39.0434468,45.0296453],[39.043402,45.029646],[39.0427517,45.0296396],[39.0426001,45.0296109]]}},{"type":"Feature","id":69714994,"properties":{"highway":"service","name":null},"geometry":{"type":"LineString","coordinates":[[39.0427517,45.0296396],[39.0427026,45.0297451],[39.042629,45.0300407],[39.04262,45.030278],[39.0425824,45.0304562],[39.0425449,45.0309225],[39.0420406,45.0307405]]}},{"type":"Feature","id":69714995,"properties":{"highway":"service","name":null},"geometry":{"type":"LineString","coordinates":[[39.0425824,45.0304562],[39.0420567,45.030278]]}},{"type":"Feature","id":69714996,"properties":{"highway":"service","name":null},"geometry":{"type":"LineString","coordinates":[[39.0410499,45.0304086],[39.04183,45.0307364]]}},{"type":"Feature","id":69714997,"properties":{"highway":"service","name":null},"geometry":{"type":"LineString","coordinates":[[39.0397985,45.0302842],[39.0400882,45.0303048],[39.0404987,45.0303305],[39.040538,45.0300723],[39.0410132,45.0300787],[39.0411043,45.030081],[39.0411879,45.0301117],[39.0418475,45.0303538]]}},{"type":"Feature","id":69715030,"properties":{"highway":"service","name":null},"geometry":{"type":"LineString","coordinates":[[39.0421099,45.0210286],[39.0421286,45.0212443],[39.0421788,45.0214927],[39.0418772,45.0217422],[39.0412957,45.0219274],[39.0406815,45.0221281],[39.0406328,45.0220594],[39.0405372,45.0218878],[39.0404035,45.0217807]]}},{"type":"Feature","id":69715031,"properties":{"highway":"service","name":null},"geometry":{"type":"LineString","coordinates":[[39.0404035,45.0217807],[39.0404035,45.021739]]}},{"type":"Feature","id":69715032,"properties":{"highway":"service","name":null},"geometry":{"type":"LineString","coordinates":[[39.0396155,45.0221972],[39.0392764,45.0218747],[39.0390853,45.0216929]]}},{"type":"Feature","id":69715033,"properties":{"highway":"service","name":null},"geometry":{"type":"LineString","coordinates":[[39.0388143,45.0226181],[39.0384525,45.0222741],[39.0382452,45.0220768]]}},{"type":"Feature","id":69716093,"properties":{"highway":"service","name":null},"geometry":{"type":"LineString","coordinates":[[39.032048,45.0352658],[39.0320779,45.035169],[39.0319708,45.0351381],[39.0318002,45.0350885],[39.0316215,45.0348473],[39.0315664,45.0347861],[39.0315822,45.0346312],[39.0315271,45.0345928],[39.0314938,45.0344053],[39.0328162,45.0345228]]}},{"type":"Feature","id":69716094,"properties":{"highway":"service","name":null},"geometry":{"type":"LineString","coordinates":[[39.0320779,45.035169],[39.0322918,45.03516],[39.0324448,45.0350995],[39.0326145,45.0349345],[39.032669,45.0347371],[39.0315822,45.0346312]]}},{"type":"Feature","id":69716095,"properties":{"highway":"service","name":null},"geometry":{"type":"LineString","coordinates":[[39.0320779,45.035169],[39.0320857,45.03513],[39.032131,45.0349032],[39.0316215,45.0348473]]}},{"type":"Feature","id":69716096,"properties":{"highway":"service","name":null},"geometry":{"type":"LineString","coordinates":[[39.032131,45.0349032],[39.0326145,45.0349345]]}},{"type":"Feature","id":69718547,"properties":{"highway":"service","name":null},"geometry":{"type":"LineString","coordinates":[[39.0513982,45.0359135],[39.0511991,45.035891]]}},{"type":"Feature","id":69872557,"properties":{"highway":"service","name":null},"geometry":{"type":"LineString","coordinates":[[39.0321353,45.0165706],[39.0326592,45.0164171]]}},{"type":"Feature","id":70374405,"properties":{"highway":"pedestrian","name":null},"geometry":{"type":"LineString","coordinates":[[39.0314383,45.0194779],[39.0313952,45.0193809],[39.0313819,45.0193511],[39.03137,45.019324],[39.0313082,45.019336],[39.0312071,45.0190866],[39.0310966,45.0191098],[39.0311888,45.0193587],[39.0311043,45.0193767],[39.0310037,45.0191303],[39.0309809,45.0191341],[39.0309005,45.0191511],[39.0308787,45.0191557],[39.0309769,45.0194042],[39.0308871,45.0194241],[39.0307809,45.0191761],[39.0306682,45.0191997],[39.0307724,45.0194483],[39.0306577,45.0194734],[39.0306671,45.0194962],[39.0306934,45.0195513],[39.0307312,45.0196306],[39.0314383,45.0194779]]}},{"type":"Feature","id":70374410,"properties":{"highway":"service","name":null},"geometry":{"type":"LineString","coordinates":[[39.0313819,45.0193511],[39.0314681,45.0193336],[39.0325374,45.019116]]}},{"type":"Feature","id":72595477,"properties":{"highway":"service","name":null},"geometry":{"type":"LineString","coordinates":[[39.0213588,45.0396293],[39.0214259,45.0395747],[39.0221279,45.0393981],[39.022203,45.0393887],[39.0223023,45.0393659],[39.0227516,45.0392584],[39.0228384,45.0392403],[39.0229783,45.039211],[39.0241336,45.0389762]]}},{"type":"Feature","id":72858305,"properties":{"highway":"service","name":null},"geometry":{"type":"LineString","coordinates":[[39.0223023,45.0393659],[39.0222442,45.0392292],[39.0219624,45.0385453],[39.0218488,45.0382957],[39.0222427,45.0382131],[39.0226008,45.0390077],[39.0226477,45.0390096],[39.0226846,45.0391172],[39.0226885,45.0391254],[39.0227516,45.0392584]]}},{"type":"Feature","id":72858514,"properties":{"highway":"service","name":null},"geometry":{"type":"LineString","coordinates":[[39.0191749,45.0385248],[39.0193014,45.0384634],[39.0199278,45.0382779],[39.0201707,45.0382271],[39.0213236,45.0379852],[39.0222779,45.0377861]]}},{"type":"Feature","id":72858516,"properties":{"highway":"service","name":null},"geometry":{"type":"LineString","coordinates":[[39.0199278,45.0382779],[39.0198075,45.0379872],[39.0194,45.0380772],[39.0192722,45.0378563],[39.0192856,45.0377521],[39.0190237,45.0372993]]}},{"type":"Feature","id":72858575,"properties":{"highway":"service","name":null},"geometry":{"type":"LineString","coordinates":[[39.0233038,45.0366388],[39.0232642,45.0367221],[39.0232577,45.0367352],[39.0231386,45.0369733],[39.0231172,45.0371452],[39.0245947,45.0375091],[39.0246542,45.0375237],[39.0248837,45.0375889],[39.025074,45.0378317]]}},{"type":"Feature","id":76706918,"properties":{"highway":"service","name":null},"geometry":{"type":"LineString","coordinates":[[39.0193318,45.0193867],[39.0188383,45.0193525],[39.0187555,45.0198354],[39.018155,45.0197904]]}},{"type":"Feature","id":77004466,"properties":{"highway":"footway","name":null},"geometry":{"type":"LineString","coordinates":[[39.0500778,45.0091781],[39.0549993,45.0094934]]}},{"type":"Feature","id":77201332,"properties":{"highway":"service","name":null},"geometry":{"type":"LineString","coordinates":[[39.0145779,45.0203486],[39.0128224,45.0202291],[39.0127983,45.0203929],[39.0145483,45.0205253]]}},{"type":"Feature","id":77201353,"properties":{"highway":"secondary","name":"улица Шевченко"},"geometry":{"type":"LineString","coordinates":[[39.0076692,45.0254818],[39.0076544,45.0255004],[39.0076483,45.0255081],[39.0075676,45.0256123]]}},{"type":"Feature","id":77271156,"properties":{"highway":"residential","name":"Табачная улица"},"geometry":{"type":"LineString","coordinates":[[39.0094686,45.0400616],[39.0098029,45.0397083],[39.0105587,45.0389997]]}},{"type":"Feature","id":77276024,"properties":{"highway":"service","name":null},"geometry":{"type":"LineString","coordinates":[[39.0518272,45.0337585],[39.0509561,45.0336852]]}},{"type":"Feature","id":77276025,"properties":{"highway":"service","name":null},"geometry":{"type":"LineString","coordinates":[[39.0509271,45.0338269],[39.0517914,45.0339265]]}},{"type":"Feature","id":78499020,"properties":{"highway":"service","name":null},"geometry":{"type":"LineString","coordinates":[[39.0291979,45.0268519],[39.0292194,45.0269305]]}},{"type":"Feature","id":78499357,"properties":{"highway":"primary","name":"Старокубанская улица"},"geometry":{"type":"LineString","coordinates":[[39.0499118,45.0208927],[39.0499524,45.0210646],[39.0499494,45.0212038]]}},{"type":"Feature","id":78499373,"properties":{"highway":"secondary","name":"Сормовская улица"},"geometry":{"type":"LineString","coordinates":[[39.0517137,45.0225162],[39.0511961,45.0224427]]}},{"type":"Feature","id":78499376,"properties":{"highway":"tertiary","name":null},"geometry":{"type":"LineString","coordinates":[[39.0512302,45.0222327],[39.0513508,45.0221099],[39.051612,45.021671]]}},{"type":"Feature","id":78500038,"properties":{"highway":"service","name":null},"geometry":{"type":"LineString","coordinates":[[39.0516528,45.0197912],[39.051602,45.0197748],[39.0515383,45.0197575]]}},{"type":"Feature","id":80427533,"properties":{"highway":"service","name":null},"geometry":{"type":"LineString","coordinates":[[39.0317204,45.0114793],[39.0334969,45.0111035]]}},{"type":"Feature","id":80427808,"properties":{"highway":"service","name":null},"geometry":{"type":"LineString","coordinates":[[39.034264,45.0128312],[39.0351092,45.0126523],[39.0361171,45.01241],[39.0364513,45.0123149],[39.0362833,45.0118144],[39.0362098,45.0117747],[39.0358653,45.0118776],[39.0354966,45.0115605],[39.0349857,45.0111301],[39.0348504,45.0112114],[39.0342699,45.0115599],[39.0340661,45.0114917],[39.0337051,45.0115723]]}},{"type":"Feature","id":80427810,"properties":{"highway":"service","name":null},"geometry":{"type":"LineString","coordinates":[[39.0341224,45.0125287],[39.0349709,45.012343],[39.0359674,45.0121095],[39.0358653,45.0118776]]}},{"type":"Feature","id":81509448,"properties":{"highway":"service","name":null},"geometry":{"type":"LineString","coordinates":[[39.0351296,45.012832],[39.0351092,45.0126523],[39.0349709,45.012343]]}},{"type":"Feature","id":81509449,"properties":{"highway":"service","name":null},"geometry":{"type":"LineString","coordinates":[[39.0361171,45.01241],[39.0361937,45.0125531],[39.0362225,45.0126009]]}},{"type":"Feature","id":82617922,"properties":{"highway":"service","name":null},"geometry":{"type":"LineString","coordinates":[[39.0378477,45.0167937],[39.0389558,45.0165691],[39.0398905,45.0163642]]}},{"type":"Feature","id":85642984,"properties":{"highway":"footway","name":null},"geometry":{"type":"LineString","coordinates":[[39.0053233,45.0265745],[39.0051675,45.0266315]]}},{"type":"Feature","id":85937387,"properties":{"highway":"service","name":null},"geometry":{"type":"LineString","coordinates":[[39.030514,45.0205203],[39.0305603,45.0206288]]}},{"type":"Feature","id":85937388,"properties":{"highway":"service","name":null},"geometry":{"type":"LineString","coordinates":[[39.0305603,45.0206288],[39.0306177,45.0207685]]}},{"type":"Feature","id":86398585,"properties":{"highway":"service","name":null},"geometry":{"type":"LineString","coordinates":[[39.036798,45.0153925],[39.0367995,45.0153278],[39.0368096,45.0148844],[39.03682,45.0144257],[39.0368231,45.0142925],[39.036843,45.0134187]]}},{"type":"Feature","id":86398586,"properties":{"highway":"service","name":null},"geometry":{"type":"LineString","coordinates":[[39.0373881,45.0140934],[39.0374106,45.0134318]]}},{"type":"Feature","id":86398588,"properties":{"highway":"service","name":null},"geometry":{"type":"LineString","coordinates":[[39.0382253,45.0138308],[39.0377935,45.0134672],[39.0377451,45.013434]]}},{"type":"Feature","id":87077852,"properties":{"highway":"service","name":null},"geometry":{"type":"LineString","coordinates":[[39.0351197,45.0106455],[39.0349742,45.0107305],[39.0346054,45.0109325],[39.0334338,45.0099723],[39.0331756,45.0100661]]}},{"type":"Feature","id":87078548,"properties":{"highway":"service","name":null},"geometry":{"type":"LineString","coordinates":[[39.0337699,45.0107166],[39.033365,45.0108065]]}},{"type":"Feature","id":87130929,"properties":{"highway":"service","name":null},"geometry":{"type":"LineString","coordinates":[[39.0351197,45.0106455],[39.0351543,45.0106249],[39.0352331,45.0105798]]}},{"type":"Feature","id":89154803,"properties":{"highway":"service","name":null},"geometry":{"type":"LineString","coordinates":[[39.0355261,45.0108327],[39.0355648,45.0108165],[39.0358488,45.0106522],[39.035838,45.0098861],[39.0358824,45.0098543]]}},{"type":"Feature","id":89154805,"properties":{"highway":"service","name":null},"geometry":{"type":"LineString","coordinates":[[39.036412,45.011096],[39.0358488,45.0106522]]}},{"type":"Feature","id":89154808,"properties":{"highway":"service","name":null},"geometry":{"type":"LineString","coordinates":[[39.0335339,45.0086408],[39.0339577,45.0083791]]}},{"type":"Feature","id":89154810,"properties":{"highway":"service","name":null},"geometry":{"type":"LineString","coordinates":[[39.0340422,45.0090855],[39.0335339,45.0086408]]}},{"type":"Feature","id":89154811,"properties":{"highway":"service","name":null},"geometry":{"type":"LineString","coordinates":[[39.0336827,45.0093273],[39.0340422,45.0090855]]}},{"type":"Feature","id":91997761,"properties":{"highway":"service","name":null},"geometry":{"type":"LineString","coordinates":[[39.0453182,45.015042],[39.0444818,45.0143653]]}},{"type":"Feature","id":91997762,"properties":{"highway":"service","name":null},"geometry":{"type":"LineString","coordinates":[[39.0438623,45.0155472],[39.04356,45.0148331]]}},{"type":"Feature","id":91997763,"properties":{"highway":"service","name":null},"geometry":{"type":"LineString","coordinates":[[39.0445516,45.0153401],[39.0440161,45.0146419],[39.0432725,45.0140344]]}},{"type":"Feature","id":92038370,"properties":{"highway":"residential","name":"Кирпичный переулок"},"geometry":{"type":"LineString","coordinates":[[39.0434238,45.0121585],[39.043493,45.0121151],[39.0435632,45.012071]]}},{"type":"Feature","id":92038383,"properties":{"highway":"service","name":null},"geometry":{"type":"LineString","coordinates":[[39.0300913,45.0039565],[39.0301896,45.0040256],[39.0309376,45.0046645],[39.0310994,45.0048822],[39.0310191,45.0049391],[39.0302368,45.005429]]}},{"type":"Feature","id":92038387,"properties":{"highway":"service","name":null},"geometry":{"type":"LineString","coordinates":[[39.0445021,45.0121652],[39.0446523,45.0117632],[39.0455307,45.0119168],[39.045483,45.0120391],[39.0453909,45.0122819]]}},{"type":"Feature","id":92038402,"properties":{"highway":"service","name":null},"geometry":{"type":"LineString","coordinates":[[39.037944,45.0102986],[39.0385799,45.009938],[39.0387168,45.0100304]]}},{"type":"Feature","id":92038411,"properties":{"highway":"service","name":null},"geometry":{"type":"LineString","coordinates":[[39.0392267,45.0087923],[39.0393413,45.0087148],[39.0399805,45.0083053],[39.0399463,45.0082788],[39.039291,45.0077711],[39.038703,45.0073156],[39.0385731,45.007215],[39.0390614,45.0069003],[39.0383827,45.0061543],[39.0387824,45.0059344],[39.0390745,45.0062427],[39.0392162,45.0062308],[39.0397204,45.006752],[39.039317,45.0069676],[39.0390614,45.0069003]]}},{"type":"Feature","id":92038419,"properties":{"highway":"service","name":null},"geometry":{"type":"LineString","coordinates":[[39.0367311,45.0110429],[39.0370828,45.0108132],[39.0374257,45.0106326],[39.037944,45.0102986]]}},{"type":"Feature","id":92038440,"properties":{"highway":"service","name":null},"geometry":{"type":"LineString","coordinates":[[39.0350695,45.0096624],[39.0353889,45.0094766]]}},{"type":"Feature","id":92038502,"properties":{"highway":"service","name":null},"geometry":{"type":"LineString","coordinates":[[39.0334113,45.0018703],[39.033511,45.0017754],[39.0339232,45.0014303],[39.0339832,45.0013735],[39.0340026,45.0013635],[39.0340349,45.0013602],[39.0340621,45.0013685],[39.0341176,45.0014063],[39.0363748,45.0026509],[39.0362272,45.0028339],[39.036019,45.0030153],[39.0358472,45.0031823],[39.0357241,45.003338],[39.0356268,45.0034651],[39.0355167,45.0036173],[39.0354205,45.0037504],[39.0353985,45.0037808],[39.035203,45.0040425],[39.0350616,45.0041293],[39.0349904,45.0041279],[39.0349099,45.0040852],[39.0347145,45.0041638],[39.0346263,45.0042253],[39.0345676,45.0042252],[39.034382,45.0043842],[39.0340026,45.0046356]]}},{"type":"Feature","id":92038522,"properties":{"highway":"service","name":null},"geometry":{"type":"LineString","coordinates":[[39.0310994,45.0048822],[39.0319419,45.0043613]]}},{"type":"Feature","id":92038524,"properties":{"highway":"service","name":null},"geometry":{"type":"LineString","coordinates":[[39.0390074,45.0111815],[39.0389156,45.0111042],[39.037944,45.0102986],[39.0375933,45.0100118],[39.0372691,45.0097444],[39.0368139,45.0100169],[39.0368133,45.0100467],[39.0367157,45.0101203],[39.0364483,45.0103084]]}},{"type":"Feature","id":92414094,"properties":{"highway":"service","name":null},"geometry":{"type":"LineString","coordinates":[[39.0180675,45.0196516],[39.0181987,45.0189096],[39.0182521,45.018568]]}},{"type":"Feature","id":92414095,"properties":{"highway":"service","name":null},"geometry":{"type":"LineString","coordinates":[[39.0190726,45.0209368],[39.0185858,45.0209033],[39.0186682,45.0204424],[39.0187017,45.0202553],[39.0187166,45.0201721],[39.0191826,45.0202018]]}},{"type":"Feature","id":92414096,"properties":{"highway":"service","name":null},"geometry":{"type":"LineString","coordinates":[[39.0181212,45.0200592],[39.0191934,45.0201293]]}},{"type":"Feature","id":92646763,"properties":{"highway":"residential","name":"улица 1-й Кузнечный Зарой"},"geometry":{"type":"LineString","coordinates":[[39.018364,45.0050479],[39.0183035,45.0050093],[39.0181373,45.0049032],[39.0180043,45.0047802],[39.0175365,45.0043478],[39.0173005,45.0041296],[39.0172045,45.0040408],[39.0171844,45.0040131],[39.0170618,45.0038354],[39.0170088,45.0037221],[39.0169604,45.0036719],[39.0169294,45.0036069],[39.0169402,45.0035584],[39.0169667,45.0035231],[39.0172912,45.0033667],[39.0174629,45.00327],[39.0176336,45.003144]]}},{"type":"Feature","id":92646764,"properties":{"highway":"residential","name":"5-й Воронежский проезд"},"geometry":{"type":"LineString","coordinates":[[39.0159911,45.005511],[39.0154686,45.0057224],[39.0150974,45.005876],[39.0147837,45.0059887],[39.0142653,45.0060771],[39.0141804,45.0060817]]}},{"type":"Feature","id":92646783,"properties":{"highway":"residential","name":"улица 1-я Линия поймы реки Кубань"},"geometry":{"type":"LineString","coordinates":[[39.0117472,45.0079173],[39.0118495,45.0079145],[39.011958,45.0079454],[39.0119956,45.0080128],[39.0119261,45.008088],[39.0113025,45.0086361],[39.0108755,45.009035],[39.0098232,45.0100621],[39.0095778,45.0102316],[39.0089862,45.0104907],[39.0089134,45.0105818],[39.0088309,45.0106648],[39.0083112,45.0109436],[39.0075392,45.0113749],[39.0067378,45.0118535],[39.0061481,45.0121677],[39.00568,45.0123873],[39.0055542,45.0124535],[39.0046322,45.0127571],[39.0026106,45.0134397],[39.0025464,45.013462]]}},{"type":"Feature","id":92646785,"properties":{"highway":"residential","name":"3-й Воронежский проезд"},"geometry":{"type":"LineString","coordinates":[[39.0123335,45.0074064],[39.012346,45.0070721],[39.0123821,45.0064071],[39.0123889,45.0061258]]}},{"type":"Feature","id":92646793,"properties":{"highway":"residential","name":"улица Фурманова"},"geometry":{"type":"LineString","coordinates":[[39.0116345,45.0072859],[39.011547,45.0072056],[39.0110476,45.00673],[39.010791,45.0064999],[39.0103102,45.0059674],[39.0100432,45.0056881]]}},{"type":"Feature","id":92646801,"properties":{"highway":"residential","name":"1-й Воронежский проезд"},"geometry":{"type":"LineString","coordinates":[[39.0141142,45.0072768],[39.0141804,45.0060817]]}},{"type":"Feature","id":92646807,"properties":{"highway":"residential","name":"2-й Верхний проезд"},"geometry":{"type":"LineString","coordinates":[[39.0273268,45.0044348],[39.026858,45.0046937],[39.0267739,45.0047268],[39.0263032,45.0048145],[39.0261859,45.0047982],[39.0257323,45.004401],[39.0254244,45.0041103],[39.0253954,45.0040419],[39.0254305,45.0039938],[39.0261764,45.0035126]]}},{"type":"Feature","id":92646825,"properties":{"highway":"residential","name":"1-й Воронежский проезд"},"geometry":{"type":"LineString","coordinates":[[39.0137901,45.006082],[39.0135768,45.0057199],[39.0134412,45.0055113],[39.0134359,45.0053064],[39.0135203,45.0050855],[39.0135512,45.0050045],[39.0136015,45.0048676],[39.0136558,45.0046894],[39.0136134,45.0045029],[39.0136143,45.00438]]}},{"type":"Feature","id":92646842,"properties":{"highway":"residential","name":"улица 2-й Кузнечный Зарой"},"geometry":{"type":"LineString","coordinates":[[39.0198169,45.0037501],[39.0195403,45.0036047],[39.0195089,45.0034898],[39.019576,45.0033112],[39.0195703,45.0026915],[39.0195876,45.0025803],[39.0197057,45.002321],[39.0198638,45.0021863],[39.020905,45.0016045]]}},{"type":"Feature","id":92646845,"properties":{"highway":"residential","name":"5-й Воронежский проезд"},"geometry":{"type":"LineString","coordinates":[[39.0141804,45.0060817],[39.0137901,45.006082],[39.0131919,45.0060628],[39.0128969,45.0060666],[39.0125714,45.0060707],[39.0123889,45.0061258],[39.0123237,45.0061455],[39.0120204,45.0063678],[39.0118033,45.0065134],[39.0110476,45.00673]]}},{"type":"Feature","id":92646863,"properties":{"highway":"service","name":null},"geometry":{"type":"LineString","coordinates":[[39.0116345,45.0072859],[39.0114946,45.0073395],[39.010419,45.0075889],[39.0092741,45.0078086],[39.0082168,45.0079387]]}},{"type":"Feature","id":92646872,"properties":{"highway":"residential","name":"Воронежская улица"},"geometry":{"type":"LineString","coordinates":[[39.0169034,45.0062857],[39.0168247,45.0062188],[39.0159911,45.005511]]}},{"type":"Feature","id":92646887,"properties":{"highway":"residential","name":"улица 2-й Кузнечный Зарой"},"geometry":{"type":"LineString","coordinates":[[39.0220665,45.0019632],[39.0220164,45.001923],[39.021735,45.0017266],[39.0216753,45.0016911],[39.0216116,45.0016791],[39.0214902,45.0017427],[39.0213079,45.0018527],[39.0212072,45.0018362],[39.0211391,45.001783],[39.0210707,45.0017061],[39.020905,45.0016045],[39.0206713,45.0014836],[39.0204418,45.0014315],[39.0202621,45.0013581],[39.0201647,45.0012846],[39.0200738,45.001182],[39.0199521,45.0011968],[39.0198756,45.001297]]}},{"type":"Feature","id":92646889,"properties":{"highway":"residential","name":"улица 1-й Кузнечный Зарой"},"geometry":{"type":"LineString","coordinates":[[39.0187013,45.0038797],[39.0182338,45.0035466],[39.0176336,45.003144]]}},{"type":"Feature","id":92646891,"properties":{"highway":"residential","name":"2-й Воронежский проезд"},"geometry":{"type":"LineString","coordinates":[[39.0127145,45.0073778],[39.0127829,45.0069738],[39.012824,45.0066522],[39.0128357,45.0065606],[39.0128969,45.0060666]]}},{"type":"Feature","id":93284401,"properties":{"highway":"service","name":null},"geometry":{"type":"LineString","coordinates":[[39.0564891,45.0389924],[39.0569233,45.0393668],[39.0569814,45.0394852],[39.0569541,45.0395625],[39.0567387,45.0396857],[39.0569404,45.0398983],[39.0569643,45.040036],[39.0570156,45.0401157]]}},{"type":"Feature","id":93483700,"properties":{"highway":"residential","name":"улица Будённого"},"geometry":{"type":"LineString","coordinates":[[39.0047061,45.0314629],[39.0048019,45.0314479],[39.0066187,45.031179]]}},{"type":"Feature","id":94329649,"properties":{"highway":"service","name":null},"geometry":{"type":"LineString","coordinates":[[39.025074,45.0378317],[39.0251515,45.0380853],[39.025066,45.038136],[39.0251306,45.0382832]]}},{"type":"Feature","id":96653018,"properties":{"highway":"service","name":null},"geometry":{"type":"LineString","coordinates":[[39.0281312,45.0312235],[39.0282082,45.0312283],[39.0283822,45.0312829],[39.0284673,45.0313613],[39.0284506,45.0314309],[39.0283817,45.0316705]]}},{"type":"Feature","id":96653022,"properties":{"highway":"service","name":null},"geometry":{"type":"LineString","coordinates":[[39.0408056,45.0315296],[39.0410551,45.0315513]]}},{"type":"Feature","id":97559721,"properties":{"highway":"service","name":null},"geometry":{"type":"LineString","coordinates":[[39.0410551,45.0315513],[39.0412098,45.0315847]]}},{"type":"Feature","id":97559722,"properties":{"highway":"service","name":null},"geometry":{"type":"LineString","coordinates":[[39.0413127,45.0315936],[39.0416562,45.0316232],[39.0417896,45.0317865],[39.0418486,45.0318674]]}},{"type":"Feature","id":98894691,"properties":{"highway":"service","name":null},"geometry":{"type":"LineString","coordinates":[[39.0124997,45.0359711],[39.0125514,45.0360889],[39.0126586,45.0363632],[39.0127527,45.0365909],[39.0128297,45.0367809],[39.0128876,45.0369239],[39.0129759,45.0371419]]}},{"type":"Feature","id":98894692,"properties":{"highway":"service","name":null},"geometry":{"type":"LineString","coordinates":[[39.016279,45.037613],[39.0163729,45.0379522],[39.0165586,45.0386602],[39.0165724,45.0388529],[39.0173452,45.0387644],[39.0178384,45.038726],[39.0181226,45.0388278],[39.0182463,45.0388522],[39.0184731,45.0389504],[39.0187982,45.0390224],[39.0189456,45.0390623]]}},{"type":"Feature","id":98894695,"properties":{"highway":"service","name":null},"geometry":{"type":"LineString","coordinates":[[39.0127172,45.0388551],[39.0125598,45.0384436],[39.0140104,45.038094],[39.016279,45.037613],[39.0161824,45.037283]]}},{"type":"Feature","id":98894704,"properties":{"highway":"service","name":null},"geometry":{"type":"LineString","coordinates":[[39.0134557,45.0370063],[39.0135523,45.0372348],[39.0138347,45.0379029],[39.0140104,45.038094]]}},{"type":"Feature","id":98894713,"properties":{"highway":"living_street","name":"улица Академика Пустовойта"},"geometry":{"type":"LineString","coordinates":[[39.0186008,45.0370016],[39.0189666,45.0369519]]}},{"type":"Feature","id":98894720,"properties":{"highway":"service","name":null},"geometry":{"type":"LineString","coordinates":[[39.0148388,45.035443],[39.0148598,45.0354915],[39.0149122,45.0356051],[39.0149303,45.0356433],[39.0150435,45.0358943]]}},{"type":"Feature","id":100951427,"properties":{"highway":"service","name":null},"geometry":{"type":"LineString","coordinates":[[39.0517765,45.0191496],[39.0516653,45.0193292],[39.0515711,45.0193379],[39.0513664,45.0197042],[39.051489,45.0197416],[39.0515383,45.0197575]]}},{"type":"Feature","id":100951428,"properties":{"highway":"service","name":null},"geometry":{"type":"LineString","coordinates":[[39.0517699,45.0193654],[39.0518709,45.0193268],[39.0519338,45.0193194]]}},{"type":"Feature","id":101727356,"properties":{"highway":"service","name":null},"geometry":{"type":"LineString","coordinates":[[39.0243088,45.0221377],[39.0238838,45.0222281],[39.0233796,45.0223355],[39.0228725,45.0224436],[39.0227965,45.0224598],[39.0223085,45.0225634],[39.0221784,45.022591],[39.0219797,45.0226333]]}},{"type":"Feature","id":101777593,"properties":{"highway":"residential","name":"Плановый переулок"},"geometry":{"type":"LineString","coordinates":[[39.0149969,45.0314896],[39.0150786,45.0319465],[39.0152081,45.0319618],[39.0152458,45.0321826],[39.0153697,45.0325374],[39.0154103,45.0326538],[39.0154765,45.0329378],[39.0155258,45.0333015],[39.0158235,45.0341676],[39.0158523,45.0342442]]}},{"type":"Feature","id":101777594,"properties":{"highway":"service","name":null},"geometry":{"type":"LineString","coordinates":[[39.0073815,45.0310547],[39.0072003,45.0310769],[39.0070419,45.0305743],[39.0069674,45.0302561],[39.0067655,45.0295932],[39.0066786,45.029455],[39.0064798,45.0289392],[39.0063059,45.0284848]]}},{"type":"Feature","id":101777599,"properties":{"highway":"service","name":null},"geometry":{"type":"LineString","coordinates":[[39.0152458,45.0321826],[39.0163362,45.0319889]]}},{"type":"Feature","id":101777605,"properties":{"highway":"service","name":null},"geometry":{"type":"LineString","coordinates":[[39.0072003,45.0310769],[39.0077082,45.0329096],[39.0082468,45.0347065]]}},{"type":"Feature","id":101777627,"properties":{"highway":"service","name":null},"geometry":{"type":"LineString","coordinates":[[39.0143292,45.0319752],[39.0150786,45.0319465]]}},{"type":"Feature","id":101781031,"properties":{"highway":"service","name":null},"geometry":{"type":"LineString","coordinates":[[39.0143562,45.0322967],[39.0143292,45.0319752],[39.0142792,45.0317506],[39.0142519,45.0315698],[39.0142668,45.0314486]]}},{"type":"Feature","id":101781035,"properties":{"highway":"service","name":null},"geometry":{"type":"LineString","coordinates":[[39.0153697,45.0325374],[39.0144311,45.0325733]]}},{"type":"Feature","id":101781045,"properties":{"highway":"service","name":null},"geometry":{"type":"LineString","coordinates":[[39.0154765,45.0329378],[39.0145186,45.0329624],[39.0144552,45.0329637],[39.0142203,45.0329669]]}},{"type":"Feature","id":101781052,"properties":{"highway":"service","name":null},"geometry":{"type":"LineString","coordinates":[[39.0154103,45.0326538],[39.0159556,45.0326],[39.0162776,45.0325648]]}},{"type":"Feature","id":101781075,"properties":{"highway":"service","name":null},"geometry":{"type":"LineString","coordinates":[[39.0168123,45.0330985],[39.0165791,45.0322515]]}},{"type":"Feature","id":101782722,"properties":{"highway":"secondary","name":null},"geometry":{"type":"LineString","coordinates":[[39.0232003,45.0330512],[39.0234789,45.0329687],[39.0234881,45.0329664]]}},{"type":"Feature","id":101782724,"properties":{"highway":"residential","name":null},"geometry":{"type":"LineString","coordinates":[[39.0232003,45.0330512],[39.0233507,45.032976],[39.023393,45.0329163],[39.0233973,45.0328057],[39.0232525,45.0327142]]}},{"type":"Feature","id":101998987,"properties":{"highway":"residential","name":"2-й проезд Щорса"},"geometry":{"type":"LineString","coordinates":[[39.0105511,45.0369778],[39.0088612,45.0368619],[39.0084737,45.0368063]]}},{"type":"Feature","id":101999319,"properties":{"highway":"residential","name":"1-й проезд Щорса"},"geometry":{"type":"LineString","coordinates":[[39.0097422,45.0379401],[39.0082883,45.0374308]]}},{"type":"Feature","id":102012292,"properties":{"highway":"service","name":null},"geometry":{"type":"LineString","coordinates":[[39.008999,45.0346463],[39.0102171,45.034472],[39.0112403,45.034347]]}},{"type":"Feature","id":102535632,"properties":{"highway":"secondary","name":null},"geometry":{"type":"LineString","coordinates":[[39.0286859,45.0351598],[39.0287211,45.0352414],[39.0287208,45.0353462],[39.0286985,45.0354254],[39.0286573,45.0354916],[39.0286255,45.0355223]]}},{"type":"Feature","id":102535633,"properties":{"highway":"service","name":null},"geometry":{"type":"LineString","coordinates":[[39.0243245,45.0358376],[39.0251281,45.0361806]]}},{"type":"Feature","id":102538470,"properties":{"highway":"residential","name":"Плановый переулок"},"geometry":{"type":"LineString","coordinates":[[39.0162009,45.0351597],[39.0161457,45.0350128],[39.0159526,45.0345167],[39.0159023,45.0344154]]}},{"type":"Feature","id":102538994,"properties":{"highway":"service","name":null},"geometry":{"type":"LineString","coordinates":[[39.0193286,45.0364025],[39.0193546,45.0364092],[39.0211814,45.0368793],[39.022277,45.0371665],[39.0228102,45.0373321]]}},{"type":"Feature","id":102538995,"properties":{"highway":"service","name":null},"geometry":{"type":"LineString","coordinates":[[39.0225322,45.0377327],[39.0224587,45.0374706]]}},{"type":"Feature","id":102539007,"properties":{"highway":"service","name":null},"geometry":{"type":"LineString","coordinates":[[39.0221583,45.0374678],[39.0224587,45.0374706],[39.0228409,45.0374735],[39.0229911,45.0374602],[39.0230616,45.037391]]}},{"type":"Feature","id":102539011,"properties":{"highway":"service","name":null},"geometry":{"type":"LineString","coordinates":[[39.0212354,45.0367656],[39.0213881,45.0364937],[39.0215139,45.0362497],[39.021552,45.0361682]]}},{"type":"Feature","id":102539015,"properties":{"highway":"service","name":null},"geometry":{"type":"LineString","coordinates":[[39.0245504,45.0399086],[39.0248062,45.0398485],[39.0249001,45.0397503],[39.0249117,45.0396225],[39.0247076,45.039101],[39.0245506,45.0387246],[39.0243737,45.0386693],[39.0241715,45.0387088],[39.0227308,45.0389904],[39.0226477,45.0390096]]}},{"type":"Feature","id":102539016,"properties":{"highway":"service","name":null},"geometry":{"type":"LineString","coordinates":[[39.0195187,45.0359803],[39.0195441,45.0359873],[39.020424,45.0362289],[39.0213881,45.0364937],[39.0231386,45.0369733]]}},{"type":"Feature","id":102539020,"properties":{"highway":"service","name":null},"geometry":{"type":"LineString","coordinates":[[39.0163729,45.0379522],[39.0180884,45.037776],[39.0179476,45.0371514]]}},{"type":"Feature","id":102842418,"properties":{"highway":"service","name":null},"geometry":{"type":"LineString","coordinates":[[39.0094622,45.0238485],[39.0094555,45.0238742],[39.0090831,45.0238546],[39.0090109,45.0238599],[39.0088869,45.0238655]]}},{"type":"Feature","id":103267791,"properties":{"highway":"service","name":null},"geometry":{"type":"LineString","coordinates":[[39.0417623,45.012834],[39.0423819,45.0133243],[39.042461,45.0133533],[39.0427451,45.0135798]]}},{"type":"Feature","id":103267796,"properties":{"highway":"footway","name":null},"geometry":{"type":"LineString","coordinates":[[39.0427451,45.0135798],[39.0429592,45.0137337],[39.0432725,45.0140344]]}},{"type":"Feature","id":103267802,"properties":{"highway":"service","name":null},"geometry":{"type":"LineString","coordinates":[[39.041543,45.0114761],[39.0410839,45.0117503]]}},{"type":"Feature","id":103267810,"properties":{"highway":"footway","name":null},"geometry":{"type":"LineString","coordinates":[[39.0402689,45.0112611],[39.0399916,45.0111112],[39.0397234,45.0109264]]}},{"type":"Feature","id":103267822,"properties":{"highway":"service","name":null},"geometry":{"type":"LineString","coordinates":[[39.0453905,45.0145572],[39.0458358,45.0143028],[39.0459576,45.0142287]]}},{"type":"Feature","id":103267831,"properties":{"highway":"footway","name":null},"geometry":{"type":"LineString","coordinates":[[39.0377374,45.0125572],[39.0380357,45.0123719]]}},{"type":"Feature","id":104116691,"properties":{"highway":"secondary","name":"Сормовская улица"},"geometry":{"type":"LineString","coordinates":[[39.0511961,45.0224427],[39.050326,45.02231]]}},{"type":"Feature","id":104234746,"properties":{"highway":"secondary","name":"улица Селезнёва"},"geometry":{"type":"LineString","coordinates":[[39.0521633,45.0189286],[39.052261,45.0187585],[39.0526797,45.0180098],[39.0527974,45.0178015],[39.053071,45.0173342],[39.0533909,45.0167951]]}},{"type":"Feature","id":104234747,"properties":{"highway":"tertiary","name":"улица Селезнёва"},"geometry":{"type":"LineString","coordinates":[[39.0520114,45.0196024],[39.0519969,45.0195649],[39.0519922,45.019558],[39.0519868,45.0195537],[39.0519705,45.0195477],[39.0519543,45.0195446],[39.0519336,45.019546],[39.0519166,45.0195504],[39.0518947,45.0195782]]}},{"type":"Feature","id":104687500,"properties":{"highway":"service","name":null},"geometry":{"type":"LineString","coordinates":[[39.0342821,45.0181052],[39.0342396,45.0179933],[39.0341927,45.0178773],[39.0341383,45.0177344],[39.0340459,45.017492],[39.0339649,45.0172795],[39.0337276,45.0166568]]}},{"type":"Feature","id":105295544,"properties":{"highway":"footway","name":null},"geometry":{"type":"LineString","coordinates":[[39.0287183,45.0195704],[39.0286777,45.0194677],[39.0286516,45.0194046],[39.0286374,45.0193715],[39.0286127,45.0193099],[39.0285705,45.0192065]]}},{"type":"Feature","id":105295547,"properties":{"highway":"footway","name":null},"geometry":{"type":"LineString","coordinates":[[39.0326975,45.0187482],[39.0309656,45.0191227],[39.0308491,45.0191449],[39.0292022,45.0194782],[39.0291511,45.019489]]}},{"type":"Feature","id":105295971,"properties":{"highway":"service","name":null},"geometry":{"type":"LineString","coordinates":[[39.0188097,45.0218256],[39.0188562,45.021822],[39.0189635,45.0218304],[39.0198007,45.021717],[39.0208508,45.0215377]]}},{"type":"Feature","id":105295979,"properties":{"highway":"service","name":null},"geometry":{"type":"LineString","coordinates":[[39.021973,45.0218135],[39.0217706,45.0213199],[39.0216718,45.0210858],[39.0216113,45.0209506]]}},{"type":"Feature","id":105575411,"properties":{"highway":"residential","name":"проезд Фурманова"},"geometry":{"type":"LineString","coordinates":[[39.007118,45.0156678],[39.0063792,45.0156564],[39.0063119,45.0166275],[39.0063009,45.0167868],[39.0053841,45.016767],[39.0053535,45.016753],[39.0053479,45.0167294],[39.0054139,45.0158129],[39.0054003,45.0157851],[39.0053458,45.0157693],[39.005152,45.0157843],[39.0051052,45.0157713],[39.005004,45.0153929]]}},{"type":"Feature","id":107949219,"properties":{"highway":"footway","name":null},"geometry":{"type":"LineString","coordinates":[[39.0050007,45.0204891],[39.0048046,45.0218205]]}},{"type":"Feature","id":107949220,"properties":{"highway":"residential","name":"Озёрная улица"},"geometry":{"type":"LineString","coordinates":[[39.0096002,45.0226652],[39.0094627,45.0226141],[39.009359,45.0225688],[39.0088852,45.0224041],[39.0084928,45.0223217],[39.0079641,45.0222397],[39.0065974,45.0220584],[39.004901,45.0218333],[39.0048046,45.0218205]]}},{"type":"Feature","id":108406438,"properties":{"highway":"service","name":null},"geometry":{"type":"LineString","coordinates":[[39.0051468,45.0363928],[39.005345,45.0370189]]}},{"type":"Feature","id":111446753,"properties":{"highway":"primary","name":"Северная улица"},"geometry":{"type":"LineString","coordinates":[[39.0215513,45.0338868],[39.0220119,45.0337887]]}},{"type":"Feature","id":111446755,"properties":{"highway":"primary","name":"Северная улица"},"geometry":{"type":"LineString","coordinates":[[39.0220119,45.0337887],[39.0228465,45.0336188]]}},{"type":"Feature","id":116527136,"properties":{"highway":"footway","name":null},"geometry":{"type":"LineString","coordinates":[[39.0579075,45.0057468],[39.0565708,45.0056474],[39.0561257,45.0056227]]}},{"type":"Feature","id":116527137,"properties":{"highway":"footway","name":null},"geometry":{"type":"LineString","coordinates":[[39.0568133,45.0101466],[39.0572463,45.0104091],[39.0586713,45.0113155],[39.0588258,45.0114439],[39.058903,45.0115804],[39.0591,45.0116623],[39.0593162,45.0117387],[39.059517,45.0118315],[39.0594746,45.0118998],[39.0594398,45.0120172],[39.0594128,45.0121837],[39.0594861,45.0123038],[39.0596985,45.0124403],[39.0598878,45.0125031],[39.0600577,45.0126014],[39.0602353,45.0127079],[39.0603319,45.0127871],[39.0603821,45.0128635],[39.0604593,45.0128963],[39.0606099,45.0128963],[39.0607567,45.0128799],[39.0608725,45.0129072],[39.0609999,45.0129973],[39.061278,45.0132348],[39.0613784,45.0133194],[39.0614337,45.0133421],[39.0623221,45.0133609],[39.0624441,45.013362]]}},{"type":"Feature","id":118473621,"properties":{"highway":"footway","name":null},"geometry":{"type":"LineString","coordinates":[[39.056244,45.0081004],[39.0562654,45.0080503],[39.0565708,45.0056474]]}},{"type":"Feature","id":118473622,"properties":{"highway":"residential","name":"Кубанская улица"},"geometry":{"type":"LineString","coordinates":[[39.0445319,45.0099172],[39.0441697,45.0097825]]}},{"type":"Feature","id":118473625,"properties":{"highway":"footway","name":null},"geometry":{"type":"LineString","coordinates":[[39.0578189,45.0082198],[39.0578824,45.0080946],[39.0580251,45.0076038],[39.0579631,45.0065655],[39.0579075,45.0057468],[39.0577502,45.0041115],[39.057471,45.0032254],[39.0569036,45.0024118],[39.0568805,45.0023816],[39.0568507,45.0023645],[39.0567875,45.0023527],[39.056596,45.00235],[39.0561956,45.0023489],[39.056101,45.0023475]]}},{"type":"Feature","id":118473626,"properties":{"highway":"service","name":null},"geometry":{"type":"LineString","coordinates":[[39.056244,45.0081004],[39.0561936,45.0085766],[39.0560532,45.0094637],[39.0559854,45.0096095]]}},{"type":"Feature","id":122748805,"properties":{"highway":"service","name":null},"geometry":{"type":"LineString","coordinates":[[39.0337276,45.0166568],[39.0337956,45.0166278],[39.0338462,45.0164418]]}},{"type":"Feature","id":122748882,"properties":{"highway":"footway","name":null},"geometry":{"type":"LineString","coordinates":[[39.0358712,45.0137149],[39.0359626,45.0137144],[39.0359834,45.0138799],[39.0365274,45.0141505],[39.0365699,45.0142005],[39.0365792,45.0142115],[39.0368231,45.0142925]]}},{"type":"Feature","id":122748989,"properties":{"highway":"footway","name":null},"geometry":{"type":"LineString","coordinates":[[39.0358712,45.0137149],[39.0356029,45.0140381],[39.0352274,45.0143339],[39.034655,45.0143491],[39.0345934,45.0143507],[39.0345608,45.0146665],[39.0345044,45.0147],[39.0343687,45.0147868],[39.0343998,45.0153453],[39.0346879,45.0155054],[39.034661,45.0157143],[39.0345344,45.0158208],[39.0345977,45.0164429]]}},{"type":"Feature","id":123113108,"properties":{"highway":"footway","name":null},"geometry":{"type":"LineString","coordinates":[[39.0283937,45.0196433],[39.0283488,45.0195398],[39.028321,45.0194758],[39.0283063,45.0194419],[39.0282788,45.0193786],[39.0282355,45.0192788]]}},{"type":"Feature","id":123113125,"properties":{"highway":"pedestrian","name":null},"geometry":{"type":"LineString","coordinates":[[39.0286403,45.0195852],[39.0291376,45.0207555],[39.0292033,45.0207704],[39.0294427,45.0208186],[39.0295044,45.0208205]]}},{"type":"Feature","id":123113136,"properties":{"highway":"primary","name":"Ставропольская улица"},"geometry":{"type":"LineString","coordinates":[[39.0286127,45.0193099],[39.029684,45.0190767],[39.0318404,45.0186221],[39.0328027,45.0184189]]}},{"type":"Feature","id":123551089,"properties":{"highway":"service","name":null},"geometry":{"type":"LineString","coordinates":[[39.0423291,45.0281522],[39.0426386,45.0281492],[39.0426485,45.0290072],[39.0430803,45.029007]]}},{"type":"Feature","id":123551644,"properties":{"highway":"footway","name":null},"geometry":{"type":"LineString","coordinates":[[39.0417359,45.0282305],[39.0417297,45.0293057]]}},{"type":"Feature","id":123551684,"properties":{"highway":"footway","name":null},"geometry":{"type":"LineString","coordinates":[[39.0418972,45.0282287],[39.0418941,45.0273778]]}},{"type":"Feature","id":124717883,"properties":{"highway":"primary","name":null},"geometry":{"type":"LineString","coordinates":[[39.0492719,45.0214029],[39.0493094,45.0213941],[39.0493596,45.0213852],[39.0494107,45.0213799],[39.0494624,45.0213781],[39.049514,45.0213799],[39.0495652,45.0213852],[39.0496153,45.0213941],[39.049664,45.0214064],[39.0497108,45.0214221],[39.0497551,45.0214409],[39.0497967,45.0214626]]}},{"type":"Feature","id":125328905,"properties":{"highway":"service","name":null},"geometry":{"type":"LineString","coordinates":[[39.0419474,45.0282321],[39.0419839,45.0289531],[39.042334,45.028952],[39.0423291,45.0281522]]}},{"type":"Feature","id":125328907,"properties":{"highway":"service","name":null},"geometry":{"type":"LineString","coordinates":[[39.0423291,45.0281522],[39.04204,45.028154],[39.0419474,45.0282321],[39.0418972,45.0282287],[39.0417359,45.0282305],[39.0412133,45.0282264]]}},{"type":"Feature","id":125328912,"properties":{"highway":"service","name":null},"geometry":{"type":"LineString","coordinates":[[39.0426001,45.0296109],[39.0425036,45.0295713],[39.0422557,45.0294695],[39.0420433,45.0293877],[39.0418758,45.0293383],[39.0417297,45.0293057],[39.0415302,45.0292417],[39.0413629,45.029189],[39.0411467,45.0291312]]}},{"type":"Feature","id":128439776,"properties":{"highway":"footway","name":null},"geometry":{"type":"LineString","coordinates":[[39.0275774,45.0168633],[39.0276005,45.0168591]]}},{"type":"Feature","id":128439777,"properties":{"highway":"footway","name":null},"geometry":{"type":"LineString","coordinates":[[39.0277102,45.0167182],[39.0276251,45.0166897],[39.0275724,45.0165668]]}},{"type":"Feature","id":128439779,"properties":{"highway":"service","name":null},"geometry":{"type":"LineString","coordinates":[[39.0271864,45.0163622],[39.0273154,45.016332],[39.0273397,45.0163267],[39.027479,45.0162947]]}},{"type":"Feature","id":128439780,"properties":{"highway":"service","name":null},"geometry":{"type":"LineString","coordinates":[[39.0271263,45.0162246],[39.0272589,45.0161935],[39.0279376,45.0160371],[39.0280907,45.016389]]}},{"type":"Feature","id":128439781,"properties":{"highway":"footway","name":null},"geometry":{"type":"LineString","coordinates":[[39.028242,45.016598],[39.0277102,45.0167182],[39.0276005,45.0168591],[39.0281282,45.0167403],[39.0282348,45.0167682],[39.028577,45.0166947],[39.0284641,45.0164656]]}},{"type":"Feature","id":128439782,"properties":{"highway":"service","name":null},"geometry":{"type":"LineString","coordinates":[[39.027508,45.0163682],[39.027479,45.0162947],[39.02747,45.0162495],[39.027482,45.0162134],[39.027529,45.0161851],[39.0278753,45.0161042],[39.027951,45.0162824]]}},{"type":"Feature","id":128439783,"properties":{"highway":"footway","name":null},"geometry":{"type":"LineString","coordinates":[[39.0285705,45.0192065],[39.0284647,45.0189649],[39.0281051,45.0181198],[39.0280885,45.0180803],[39.0276524,45.017042],[39.0275774,45.0168633],[39.0274324,45.016518],[39.027383,45.0164948],[39.0273154,45.016332],[39.0272589,45.0161935],[39.027225,45.0161064],[39.027185,45.01601],[39.0267303,45.0149043],[39.0266523,45.0146949],[39.0266365,45.0146526],[39.0266006,45.0145743],[39.0264833,45.0142903],[39.0262371,45.0136512],[39.0256624,45.0122667],[39.0255577,45.0120256]]}},{"type":"Feature","id":130193132,"properties":{"highway":"service","name":null},"geometry":{"type":"LineString","coordinates":[[39.0460206,45.0220428],[39.0456329,45.0214077],[39.0457953,45.0213577],[39.0462067,45.0212318],[39.0465871,45.0211153],[39.0467594,45.021062],[39.0470782,45.0209632],[39.047852,45.0207439],[39.0479549,45.0209249]]}},{"type":"Feature","id":130193133,"properties":{"highway":"service","name":null},"geometry":{"type":"LineString","coordinates":[[39.0479549,45.0209249],[39.0484974,45.0207683],[39.0488909,45.0206547],[39.0490679,45.0206036],[39.0494706,45.0204873],[39.049548,45.0204647]]}},{"type":"Feature","id":130193134,"properties":{"highway":"service","name":null},"geometry":{"type":"LineString","coordinates":[[39.0470782,45.0209632],[39.0475529,45.0217352],[39.0476219,45.0218505]]}},{"type":"Feature","id":130195303,"properties":{"highway":"residential","name":"Новгородский проезд"},"geometry":{"type":"LineString","coordinates":[[39.0295391,45.032831],[39.0295861,45.0325885],[39.0295578,45.0325034],[39.0294938,45.0324532],[39.0278777,45.0323053]]}},{"type":"Feature","id":130195304,"properties":{"highway":"service","name":null},"geometry":{"type":"LineString","coordinates":[[39.0268063,45.0329483],[39.0271795,45.0331202],[39.0277488,45.0333767],[39.0294774,45.0340758],[39.0301072,45.0343416],[39.0302142,45.0343491],[39.0302929,45.0343558],[39.0302951,45.0344062],[39.0303345,45.0344408],[39.0311953,45.0345446],[39.0312358,45.034547],[39.0312509,45.0345221],[39.0312807,45.0344047],[39.0312605,45.0343822],[39.031203,45.0343724],[39.0304026,45.0343062],[39.030344,45.0343242],[39.0302929,45.0343558]]}},{"type":"Feature","id":130536004,"properties":{"highway":"service","name":null},"geometry":{"type":"LineString","coordinates":[[39.0165586,45.0386602],[39.0161754,45.0386559],[39.0160064,45.0386919],[39.0157811,45.0386938],[39.0155504,45.0385819],[39.015411,45.0385781],[39.0152205,45.0386009],[39.0150757,45.0386426],[39.014947,45.0386502],[39.0147726,45.038635],[39.0146975,45.0385744],[39.0145366,45.0385346],[39.0143837,45.038563],[39.0138875,45.0386805],[39.0138204,45.0387013],[39.0138016,45.0387317],[39.0138258,45.0388037],[39.0138151,45.0388359],[39.0138151,45.0388681],[39.0137319,45.038906],[39.0133135,45.0390027],[39.0129165,45.039088],[39.0121735,45.0392529],[39.0121065,45.0392491],[39.0120502,45.0392263],[39.012026,45.0391581],[39.0119885,45.0390065],[39.0120001,45.0388571],[39.0122326,45.0385137],[39.0124311,45.038137],[39.0125598,45.0384436],[39.0122326,45.0385137]]}},{"type":"Feature","id":132834540,"properties":{"highway":"residential","name":"Алтайская улица"},"geometry":{"type":"LineString","coordinates":[[39.0416337,45.0252533],[39.0418033,45.0239995],[39.0418135,45.023902],[39.0418559,45.0237476],[39.0418117,45.0236637]]}},{"type":"Feature","id":135639427,"properties":{"highway":"service","name":null},"geometry":{"type":"LineString","coordinates":[[39.0244539,45.0377657],[39.0245947,45.0375091],[39.0247331,45.0372441],[39.0247824,45.0371449],[39.0248272,45.0370488]]}},{"type":"Feature","id":135639429,"properties":{"highway":"service","name":null},"geometry":{"type":"LineString","coordinates":[[39.0253545,45.0377753],[39.0254403,45.0377033],[39.0257073,45.0376612],[39.0258125,45.0376459]]}},{"type":"Feature","id":135639431,"properties":{"highway":"service","name":null},"geometry":{"type":"LineString","coordinates":[[39.0247331,45.0372441],[39.0251082,45.0373546],[39.0252372,45.0374253],[39.0253371,45.0375187],[39.0254403,45.0377033]]}},{"type":"Feature","id":135639434,"properties":{"highway":"service","name":null},"geometry":{"type":"LineString","coordinates":[[39.0276259,45.0375755],[39.028112,45.0377833],[39.028291,45.0377938],[39.0284558,45.0378034],[39.0284367,45.0380298],[39.0282638,45.0380667],[39.0280871,45.0380692],[39.0276636,45.0380482],[39.0275786,45.038044],[39.0274955,45.0380403]]}},{"type":"Feature","id":135639436,"properties":{"highway":"service","name":null},"geometry":{"type":"LineString","coordinates":[[39.0277357,45.0365344],[39.0278289,45.0365414],[39.0280844,45.0366547],[39.0281341,45.0366683],[39.0281925,45.0366842],[39.0282489,45.0366996],[39.0283065,45.0367154],[39.0283581,45.0367295],[39.0284152,45.0367451],[39.0284685,45.0367596],[39.0284405,45.0370911],[39.028378,45.0371066],[39.0283168,45.0371218],[39.02826,45.0371358],[39.0282003,45.0371506],[39.0281411,45.0371653],[39.0280834,45.0371795],[39.0280203,45.0371952],[39.0277968,45.0372995],[39.0276511,45.0373385]]}},{"type":"Feature","id":136194292,"properties":{"highway":"unclassified","name":"2-й Адыгейский переулок"},"geometry":{"type":"LineString","coordinates":[[39.010932,45.0102838],[39.0108215,45.0099731]]}},{"type":"Feature","id":136194293,"properties":{"highway":"residential","name":"улица Воронежский Бугор"},"geometry":{"type":"LineString","coordinates":[[39.0141266,45.009233],[39.0134979,45.0089955]]}},{"type":"Feature","id":136194294,"properties":{"highway":"residential","name":"1-й Адыгейский переулок"},"geometry":{"type":"LineString","coordinates":[[39.0108755,45.0082804],[39.0110884,45.0084596],[39.0113025,45.0086361]]}},{"type":"Feature","id":136194295,"properties":{"highway":"service","name":"2-й Западный проезд"},"geometry":{"type":"LineString","coordinates":[[39.0220899,45.0042393],[39.022733,45.004122],[39.023385,45.0040205]]}},{"type":"Feature","id":136194296,"properties":{"highway":"service","name":null},"geometry":{"type":"LineString","coordinates":[[39.022733,45.004122],[39.023002,45.0048299],[39.0232708,45.0047939]]}},{"type":"Feature","id":136194297,"properties":{"highway":"residential","name":"улица Воронежский Бугор"},"geometry":{"type":"LineString","coordinates":[[39.0119261,45.008088],[39.0122934,45.0082349],[39.0128337,45.0084778]]}},{"type":"Feature","id":136194298,"properties":{"highway":"residential","name":"2-й Адыгейский переулок"},"geometry":{"type":"LineString","coordinates":[[39.0105728,45.0101473],[39.0108215,45.0099731],[39.0112824,45.0095881],[39.0118159,45.0090365]]}},{"type":"Feature","id":136194299,"properties":{"highway":"service","name":null},"geometry":{"type":"LineString","coordinates":[[39.0240976,45.0018836],[39.024163,45.0018304],[39.0241981,45.0018112],[39.0242201,45.0017991],[39.0243489,45.0017284],[39.0248835,45.001518],[39.0249731,45.0014845],[39.0251127,45.0015199],[39.0252312,45.0016093],[39.0253974,45.0015524],[39.0257013,45.0014228],[39.0259534,45.0012578],[39.0263326,45.0009923],[39.0265432,45.0008804]]}},{"type":"Feature","id":136194301,"properties":{"highway":"tertiary","name":"улица Стасова"},"geometry":{"type":"LineString","coordinates":[[39.0279854,45.0049752],[39.028044,45.0049748],[39.0281187,45.0049904],[39.0282715,45.0050366]]}},{"type":"Feature","id":136194302,"properties":{"highway":"residential","name":"улица Стасова"},"geometry":{"type":"LineString","coordinates":[[39.0282715,45.0050366],[39.0283957,45.0051821],[39.03083,45.007076],[39.0310689,45.0072662],[39.032014,45.0080185],[39.0323886,45.0083166],[39.0324863,45.0083944],[39.0325201,45.0084206],[39.032814,45.0086436]]}},{"type":"Feature","id":142157474,"properties":{"highway":"service","name":null},"geometry":{"type":"LineString","coordinates":[[39.0350166,45.0185446],[39.0349541,45.0184061]]}},{"type":"Feature","id":142157475,"properties":{"highway":"service","name":null},"geometry":{"type":"LineString","coordinates":[[39.0349541,45.0184061],[39.0347994,45.0183984],[39.0345844,45.018446],[39.0345193,45.0184634]]}},{"type":"Feature","id":142157476,"properties":{"highway":"service","name":null},"geometry":{"type":"LineString","coordinates":[[39.0350166,45.0185446],[39.0354919,45.0184452],[39.0358475,45.0183728],[39.0369167,45.0181494],[39.0370126,45.0181285],[39.0370339,45.0181233],[39.0370752,45.0181131]]}},{"type":"Feature","id":142240488,"properties":{"highway":"primary","name":"Старокубанская улица"},"geometry":{"type":"LineString","coordinates":[[39.0497968,45.0209199],[39.049548,45.0204647],[39.0494019,45.0201663]]}},{"type":"Feature","id":142244685,"properties":{"highway":"primary","name":null},"geometry":{"type":"LineString","coordinates":[[39.0288711,45.0271923],[39.028822,45.0272438],[39.0287786,45.0272798]]}},{"type":"Feature","id":142244686,"properties":{"highway":"residential","name":"Карасунский проезд"},"geometry":{"type":"LineString","coordinates":[[39.0273838,45.0270675],[39.0274504,45.0269844],[39.0274542,45.0268712],[39.0273934,45.026688],[39.0276804,45.0266381],[39.0275526,45.025867],[39.0275456,45.0256185],[39.0275137,45.0254625],[39.0274252,45.025182]]}},{"type":"Feature","id":142244687,"properties":{"highway":"secondary","name":"улица Селезнёва"},"geometry":{"type":"LineString","coordinates":[[39.027321,45.0271437],[39.0268255,45.0272098]]}},{"type":"Feature","id":142262543,"properties":{"highway":"primary","name":"улица Селезнёва"},"geometry":{"type":"LineString","coordinates":[[39.0291979,45.0268519],[39.029273,45.0268354],[39.0298805,45.0267316],[39.0306805,45.026602]]}},{"type":"Feature","id":142262544,"properties":{"highway":"service","name":null},"geometry":{"type":"LineString","coordinates":[[39.0291979,45.0268519],[39.0291833,45.026807],[39.029166,45.0267494],[39.0290607,45.0263643],[39.0289783,45.0260976],[39.0287673,45.0259014],[39.0287475,45.0256371],[39.028995,45.0254364],[39.0292196,45.025291]]}},{"type":"Feature","id":142262785,"properties":{"highway":"primary","name":"улица Селезнёва"},"geometry":{"type":"LineString","coordinates":[[39.0304789,45.0267106],[39.0293793,45.0268843],[39.0292917,45.0268988],[39.0292194,45.0269305]]}},{"type":"Feature","id":142262786,"properties":{"highway":"primary","name":"улица Селезнёва"},"geometry":{"type":"LineString","coordinates":[[39.0292194,45.0269305],[39.0291529,45.026964],[39.029088,45.0270157],[39.0289749,45.0270983],[39.0288711,45.0271923]]}},{"type":"Feature","id":142271595,"properties":{"highway":"service","name":null},"geometry":{"type":"LineString","coordinates":[[39.0353619,45.025064],[39.0355402,45.0253724],[39.0355718,45.0254365]]}},{"type":"Feature","id":142271596,"properties":{"highway":"service","name":null},"geometry":{"type":"LineString","coordinates":[[39.031081,45.0260464],[39.0308396,45.0260768],[39.0304378,45.0261417],[39.0290607,45.0263643]]}},{"type":"Feature","id":142453360,"properties":{"highway":"service","name":null},"geometry":{"type":"LineString","coordinates":[[39.0444627,45.0293124],[39.0442072,45.0293077],[39.0440469,45.0293048],[39.0438905,45.0293019],[39.0437379,45.0292992],[39.0435913,45.0292965]]}},{"type":"Feature","id":142768655,"properties":{"highway":"primary","name":"улица Селезнёва"},"geometry":{"type":"LineString","coordinates":[[39.0479642,45.0217574],[39.0481862,45.0217093]]}},{"type":"Feature","id":142768658,"properties":{"highway":"primary","name":"улица Селезнёва"},"geometry":{"type":"LineString","coordinates":[[39.0492719,45.0214029],[39.0496587,45.0212747]]}},{"type":"Feature","id":142770622,"properties":{"highway":"primary","name":"Сормовская улица"},"geometry":{"type":"LineString","coordinates":[[39.0479432,45.0219687],[39.0477004,45.0219375]]}},{"type":"Feature","id":142862285,"properties":{"highway":"service","name":null},"geometry":{"type":"LineString","coordinates":[[39.0531827,45.0173532],[39.0532431,45.0173825],[39.0533013,45.0174108],[39.0533468,45.0174604],[39.0533592,45.0175554],[39.0532829,45.017686],[39.0531466,45.017874],[39.0531008,45.017928],[39.0529306,45.0180254],[39.0529131,45.0180271],[39.0527863,45.0180397]]}},{"type":"Feature","id":142862286,"properties":{"highway":"footway","name":null},"geometry":{"type":"LineString","coordinates":[[39.0521093,45.0186829],[39.0526661,45.0177646],[39.0529318,45.0173175],[39.0537142,45.0160001],[39.0540178,45.0155102]]}},{"type":"Feature","id":142880760,"properties":{"highway":"service","name":null},"geometry":{"type":"LineString","coordinates":[[39.0495797,45.0227874],[39.0495193,45.0227381],[39.0494898,45.022686],[39.0494872,45.0226499]]}},{"type":"Feature","id":142880762,"properties":{"highway":"service","name":null},"geometry":{"type":"LineString","coordinates":[[39.049489,45.022434],[39.0495602,45.0224738],[39.0496393,45.0225384],[39.0497366,45.0226205],[39.0498396,45.0226555],[39.0500033,45.0226575],[39.0501362,45.0226575]]}},{"type":"Feature","id":142882106,"properties":{"highway":"service","name":null},"geometry":{"type":"LineString","coordinates":[[39.0501385,45.0227891],[39.0495797,45.0227874],[39.0494216,45.0227499],[39.049168,45.022648],[39.0491657,45.0225162],[39.049164,45.0224186]]}},{"type":"Feature","id":152134974,"properties":{"highway":"service","name":null},"geometry":{"type":"LineString","coordinates":[[39.0402315,45.0168321],[39.0401633,45.0166922],[39.0400438,45.0164427]]}},{"type":"Feature","id":152134975,"properties":{"highway":"service","name":null},"geometry":{"type":"LineString","coordinates":[[39.0391314,45.0161359],[39.0388204,45.0154566]]}},{"type":"Feature","id":152134976,"properties":{"highway":"service","name":null},"geometry":{"type":"LineString","coordinates":[[39.0388131,45.0162095],[39.0384206,45.0162249],[39.0372318,45.0162364]]}},{"type":"Feature","id":152134977,"properties":{"highway":"service","name":null},"geometry":{"type":"LineString","coordinates":[[39.0384206,45.0162249],[39.0381351,45.0155606]]}},{"type":"Feature","id":152134978,"properties":{"highway":"service","name":null},"geometry":{"type":"LineString","coordinates":[[39.0391546,45.0170653],[39.0391079,45.016937],[39.0389968,45.0166747],[39.0389558,45.0165691],[39.0388131,45.0162095]]}},{"type":"Feature","id":152135213,"properties":{"highway":"service","name":null},"geometry":{"type":"LineString","coordinates":[[39.0380659,45.0140707],[39.0387468,45.0146207],[39.0389822,45.0144889]]}},{"type":"Feature","id":152402155,"properties":{"highway":"service","name":null},"geometry":{"type":"LineString","coordinates":[[39.0385985,45.0129982],[39.0387801,45.0129935],[39.039538,45.012987],[39.039664,45.0128978],[39.0407182,45.0128754]]}},{"type":"Feature","id":152402157,"properties":{"highway":"service","name":null},"geometry":{"type":"LineString","coordinates":[[39.0378302,45.0153215],[39.0378391,45.014895],[39.0368096,45.0148844]]}},{"type":"Feature","id":152402158,"properties":{"highway":"footway","name":null},"geometry":{"type":"LineString","coordinates":[[39.0417623,45.012834],[39.0411233,45.0128352]]}},{"type":"Feature","id":152402159,"properties":{"highway":"service","name":null},"geometry":{"type":"LineString","coordinates":[[39.0393601,45.0134554],[39.0387801,45.0129935]]}},{"type":"Feature","id":152402163,"properties":{"highway":"service","name":null},"geometry":{"type":"LineString","coordinates":[[39.0408872,45.0134614],[39.0411026,45.0134652],[39.0411034,45.0134267],[39.0411045,45.0132162],[39.0407182,45.0128754]]}},{"type":"Feature","id":152801128,"properties":{"highway":"service","name":null},"geometry":{"type":"LineString","coordinates":[[39.006407,45.0357619],[39.00709,45.0356648],[39.0073681,45.0356253],[39.0074771,45.0359435]]}},{"type":"Feature","id":152801129,"properties":{"highway":"service","name":null},"geometry":{"type":"LineString","coordinates":[[39.0074151,45.0365968],[39.0072324,45.0359823]]}},{"type":"Feature","id":152801130,"properties":{"highway":"service","name":null},"geometry":{"type":"LineString","coordinates":[[39.0069007,45.0367007],[39.0066947,45.0360674]]}},{"type":"Feature","id":152801131,"properties":{"highway":"service","name":null},"geometry":{"type":"LineString","coordinates":[[39.0062859,45.0361321],[39.0065057,45.0360973],[39.0066947,45.0360674],[39.0071909,45.0359889],[39.0072324,45.0359823],[39.0074771,45.0359435],[39.0078702,45.0358787]]}},{"type":"Feature","id":152801132,"properties":{"highway":"service","name":null},"geometry":{"type":"LineString","coordinates":[[39.006699,45.0367235],[39.0065057,45.0360973]]}},{"type":"Feature","id":152803871,"properties":{"highway":"footway","name":null},"geometry":{"type":"LineString","coordinates":[[39.0394433,45.0111028],[39.0396141,45.0112699]]}},{"type":"Feature","id":152803875,"properties":{"highway":"footway","name":null},"geometry":{"type":"LineString","coordinates":[[39.0399789,45.0112068],[39.0406488,45.0117366],[39.0401502,45.0120299],[39.0394611,45.0115168],[39.0396141,45.0112699],[39.0399789,45.0112068]]}},{"type":"Feature","id":152803876,"properties":{"highway":"footway","name":null},"geometry":{"type":"LineString","coordinates":[[39.0385985,45.0129982],[39.0384294,45.0131069]]}},{"type":"Feature","id":152803878,"properties":{"highway":"footway","name":null},"geometry":{"type":"LineString","coordinates":[[39.0407182,45.0128754],[39.0406573,45.0127365],[39.0405862,45.0124434],[39.0405803,45.0124194]]}},{"type":"Feature","id":152803879,"properties":{"highway":"footway","name":null},"geometry":{"type":"LineString","coordinates":[[39.0392296,45.0137424],[39.0394046,45.0136528]]}},{"type":"Feature","id":152805562,"properties":{"highway":"service","name":null},"geometry":{"type":"LineString","coordinates":[[39.0395379,45.0108412],[39.039656,45.0109688],[39.0398571,45.0111153]]}},{"type":"Feature","id":152807019,"properties":{"highway":"footway","name":null},"geometry":{"type":"LineString","coordinates":[[39.0384294,45.0131069],[39.0383459,45.0131575],[39.0383133,45.0131772],[39.0381966,45.013248],[39.0381481,45.0132774],[39.0377935,45.0134672]]}},{"type":"Feature","id":152807021,"properties":{"highway":"service","name":null},"geometry":{"type":"LineString","coordinates":[[39.0331481,45.0157077],[39.0336245,45.0157098]]}},{"type":"Feature","id":153191021,"properties":{"highway":"service","name":null},"geometry":{"type":"LineString","coordinates":[[39.0318324,45.0145068],[39.031616,45.0140089],[39.0315374,45.0138279]]}},{"type":"Feature","id":153191025,"properties":{"highway":"service","name":null},"geometry":{"type":"LineString","coordinates":[[39.0329715,45.0137377],[39.0328754,45.0134813],[39.0328184,45.0133182]]}},{"type":"Feature","id":153191026,"properties":{"highway":"service","name":null},"geometry":{"type":"LineString","coordinates":[[39.0344341,45.0132368],[39.0344205,45.0131873],[39.0344033,45.0131478],[39.0343351,45.0129967]]}},{"type":"Feature","id":153191027,"properties":{"highway":"service","name":null},"geometry":{"type":"LineString","coordinates":[[39.0387468,45.0146207],[39.0383961,45.0148684],[39.0382707,45.0147796]]}},{"type":"Feature","id":153191028,"properties":{"highway":"service","name":null},"geometry":{"type":"LineString","coordinates":[[39.0332037,45.0149665],[39.0331481,45.0157077]]}},{"type":"Feature","id":153191029,"properties":{"highway":"service","name":null},"geometry":{"type":"LineString","coordinates":[[39.031616,45.0140089],[39.0322722,45.0138746],[39.0329715,45.0137377],[39.0341395,45.0134951]]}},{"type":"Feature","id":153191033,"properties":{"highway":"service","name":null},"geometry":{"type":"LineString","coordinates":[[39.0378889,45.0144347],[39.03682,45.0144257]]}},{"type":"Feature","id":153191035,"properties":{"highway":"service","name":null},"geometry":{"type":"LineString","coordinates":[[39.0342432,45.0143723],[39.0341395,45.0134951]]}},{"type":"Feature","id":153191733,"properties":{"highway":"service","name":null},"geometry":{"type":"LineString","coordinates":[[39.0322722,45.0138746],[39.0332448,45.0145442]]}},{"type":"Feature","id":153191734,"properties":{"highway":"service","name":null},"geometry":{"type":"LineString","coordinates":[[39.0329715,45.0137377],[39.0330776,45.013876],[39.0336791,45.0143002],[39.0338517,45.0143363],[39.0342432,45.0143723]]}},{"type":"Feature","id":153192286,"properties":{"highway":"service","name":null},"geometry":{"type":"LineString","coordinates":[[39.0398905,45.0163642],[39.0399373,45.0164663]]}},{"type":"Feature","id":153192287,"properties":{"highway":"service","name":null},"geometry":{"type":"LineString","coordinates":[[39.0395645,45.0149465],[39.0388456,45.0153244]]}},{"type":"Feature","id":153192288,"properties":{"highway":"service","name":null},"geometry":{"type":"LineString","coordinates":[[39.0411393,45.0161999],[39.0407097,45.0158579],[39.0395645,45.0149465],[39.0393531,45.0147804],[39.0389822,45.0144889]]}},{"type":"Feature","id":153192289,"properties":{"highway":"service","name":null},"geometry":{"type":"LineString","coordinates":[[39.0376885,45.0164463],[39.0378477,45.0167937],[39.037901,45.0169175],[39.0379358,45.0169984]]}},{"type":"Feature","id":153192290,"properties":{"highway":"service","name":null},"geometry":{"type":"LineString","coordinates":[[39.037901,45.0169175],[39.0389968,45.0166747],[39.0399373,45.0164663],[39.0400438,45.0164427],[39.0411393,45.0161999]]}},{"type":"Feature","id":153192291,"properties":{"highway":"footway","name":null},"geometry":{"type":"LineString","coordinates":[[39.0407097,45.0158579],[39.0402678,45.0161196]]}},{"type":"Feature","id":153192323,"properties":{"highway":"service","name":null},"geometry":{"type":"LineString","coordinates":[[39.036843,45.0134187],[39.0374106,45.0134318],[39.0377451,45.013434]]}},{"type":"Feature","id":153361447,"properties":{"highway":"service","name":null},"geometry":{"type":"LineString","coordinates":[[39.0339649,45.0172795],[39.0337126,45.0173302]]}},{"type":"Feature","id":153361448,"properties":{"highway":"service","name":null},"geometry":{"type":"LineString","coordinates":[[39.0336547,45.0153306],[39.0336561,45.0151089],[39.0336534,45.0146575]]}},{"type":"Feature","id":153361449,"properties":{"highway":"service","name":null},"geometry":{"type":"LineString","coordinates":[[39.0345977,45.0164429],[39.0344241,45.0164436],[39.0338462,45.0164418],[39.0337762,45.0164426]]}},{"type":"Feature","id":153361450,"properties":{"highway":"footway","name":null},"geometry":{"type":"LineString","coordinates":[[39.0345044,45.0147],[39.0345052,45.0146614]]}},{"type":"Feature","id":153361451,"properties":{"highway":"service","name":null},"geometry":{"type":"LineString","coordinates":[[39.0341383,45.0177344],[39.0333016,45.0179062],[39.0327835,45.0180484]]}},{"type":"Feature","id":153361453,"properties":{"highway":"service","name":null},"geometry":{"type":"LineString","coordinates":[[39.0344241,45.0164436],[39.0344633,45.0166881],[39.0349598,45.0166966],[39.0350779,45.0169533],[39.0352674,45.01745],[39.0353917,45.0177466],[39.0354344,45.017863]]}},{"type":"Feature","id":153361454,"properties":{"highway":"service","name":null},"geometry":{"type":"LineString","coordinates":[[39.033042,45.0172969],[39.0333016,45.0179062]]}},{"type":"Feature","id":153361782,"properties":{"highway":"service","name":null},"geometry":{"type":"LineString","coordinates":[[39.0341927,45.0178773],[39.0344915,45.0178172],[39.0344368,45.0176601],[39.0348445,45.0175654]]}},{"type":"Feature","id":153361785,"properties":{"highway":"service","name":null},"geometry":{"type":"LineString","coordinates":[[39.0361652,45.0164488],[39.0356331,45.0164505],[39.0356009,45.0166894],[39.0349598,45.0166966]]}},{"type":"Feature","id":153361786,"properties":{"highway":"service","name":null},"geometry":{"type":"LineString","coordinates":[[39.0361652,45.0164488],[39.0362822,45.0164467]]}},{"type":"Feature","id":153361790,"properties":{"highway":"service","name":null},"geometry":{"type":"LineString","coordinates":[[39.0356009,45.0166894],[39.0357296,45.0168752]]}},{"type":"Feature","id":153361792,"properties":{"highway":"service","name":null},"geometry":{"type":"LineString","coordinates":[[39.0332243,45.0166635],[39.0331869,45.0168866],[39.0330796,45.0169055]]}},{"type":"Feature","id":153362764,"properties":{"highway":"service","name":null},"geometry":{"type":"LineString","coordinates":[[39.0337276,45.0166568],[39.0332243,45.0166635],[39.03277,45.0166695],[39.0326621,45.016668],[39.0322469,45.01681]]}},{"type":"Feature","id":153438758,"properties":{"highway":"service","name":null},"geometry":{"type":"LineString","coordinates":[[39.0336561,45.0151089],[39.0338574,45.0151171],[39.0343215,45.0151176]]}},{"type":"Feature","id":153598250,"properties":{"highway":"footway","name":null},"geometry":{"type":"LineString","coordinates":[[39.037449,45.0126412],[39.0374722,45.0125632],[39.0372435,45.0123771],[39.0371875,45.0123235],[39.0370825,45.0122475]]}},{"type":"Feature","id":154042845,"properties":{"highway":"footway","name":null},"geometry":{"type":"LineString","coordinates":[[39.0408045,45.0118173],[39.040815,45.0118129],[39.0407695,45.0117731],[39.040962,45.0116536]]}},{"type":"Feature","id":154042847,"properties":{"highway":"service","name":null},"geometry":{"type":"LineString","coordinates":[[39.0410839,45.0117503],[39.040962,45.0116536],[39.0403789,45.0111912]]}},{"type":"Feature","id":154043779,"properties":{"highway":"service","name":null},"geometry":{"type":"LineString","coordinates":[[39.0380109,45.0118158],[39.038407,45.0121326]]}},{"type":"Feature","id":154070327,"properties":{"highway":"service","name":null},"geometry":{"type":"LineString","coordinates":[[39.0383783,45.0115761],[39.0385149,45.0116875],[39.0387819,45.0118929],[39.0390274,45.0120778],[39.0389273,45.0121556],[39.0382585,45.0125479],[39.0380357,45.0123719]]}},{"type":"Feature","id":154070328,"properties":{"highway":"service","name":null},"geometry":{"type":"LineString","coordinates":[[39.0446102,45.0139089],[39.04451,45.0140841],[39.0441614,45.0142672]]}},{"type":"Feature","id":154070329,"properties":{"highway":"service","name":null},"geometry":{"type":"LineString","coordinates":[[39.0427451,45.0135798],[39.0427237,45.0136225],[39.0425923,45.0137268]]}},{"type":"Feature","id":154070330,"properties":{"highway":"service","name":null},"geometry":{"type":"LineString","coordinates":[[39.0382585,45.0125479],[39.0385341,45.0127579]]}},{"type":"Feature","id":154070331,"properties":{"highway":"service","name":null},"geometry":{"type":"LineString","coordinates":[[39.0451768,45.0136022],[39.0450256,45.0136682],[39.0446102,45.0139089]]}},{"type":"Feature","id":154070332,"properties":{"highway":"service","name":null},"geometry":{"type":"LineString","coordinates":[[39.0444674,45.0138087],[39.0443903,45.0138523],[39.0440112,45.0140662]]}},{"type":"Feature","id":154070333,"properties":{"highway":"service","name":null},"geometry":{"type":"LineString","coordinates":[[39.0389273,45.0121556],[39.0393871,45.0125417]]}},{"type":"Feature","id":154070334,"properties":{"highway":"service","name":null},"geometry":{"type":"LineString","coordinates":[[39.0441168,45.0135217],[39.0432725,45.0140344]]}},{"type":"Feature","id":154071452,"properties":{"highway":"service","name":null},"geometry":{"type":"LineString","coordinates":[[39.0441962,45.0154659],[39.0442848,45.0156817],[39.0439869,45.0157541]]}},{"type":"Feature","id":154071453,"properties":{"highway":"service","name":null},"geometry":{"type":"LineString","coordinates":[[39.0420398,45.015085],[39.0418884,45.0149882],[39.0418909,45.0148408],[39.0408365,45.0148436]]}},{"type":"Feature","id":154071454,"properties":{"highway":"service","name":null},"geometry":{"type":"LineString","coordinates":[[39.0430318,45.0150596],[39.042151,45.0150933],[39.0420398,45.015085],[39.0420639,45.0152342],[39.0418761,45.0152798]]}},{"type":"Feature","id":154071455,"properties":{"highway":"service","name":null},"geometry":{"type":"LineString","coordinates":[[39.0443479,45.0144386],[39.0444818,45.0143653],[39.0445974,45.0142982]]}},{"type":"Feature","id":154071456,"properties":{"highway":"service","name":null},"geometry":{"type":"LineString","coordinates":[[39.0427237,45.0136225],[39.0429919,45.0138197]]}},{"type":"Feature","id":154071457,"properties":{"highway":"service","name":null},"geometry":{"type":"LineString","coordinates":[[39.0410286,45.0144644],[39.0403642,45.014453]]}},{"type":"Feature","id":154071458,"properties":{"highway":"service","name":null},"geometry":{"type":"LineString","coordinates":[[39.0428396,45.0146248],[39.0424491,45.014634]]}},{"type":"Feature","id":154071459,"properties":{"highway":"service","name":null},"geometry":{"type":"LineString","coordinates":[[39.0424708,45.0158832],[39.0418961,45.0154247],[39.0418761,45.0152798],[39.0413337,45.015267]]}},{"type":"Feature","id":154071460,"properties":{"highway":"service","name":null},"geometry":{"type":"LineString","coordinates":[[39.0410381,45.0142676],[39.0410286,45.0144644]]}},{"type":"Feature","id":154071461,"properties":{"highway":"service","name":null},"geometry":{"type":"LineString","coordinates":[[39.0408906,45.01407],[39.0398533,45.0140528]]}},{"type":"Feature","id":154071462,"properties":{"highway":"service","name":null},"geometry":{"type":"LineString","coordinates":[[39.0423435,45.0159425],[39.0424457,45.0160979]]}},{"type":"Feature","id":154721553,"properties":{"highway":"tertiary","name":"Старокубанская улица"},"geometry":{"type":"LineString","coordinates":[[39.0459576,45.0142287],[39.0453956,45.0137725]]}},{"type":"Feature","id":154725959,"properties":{"highway":"service","name":null},"geometry":{"type":"LineString","coordinates":[[39.0296634,45.0375992],[39.0298185,45.0375985],[39.0300317,45.0375975],[39.0303431,45.0375961],[39.0304892,45.0376793],[39.0306549,45.0377209],[39.0309907,45.0377194],[39.0314115,45.0377794],[39.0316971,45.0378657],[39.0321484,45.0380676],[39.0325758,45.0383372],[39.0326128,45.0384003],[39.032567,45.0384543],[39.0323454,45.0386211],[39.0321986,45.0387408]]}},{"type":"Feature","id":154725968,"properties":{"highway":"unclassified","name":null},"geometry":{"type":"LineString","coordinates":[[39.0277516,45.036383],[39.02785,45.0363858],[39.0282024,45.0364258],[39.029348,45.0365443],[39.0295079,45.0366241],[39.0296244,45.0367645],[39.0296641,45.0369433]]}},{"type":"Feature","id":154732061,"properties":{"highway":"residential","name":"Балтийская улица"},"geometry":{"type":"LineString","coordinates":[[39.0324963,45.0264965],[39.0353205,45.0267758],[39.0381441,45.0270871],[39.0402016,45.0273111],[39.0412997,45.0274195]]}},{"type":"Feature","id":154946209,"properties":{"highway":"service","name":null},"geometry":{"type":"LineString","coordinates":[[39.0367327,45.0105384],[39.0365569,45.0106549]]}},{"type":"Feature","id":154946210,"properties":{"highway":"service","name":null},"geometry":{"type":"LineString","coordinates":[[39.0360168,45.0105257],[39.0361737,45.01065]]}},{"type":"Feature","id":154946211,"properties":{"highway":"service","name":null},"geometry":{"type":"LineString","coordinates":[[39.0364005,45.0102761],[39.0360168,45.0105257],[39.0359633,45.0104922]]}},{"type":"Feature","id":154946212,"properties":{"highway":"service","name":null},"geometry":{"type":"LineString","coordinates":[[39.0372588,45.0116772],[39.0373637,45.0116075],[39.0377956,45.0113203],[39.0378816,45.011222]]}},{"type":"Feature","id":154946213,"properties":{"highway":"service","name":null},"geometry":{"type":"LineString","coordinates":[[39.0350083,45.0103922],[39.0353431,45.0100803],[39.0346412,45.0095916],[39.0342952,45.0098251]]}},{"type":"Feature","id":155154565,"properties":{"highway":"service","name":null},"geometry":{"type":"LineString","coordinates":[[39.0394273,45.0109166],[39.0393527,45.0108449],[39.0391251,45.0106622]]}},{"type":"Feature","id":155154566,"properties":{"highway":"service","name":null},"geometry":{"type":"LineString","coordinates":[[39.0439483,45.0160023],[39.0438996,45.015897],[39.0438528,45.0157853]]}},{"type":"Feature","id":155154567,"properties":{"highway":"service","name":null},"geometry":{"type":"LineString","coordinates":[[39.0390969,45.0103289],[39.0389172,45.0104467]]}},{"type":"Feature","id":155154568,"properties":{"highway":"service","name":null},"geometry":{"type":"LineString","coordinates":[[39.0374863,45.0111208],[39.0377879,45.0109242]]}},{"type":"Feature","id":155154570,"properties":{"highway":"service","name":null},"geometry":{"type":"LineString","coordinates":[[39.0357394,45.007908],[39.0353757,45.0076225],[39.0352447,45.0076787],[39.0348061,45.00735]]}},{"type":"Feature","id":155154574,"properties":{"highway":"service","name":null},"geometry":{"type":"LineString","coordinates":[[39.0355983,45.0090507],[39.035493,45.0091293]]}},{"type":"Feature","id":155154575,"properties":{"highway":"service","name":null},"geometry":{"type":"LineString","coordinates":[[39.0346412,45.0095916],[39.0340422,45.0090855]]}},{"type":"Feature","id":155154576,"properties":{"highway":"service","name":null},"geometry":{"type":"LineString","coordinates":[[39.0374257,45.0106326],[39.0373071,45.0105383]]}},{"type":"Feature","id":155154578,"properties":{"highway":"service","name":null},"geometry":{"type":"LineString","coordinates":[[39.0347089,45.0089489],[39.0343923,45.0091645]]}},{"type":"Feature","id":155154582,"properties":{"highway":"service","name":null},"geometry":{"type":"LineString","coordinates":[[39.0336827,45.0093273],[39.0336127,45.0093937],[39.0335833,45.0094144],[39.0335419,45.0094405]]}},{"type":"Feature","id":155154583,"properties":{"highway":"service","name":null},"geometry":{"type":"LineString","coordinates":[[39.0353431,45.0100803],[39.035389,45.009947],[39.0352537,45.0098337]]}},{"type":"Feature","id":155154584,"properties":{"highway":"service","name":null},"geometry":{"type":"LineString","coordinates":[[39.0335138,45.0091927],[39.0334264,45.0092462],[39.0333982,45.0092682],[39.0333438,45.0093064]]}},{"type":"Feature","id":155154586,"properties":{"highway":"service","name":null},"geometry":{"type":"LineString","coordinates":[[39.0343278,45.0086556],[39.0340868,45.0088741],[39.034167,45.0089414]]}},{"type":"Feature","id":155154590,"properties":{"highway":"service","name":null},"geometry":{"type":"LineString","coordinates":[[39.0368139,45.0100169],[39.0371719,45.0102833],[39.0375933,45.0100118]]}},{"type":"Feature","id":155154591,"properties":{"highway":"service","name":null},"geometry":{"type":"LineString","coordinates":[[39.0389504,45.009889],[39.0387168,45.0100304],[39.0390969,45.0103289],[39.0392703,45.0104781]]}},{"type":"Feature","id":155154593,"properties":{"highway":"service","name":null},"geometry":{"type":"LineString","coordinates":[[39.0356832,45.0092809],[39.035493,45.0091293],[39.0351667,45.0088666],[39.035172,45.0087514]]}},{"type":"Feature","id":155154594,"properties":{"highway":"service","name":null},"geometry":{"type":"LineString","coordinates":[[39.0351,45.0086921],[39.0358278,45.0082364],[39.0359099,45.0081592],[39.0358603,45.0080048],[39.0357394,45.007908],[39.0361139,45.0076855]]}},{"type":"Feature","id":155154599,"properties":{"highway":"service","name":null},"geometry":{"type":"LineString","coordinates":[[39.0343841,45.0086958],[39.0346658,45.0085034],[39.0343734,45.0082511],[39.0345276,45.0081544],[39.0347824,45.0083753],[39.0346658,45.0085034]]}},{"type":"Feature","id":155154601,"properties":{"highway":"service","name":null},"geometry":{"type":"LineString","coordinates":[[39.0346658,45.0085034],[39.0347881,45.0085823],[39.0348862,45.008529],[39.0351,45.0086921],[39.035172,45.0087514],[39.0353123,45.0088216],[39.0355983,45.0090507],[39.0358112,45.0092048]]}},{"type":"Feature","id":155154602,"properties":{"highway":"footway","name":null},"geometry":{"type":"LineString","coordinates":[[39.0353889,45.0094766],[39.0356832,45.0092809]]}},{"type":"Feature","id":155154607,"properties":{"highway":"residential","name":"улица Стасова"},"geometry":{"type":"LineString","coordinates":[[39.032814,45.0086436],[39.0335138,45.0091927],[39.0336827,45.0093273],[39.0342952,45.0098251],[39.0350083,45.0103922]]}},{"type":"Feature","id":155339478,"properties":{"highway":"footway","name":null},"geometry":{"type":"LineString","coordinates":[[39.0358112,45.0092048],[39.0360965,45.0090549]]}},{"type":"Feature","id":155339479,"properties":{"highway":"service","name":null},"geometry":{"type":"LineString","coordinates":[[39.0356832,45.0092809],[39.0358112,45.0092048]]}},{"type":"Feature","id":155339480,"properties":{"highway":"service","name":null},"geometry":{"type":"LineString","coordinates":[[39.0362902,45.008932],[39.0362055,45.0087486],[39.0364437,45.0085969],[39.0364702,45.0083592],[39.0365708,45.0082712],[39.0367362,45.0081638],[39.0370519,45.0079677]]}},{"type":"Feature","id":155581516,"properties":{"highway":"primary","name":"улица Селезнёва"},"geometry":{"type":"LineString","coordinates":[[39.0436257,45.0231285],[39.0433029,45.0232259],[39.0432595,45.0232379],[39.0431657,45.023264]]}},{"type":"Feature","id":155581520,"properties":{"highway":"residential","name":"улица Стасова"},"geometry":{"type":"LineString","coordinates":[[39.0436257,45.0231285],[39.0436864,45.0230196]]}},{"type":"Feature","id":155614184,"properties":{"highway":"tertiary","name":"Старокубанская улица"},"geometry":{"type":"LineString","coordinates":[[39.0464676,45.0146377],[39.0464294,45.0146021],[39.0460436,45.0142984],[39.0459576,45.0142287]]}},{"type":"Feature","id":155614186,"properties":{"highway":"tertiary","name":"Старокубанская улица"},"geometry":{"type":"LineString","coordinates":[[39.0466247,45.0147123],[39.046763,45.0147646],[39.0470276,45.0148317]]}},{"type":"Feature","id":156321121,"properties":{"highway":"service","name":null},"geometry":{"type":"LineString","coordinates":[[39.0291016,45.0188297],[39.0288418,45.0182039]]}},{"type":"Feature","id":156321122,"properties":{"highway":"service","name":null},"geometry":{"type":"LineString","coordinates":[[39.030604,45.0181023],[39.0307532,45.0184792]]}},{"type":"Feature","id":156321123,"properties":{"highway":"service","name":null},"geometry":{"type":"LineString","coordinates":[[39.0287965,45.0188945],[39.0285161,45.0182524]]}},{"type":"Feature","id":156321124,"properties":{"highway":"service","name":null},"geometry":{"type":"LineString","coordinates":[[39.0302146,45.0181266],[39.0293379,45.0183017]]}},{"type":"Feature","id":156321126,"properties":{"highway":"service","name":null},"geometry":{"type":"LineString","coordinates":[[39.0287185,45.0182273],[39.0285181,45.0177732],[39.0285925,45.0176236]]}},{"type":"Feature","id":156321127,"properties":{"highway":"service","name":null},"geometry":{"type":"LineString","coordinates":[[39.0303957,45.0185551],[39.0302146,45.0181266],[39.0301403,45.0179466]]}},{"type":"Feature","id":156321128,"properties":{"highway":"service","name":null},"geometry":{"type":"LineString","coordinates":[[39.0314737,45.0178966],[39.030604,45.0181023],[39.0305275,45.0179237]]}},{"type":"Feature","id":156321129,"properties":{"highway":"service","name":null},"geometry":{"type":"LineString","coordinates":[[39.0295209,45.0187408],[39.0293379,45.0183017],[39.0292549,45.0181127]]}},{"type":"Feature","id":156321130,"properties":{"highway":"service","name":null},"geometry":{"type":"LineString","coordinates":[[39.0321517,45.0176263],[39.0315772,45.0177499],[39.0314737,45.0178966],[39.0316397,45.0182911],[39.0317408,45.0185315]]}},{"type":"Feature","id":156321131,"properties":{"highway":"service","name":null},"geometry":{"type":"LineString","coordinates":[[39.0323808,45.0181338],[39.0321517,45.0176263],[39.0321136,45.0175314],[39.0325254,45.017435]]}},{"type":"Feature","id":156544906,"properties":{"highway":"footway","name":null},"geometry":{"type":"LineString","coordinates":[[39.0398571,45.0111153],[39.0399789,45.0112068]]}},{"type":"Feature","id":156544907,"properties":{"highway":"service","name":null},"geometry":{"type":"LineString","coordinates":[[39.0364437,45.0085969],[39.0365849,45.0087285]]}},{"type":"Feature","id":156544908,"properties":{"highway":"service","name":null},"geometry":{"type":"LineString","coordinates":[[39.0396078,45.010421],[39.0395575,45.009719]]}},{"type":"Feature","id":156544909,"properties":{"highway":"service","name":null},"geometry":{"type":"LineString","coordinates":[[39.0379479,45.0094818],[39.0377667,45.0095955]]}},{"type":"Feature","id":156544910,"properties":{"highway":"service","name":null},"geometry":{"type":"LineString","coordinates":[[39.0390415,45.0099633],[39.0389362,45.0093572]]}},{"type":"Feature","id":156544911,"properties":{"highway":"service","name":null},"geometry":{"type":"LineString","coordinates":[[39.038458,45.0095012],[39.0383596,45.0089754]]}},{"type":"Feature","id":156544912,"properties":{"highway":"service","name":null},"geometry":{"type":"LineString","coordinates":[[39.0362902,45.008932],[39.0365728,45.0091591]]}},{"type":"Feature","id":156544913,"properties":{"highway":"service","name":null},"geometry":{"type":"LineString","coordinates":[[39.0360965,45.0090549],[39.0362902,45.008932]]}},{"type":"Feature","id":156544914,"properties":{"highway":"service","name":null},"geometry":{"type":"LineString","coordinates":[[39.0399987,45.0105543],[39.040128,45.0106716],[39.0404045,45.0109]]}},{"type":"Feature","id":156544915,"properties":{"highway":"service","name":null},"geometry":{"type":"LineString","coordinates":[[39.0401241,45.0104775],[39.0402543,45.010592],[39.0405574,45.0108136]]}},{"type":"Feature","id":156544916,"properties":{"highway":"service","name":null},"geometry":{"type":"LineString","coordinates":[[39.0385799,45.009938],[39.0379479,45.0094818],[39.0378032,45.0093773],[39.0376042,45.0094778]]}},{"type":"Feature","id":156595784,"properties":{"highway":"service","name":null},"geometry":{"type":"LineString","coordinates":[[39.0372318,45.0162364],[39.0372994,45.0163825],[39.0373513,45.0165262],[39.0376219,45.0171552]]}},{"type":"Feature","id":156870225,"properties":{"highway":"service","name":null},"geometry":{"type":"LineString","coordinates":[[39.0267597,45.0148978],[39.0267303,45.0149043],[39.0265806,45.014941]]}},{"type":"Feature","id":156870228,"properties":{"highway":"service","name":null},"geometry":{"type":"LineString","coordinates":[[39.0335155,45.0146576],[39.0336534,45.0146575],[39.0345052,45.0146614]]}},{"type":"Feature","id":156870230,"properties":{"highway":"service","name":null},"geometry":{"type":"LineString","coordinates":[[39.0270462,45.0160387],[39.027185,45.01601],[39.0272258,45.0160015]]}},{"type":"Feature","id":156870232,"properties":{"highway":"footway","name":null},"geometry":{"type":"LineString","coordinates":[[39.0342432,45.0143723],[39.0345506,45.0143822],[39.0345934,45.0143507]]}},{"type":"Feature","id":156870234,"properties":{"highway":"service","name":null},"geometry":{"type":"LineString","coordinates":[[39.0272258,45.0160015],[39.0276881,45.0158976],[39.0273835,45.0151456],[39.0275084,45.0150358],[39.0273647,45.0147676],[39.0267597,45.0148978]]}},{"type":"Feature","id":157168802,"properties":{"highway":"service","name":null},"geometry":{"type":"LineString","coordinates":[[39.0282475,45.013747],[39.0281243,45.0133927]]}},{"type":"Feature","id":157168803,"properties":{"highway":"service","name":null},"geometry":{"type":"LineString","coordinates":[[39.0268968,45.0145108],[39.0269249,45.0145845]]}},{"type":"Feature","id":157168804,"properties":{"highway":"service","name":null},"geometry":{"type":"LineString","coordinates":[[39.027672,45.0130472],[39.0277946,45.0133657]]}},{"type":"Feature","id":157168806,"properties":{"highway":"service","name":null},"geometry":{"type":"LineString","coordinates":[[39.0280356,45.013769],[39.0279823,45.0138529]]}},{"type":"Feature","id":157168808,"properties":{"highway":"residential","name":"1-й Артельный проезд"},"geometry":{"type":"LineString","coordinates":[[39.0280223,45.014344],[39.0279935,45.0142736],[39.0278984,45.0140493],[39.0276496,45.0140799],[39.0275404,45.0138125],[39.0272938,45.0132087],[39.0273922,45.0131023],[39.027672,45.0130472],[39.0287403,45.0128364]]}},{"type":"Feature","id":157168810,"properties":{"highway":"service","name":null},"geometry":{"type":"LineString","coordinates":[[39.027672,45.0130472],[39.0275901,45.0128343],[39.0283615,45.012686]]}},{"type":"Feature","id":157168811,"properties":{"highway":"service","name":null},"geometry":{"type":"LineString","coordinates":[[39.0275404,45.0138125],[39.0279333,45.0137422],[39.027867,45.0135727]]}},{"type":"Feature","id":157168812,"properties":{"highway":"service","name":null},"geometry":{"type":"LineString","coordinates":[[39.0279233,45.0181194],[39.0280885,45.0180803],[39.0281106,45.0180753],[39.0284725,45.0179937]]}},{"type":"Feature","id":157168814,"properties":{"highway":"service","name":null},"geometry":{"type":"LineString","coordinates":[[39.0283642,45.0137425],[39.0283787,45.0136157],[39.0287577,45.0135482],[39.0288705,45.0138141]]}},{"type":"Feature","id":157168815,"properties":{"highway":"service","name":null},"geometry":{"type":"LineString","coordinates":[[39.0264422,45.014611],[39.0266006,45.0145743],[39.0268968,45.0145108],[39.0279935,45.0142736],[39.0292568,45.0140072],[39.0294153,45.0139736]]}},{"type":"Feature","id":157168816,"properties":{"highway":"service","name":null},"geometry":{"type":"LineString","coordinates":[[39.0279333,45.0137422],[39.0280356,45.013769],[39.0282475,45.013747],[39.0283642,45.0137425],[39.0284076,45.0138877]]}},{"type":"Feature","id":157171041,"properties":{"highway":"service","name":null},"geometry":{"type":"LineString","coordinates":[[39.0334338,45.0099723],[39.0337723,45.0097733]]}},{"type":"Feature","id":157171043,"properties":{"highway":"service","name":null},"geometry":{"type":"LineString","coordinates":[[39.0337766,45.0117334],[39.0335926,45.0117794]]}},{"type":"Feature","id":157171046,"properties":{"highway":"service","name":null},"geometry":{"type":"LineString","coordinates":[[39.0349857,45.0111301],[39.0352245,45.0109551]]}},{"type":"Feature","id":157171048,"properties":{"highway":"service","name":null},"geometry":{"type":"LineString","coordinates":[[39.0354966,45.0115605],[39.0351204,45.0117283],[39.0348947,45.0116751]]}},{"type":"Feature","id":157171051,"properties":{"highway":"service","name":null},"geometry":{"type":"LineString","coordinates":[[39.0337723,45.0097733],[39.0342559,45.010155],[39.0349742,45.0107305]]}},{"type":"Feature","id":157394450,"properties":{"highway":"service","name":null},"geometry":{"type":"LineString","coordinates":[[39.0380357,45.0123719],[39.038407,45.0121326],[39.0387819,45.0118929]]}},{"type":"Feature","id":157394454,"properties":{"highway":"footway","name":null},"geometry":{"type":"LineString","coordinates":[[39.0385149,45.0116875],[39.0394433,45.0111028],[39.039656,45.0109688],[39.0397234,45.0109264],[39.040128,45.0106716],[39.0402543,45.010592],[39.040779,45.0102442]]}},{"type":"Feature","id":158034241,"properties":{"highway":"service","name":null},"geometry":{"type":"LineString","coordinates":[[39.0445049,45.0318336],[39.0446373,45.0318351],[39.044677,45.0318396],[39.0456811,45.0318442],[39.0460395,45.0318605],[39.0479042,45.031945],[39.0479337,45.0319462]]}},{"type":"Feature","id":158034242,"properties":{"highway":"service","name":null},"geometry":{"type":"LineString","coordinates":[[39.0477507,45.0166976],[39.0475804,45.0167327],[39.0473642,45.0167773],[39.0472892,45.0167928],[39.046332,45.0169902],[39.0462567,45.0168077],[39.0462392,45.0167654],[39.0462296,45.0167525],[39.0462065,45.0167466],[39.0461784,45.0167483],[39.045334,45.0169225],[39.0453055,45.0169326],[39.045296,45.0169499],[39.0452991,45.0169696],[39.0453684,45.0171377],[39.045411,45.0172407],[39.045422,45.0172582],[39.0454484,45.0172701],[39.0454872,45.0172681],[39.0455771,45.0172496],[39.0461169,45.0171382],[39.046191,45.0171006],[39.0463218,45.0170736],[39.0463425,45.017067],[39.0463536,45.0170516],[39.0463508,45.0170356],[39.046332,45.0169902]]}},{"type":"Feature","id":158034243,"properties":{"highway":"service","name":null},"geometry":{"type":"LineString","coordinates":[[39.0470594,45.0166295],[39.0468831,45.0166686],[39.0464942,45.016755],[39.0462567,45.0168077]]}},{"type":"Feature","id":158312858,"properties":{"highway":"residential","name":"Новокубанский переулок"},"geometry":{"type":"LineString","coordinates":[[39.0466237,45.0145278],[39.0465472,45.014559],[39.0464294,45.0146021]]}},{"type":"Feature","id":158312859,"properties":{"highway":"residential","name":"Новокубанский переулок"},"geometry":{"type":"LineString","coordinates":[[39.0466237,45.0145278],[39.0476728,45.0139046],[39.0479345,45.0137803],[39.0482434,45.01361]]}},{"type":"Feature","id":158312860,"properties":{"highway":"service","name":null},"geometry":{"type":"LineString","coordinates":[[39.0460855,45.0133911],[39.0454842,45.0137191],[39.0453956,45.0137725]]}},{"type":"Feature","id":158312861,"properties":{"highway":"service","name":null},"geometry":{"type":"LineString","coordinates":[[39.0460436,45.0142984],[39.0461783,45.0142859],[39.0462853,45.014263],[39.046368,45.0142824],[39.0465941,45.0144539],[39.0466237,45.0145278]]}},{"type":"Feature","id":158312862,"properties":{"highway":"service","name":null},"geometry":{"type":"LineString","coordinates":[[39.04823,45.0127984],[39.0482125,45.0128407],[39.0481003,45.0131117],[39.0466985,45.0139309],[39.0461232,45.0134243],[39.0460855,45.0133911],[39.0462105,45.0133703],[39.0465186,45.0131884],[39.0468337,45.013432],[39.0476439,45.0129433],[39.0478586,45.0123599]]}},{"type":"Feature","id":160011330,"properties":{"highway":"service","name":null},"geometry":{"type":"LineString","coordinates":[[39.0516967,45.0379421],[39.0517955,45.038041],[39.0519397,45.0380636],[39.0520946,45.0380146],[39.0523884,45.0379806],[39.0524952,45.0380712],[39.0526235,45.0381957],[39.0528745,45.0383052],[39.0531203,45.0383543],[39.0534248,45.0383165],[39.0537399,45.0381995],[39.0539055,45.038158],[39.0540959,45.0380743],[39.054431,45.0380937],[39.0546293,45.0381178],[39.0552583,45.0382966],[39.0555558,45.0383715],[39.0556788,45.0384343],[39.0559729,45.0385962],[39.056181,45.0387183],[39.0563353,45.0388088],[39.0564583,45.0388909],[39.0564891,45.0389924],[39.055778,45.0395843],[39.0556105,45.0395456],[39.0549882,45.0392146]]}},{"type":"Feature","id":160100511,"properties":{"highway":"service","name":null},"geometry":{"type":"LineString","coordinates":[[39.032764,45.0122626],[39.0324669,45.0123318]]}},{"type":"Feature","id":160100512,"properties":{"highway":"service","name":null},"geometry":{"type":"LineString","coordinates":[[39.0341039,45.0124704],[39.0337769,45.0125232]]}},{"type":"Feature","id":160100513,"properties":{"highway":"service","name":null},"geometry":{"type":"LineString","coordinates":[[39.0329616,45.0127142],[39.0327617,45.0127543]]}},{"type":"Feature","id":160100514,"properties":{"highway":"service","name":null},"geometry":{"type":"LineString","coordinates":[[39.0330253,45.0118815],[39.0328915,45.0119114],[39.0328085,45.0117255]]}},{"type":"Feature","id":160100515,"properties":{"highway":"service","name":null},"geometry":{"type":"LineString","coordinates":[[39.0331678,45.0121743],[39.0330253,45.0118815],[39.0330917,45.0118715],[39.0330229,45.0116439]]}},{"type":"Feature","id":160100517,"properties":{"highway":"service","name":null},"geometry":{"type":"LineString","coordinates":[[39.0339012,45.0120139],[39.0331678,45.0121743],[39.032764,45.0122626],[39.0329616,45.0127142],[39.0331544,45.012672]]}},{"type":"Feature","id":160104856,"properties":{"highway":"service","name":null},"geometry":{"type":"LineString","coordinates":[[39.0309139,45.0109323],[39.0310283,45.0111295]]}},{"type":"Feature","id":160104857,"properties":{"highway":"service","name":null},"geometry":{"type":"LineString","coordinates":[[39.0321641,45.0127518],[39.0324591,45.0126891]]}},{"type":"Feature","id":160104858,"properties":{"highway":"service","name":null},"geometry":{"type":"LineString","coordinates":[[39.0312923,45.0124466],[39.0311,45.0121159]]}},{"type":"Feature","id":160104859,"properties":{"highway":"service","name":null},"geometry":{"type":"LineString","coordinates":[[39.0313555,45.0128887],[39.0312935,45.0128473],[39.0311795,45.0128473]]}},{"type":"Feature","id":160104860,"properties":{"highway":"service","name":null},"geometry":{"type":"LineString","coordinates":[[39.031493,45.0128991],[39.031695,45.0128561],[39.0318374,45.0130836]]}},{"type":"Feature","id":160104861,"properties":{"highway":"service","name":null},"geometry":{"type":"LineString","coordinates":[[39.0317612,45.0118022],[39.031139,45.0119413],[39.03097,45.0118642]]}},{"type":"Feature","id":160104862,"properties":{"highway":"service","name":null},"geometry":{"type":"LineString","coordinates":[[39.0315618,45.0113322],[39.030968,45.0114385],[39.0308464,45.0114602]]}},{"type":"Feature","id":160104863,"properties":{"highway":"service","name":null},"geometry":{"type":"LineString","coordinates":[[39.030968,45.0114385],[39.0307834,45.0109759],[39.0309139,45.0109323],[39.0313299,45.0107857]]}},{"type":"Feature","id":160104864,"properties":{"highway":"service","name":null},"geometry":{"type":"LineString","coordinates":[[39.0320135,45.0123967],[39.0315807,45.0124925],[39.0312923,45.0124466],[39.0311338,45.0125219]]}},{"type":"Feature","id":160104865,"properties":{"highway":"service","name":null},"geometry":{"type":"LineString","coordinates":[[39.0322946,45.0130593],[39.0320579,45.0130941],[39.0318374,45.0130836],[39.0315691,45.0130707],[39.0315581,45.0131695]]}},{"type":"Feature","id":160104866,"properties":{"highway":"service","name":null},"geometry":{"type":"LineString","coordinates":[[39.0315691,45.0130707],[39.031493,45.0128991],[39.0313555,45.0128887],[39.0311805,45.0129436],[39.0312266,45.0130839]]}},{"type":"Feature","id":160107136,"properties":{"highway":"service","name":null},"geometry":{"type":"LineString","coordinates":[[39.03149,45.0104544],[39.0313361,45.0100734]]}},{"type":"Feature","id":160107137,"properties":{"highway":"service","name":null},"geometry":{"type":"LineString","coordinates":[[39.0313285,45.0106273],[39.0315232,45.0105879]]}},{"type":"Feature","id":160107138,"properties":{"highway":"service","name":null},"geometry":{"type":"LineString","coordinates":[[39.0322065,45.0101103],[39.0322171,45.0100018]]}},{"type":"Feature","id":160107139,"properties":{"highway":"service","name":null},"geometry":{"type":"LineString","coordinates":[[39.0316865,45.0102127],[39.0322065,45.0101103],[39.0329916,45.0099558]]}},{"type":"Feature","id":160107140,"properties":{"highway":"service","name":null},"geometry":{"type":"LineString","coordinates":[[39.0317542,45.0103992],[39.0316865,45.0102127],[39.0316376,45.0100661],[39.0319936,45.0099742]]}},{"type":"Feature","id":160107141,"properties":{"highway":"service","name":null},"geometry":{"type":"LineString","coordinates":[[39.0322061,45.0103047],[39.0324417,45.0109637],[39.0322818,45.0109923],[39.0322567,45.0109222]]}},{"type":"Feature","id":160107142,"properties":{"highway":"service","name":null},"geometry":{"type":"LineString","coordinates":[[39.0312718,45.0104768],[39.03149,45.0104544],[39.0317542,45.0103992],[39.0322061,45.0103047],[39.0330591,45.0101267]]}},{"type":"Feature","id":160110457,"properties":{"highway":"service","name":null},"geometry":{"type":"LineString","coordinates":[[39.0268542,45.0134942],[39.0265832,45.0135583],[39.0262371,45.0136512],[39.0260609,45.0136931]]}},{"type":"Feature","id":160110458,"properties":{"highway":"service","name":null},"geometry":{"type":"LineString","coordinates":[[39.0278355,45.0118272],[39.0279194,45.0120811]]}},{"type":"Feature","id":160110459,"properties":{"highway":"service","name":null},"geometry":{"type":"LineString","coordinates":[[39.0255234,45.0122888],[39.0256624,45.0122667],[39.0259989,45.0122067],[39.0263433,45.0121407],[39.0271846,45.0119639],[39.027743,45.0118466],[39.0278355,45.0118272],[39.027896,45.0118145],[39.0284062,45.0117073],[39.0288866,45.0116063],[39.0294892,45.0114797],[39.0296941,45.0114367]]}},{"type":"Feature","id":160110460,"properties":{"highway":"service","name":null},"geometry":{"type":"LineString","coordinates":[[39.027896,45.0118145],[39.0277936,45.0115496]]}},{"type":"Feature","id":160110461,"properties":{"highway":"service","name":null},"geometry":{"type":"LineString","coordinates":[[39.0293756,45.0128912],[39.0300258,45.0127582]]}},{"type":"Feature","id":160110464,"properties":{"highway":"service","name":null},"geometry":{"type":"LineString","coordinates":[[39.0283141,45.012278],[39.0284299,45.0125628]]}},{"type":"Feature","id":160110465,"properties":{"highway":"service","name":null},"geometry":{"type":"LineString","coordinates":[[39.0268697,45.0142164],[39.0265832,45.0135583],[39.0259989,45.0122067]]}},{"type":"Feature","id":160110467,"properties":{"highway":"service","name":null},"geometry":{"type":"LineString","coordinates":[[39.0273973,45.0124643],[39.0271846,45.0119639]]}},{"type":"Feature","id":160110469,"properties":{"highway":"service","name":null},"geometry":{"type":"LineString","coordinates":[[39.0291903,45.0124015],[39.0296132,45.0123116],[39.0297594,45.0126391]]}},{"type":"Feature","id":160110470,"properties":{"highway":"service","name":null},"geometry":{"type":"LineString","coordinates":[[39.0295643,45.0133796],[39.0294216,45.0133965],[39.0291714,45.0134262],[39.0291685,45.0134521]]}},{"type":"Feature","id":160110471,"properties":{"highway":"service","name":null},"geometry":{"type":"LineString","coordinates":[[39.0263197,45.0143232],[39.0264833,45.0142903],[39.0268697,45.0142164],[39.0270475,45.0141781]]}},{"type":"Feature","id":160110473,"properties":{"highway":"service","name":null},"geometry":{"type":"LineString","coordinates":[[39.0286135,45.0122171],[39.0283141,45.012278],[39.0273973,45.0124643],[39.0271254,45.0125196]]}},{"type":"Feature","id":160110474,"properties":{"highway":"service","name":null},"geometry":{"type":"LineString","coordinates":[[39.0288388,45.0133123],[39.0289635,45.0134299],[39.0291714,45.0134262],[39.0289531,45.0129008]]}},{"type":"Feature","id":160110478,"properties":{"highway":"service","name":null},"geometry":{"type":"LineString","coordinates":[[39.0284062,45.0117073],[39.0286135,45.0122171],[39.0287294,45.0125019],[39.0284299,45.0125628],[39.0278814,45.0126743]]}},{"type":"Feature","id":160110480,"properties":{"highway":"service","name":null},"geometry":{"type":"LineString","coordinates":[[39.0263433,45.0121407],[39.0264016,45.0122809],[39.0264308,45.0123512],[39.0266156,45.0127958],[39.0265197,45.0129378],[39.026785,45.013456],[39.0268542,45.0134942],[39.0269376,45.0135278],[39.0271579,45.0141136]]}},{"type":"Feature","id":160110482,"properties":{"highway":"residential","name":"5-й Артельный переулок"},"geometry":{"type":"LineString","coordinates":[[39.0288866,45.0116063],[39.0291903,45.0124015],[39.0293756,45.0128912],[39.0295643,45.0133796],[39.0295616,45.0135538],[39.0293711,45.0137741],[39.0294153,45.0139736],[39.0294446,45.014042]]}},{"type":"Feature","id":160110485,"properties":{"highway":"service","name":null},"geometry":{"type":"LineString","coordinates":[[39.0291685,45.0134521],[39.0291454,45.0136577]]}},{"type":"Feature","id":161114782,"properties":{"highway":"tertiary","name":"Старокубанская улица"},"geometry":{"type":"LineString","coordinates":[[39.0453956,45.0137725],[39.0451768,45.0136022],[39.0448781,45.0133612],[39.0448477,45.0133366],[39.044691,45.0132102],[39.0441316,45.0127587],[39.0435049,45.0122273],[39.0434238,45.0121585],[39.0432129,45.011987],[39.0424721,45.0113849]]}},{"type":"Feature","id":161406969,"properties":{"highway":"service","name":null},"geometry":{"type":"LineString","coordinates":[[39.0558611,45.0055923],[39.0559146,45.0045961],[39.0560159,45.0033417],[39.056039,45.0027349],[39.0559498,45.0026554],[39.0557003,45.0025954],[39.0555547,45.0026302],[39.0554286,45.0026824],[39.0553284,45.0027911],[39.0550682,45.0030389],[39.0550292,45.003076],[39.0549085,45.003168],[39.0546207,45.0032733],[39.0544717,45.0033258],[39.0542272,45.0034238],[39.0540396,45.0034996],[39.0537472,45.0036305],[39.0536394,45.0037128],[39.0536139,45.0038293],[39.0536671,45.0039094],[39.0538035,45.004038],[39.0538094,45.0041366],[39.0538061,45.0043295]]}},{"type":"Feature","id":161406970,"properties":{"highway":"footway","name":null},"geometry":{"type":"LineString","coordinates":[[39.0561257,45.0056227],[39.0558611,45.0055923]]}},{"type":"Feature","id":161406971,"properties":{"highway":"service","name":null},"geometry":{"type":"LineString","coordinates":[[39.0522128,45.0103007],[39.0521182,45.0100727],[39.0519407,45.0098582]]}},{"type":"Feature","id":161406973,"properties":{"highway":"service","name":null},"geometry":{"type":"LineString","coordinates":[[39.0578189,45.0082198],[39.056244,45.0081004],[39.0554242,45.0080431],[39.0545626,45.0079621]]}},{"type":"Feature","id":161406974,"properties":{"highway":"footway","name":null},"geometry":{"type":"LineString","coordinates":[[39.0554242,45.0080431],[39.0554456,45.0079642],[39.0555829,45.0071429],[39.0558611,45.0055923]]}},{"type":"Feature","id":162286163,"properties":{"highway":"tertiary","name":"улица Димитрова"},"geometry":{"type":"LineString","coordinates":[[39.0255234,45.0122888],[39.0255881,45.0124438],[39.0260609,45.0136931],[39.0262425,45.0141319],[39.0263197,45.0143232],[39.0263666,45.0144363],[39.0264422,45.014611],[39.0264781,45.0146926]]}},{"type":"Feature","id":162380090,"properties":{"highway":"footway","name":null},"geometry":{"type":"LineString","coordinates":[[39.0359626,45.0137144],[39.0363092,45.0137231],[39.0363276,45.0136488],[39.0363409,45.013405],[39.0363495,45.0130729],[39.0363437,45.0129461],[39.036343,45.0129302],[39.0363268,45.0127758],[39.0363132,45.0125792]]}},{"type":"Feature","id":162380091,"properties":{"highway":"footway","name":null},"geometry":{"type":"LineString","coordinates":[[39.036843,45.0134187],[39.0367065,45.0132231],[39.0367348,45.012883],[39.036343,45.0129302],[39.0352983,45.0130675],[39.0344205,45.0131873]]}},{"type":"Feature","id":162380092,"properties":{"highway":"footway","name":null},"geometry":{"type":"LineString","coordinates":[[39.0358712,45.0137149],[39.0357015,45.0137124],[39.0353113,45.0137065],[39.035336,45.0131124],[39.0353115,45.0130832],[39.0352983,45.0130675],[39.0352252,45.0129806],[39.0351296,45.012832]]}},{"type":"Feature","id":162381209,"properties":{"highway":"service","name":null},"geometry":{"type":"LineString","coordinates":[[39.0413531,45.0232352],[39.0407697,45.0222734],[39.0406815,45.0221281]]}},{"type":"Feature","id":162538648,"properties":{"highway":"service","name":null},"geometry":{"type":"LineString","coordinates":[[39.0395988,45.0205516],[39.0397454,45.0207716],[39.0398234,45.0208731],[39.0399311,45.0210134],[39.03996,45.021051],[39.0403466,45.0213758],[39.0404022,45.021446],[39.0404397,45.0215238],[39.0404478,45.0216195],[39.0404213,45.0217072],[39.0404035,45.021739]]}},{"type":"Feature","id":162544519,"properties":{"highway":"footway","name":null},"geometry":{"type":"LineString","coordinates":[[39.0367348,45.012883],[39.037449,45.0126412]]}},{"type":"Feature","id":162668150,"properties":{"highway":"footway","name":null},"geometry":{"type":"LineString","coordinates":[[39.036843,45.0134187],[39.0366579,45.0134136],[39.0366219,45.0134126],[39.0363409,45.013405]]}},{"type":"Feature","id":162668151,"properties":{"highway":"footway","name":null},"geometry":{"type":"LineString","coordinates":[[39.0366219,45.0134126],[39.0363276,45.0136488]]}},{"type":"Feature","id":164057601,"properties":{"highway":"primary","name":"улица Селезнёва"},"geometry":{"type":"LineString","coordinates":[[39.0306805,45.026602],[39.0312067,45.0265201],[39.0314941,45.026473],[39.0322286,45.026344],[39.0326689,45.0262506],[39.0328439,45.0262075],[39.0334666,45.0260526],[39.0345968,45.025723],[39.0352828,45.0255234],[39.0355718,45.0254365]]}},{"type":"Feature","id":164758474,"properties":{"highway":"primary","name":"Ялтинская улица"},"geometry":{"type":"LineString","coordinates":[[39.0282019,45.030483],[39.0281717,45.030755],[39.0281312,45.0312235],[39.0280887,45.0313703],[39.0280553,45.0314979],[39.0279686,45.0316105]]}},{"type":"Feature","id":164759344,"properties":{"highway":"service","name":null},"geometry":{"type":"LineString","coordinates":[[39.0527793,45.0353646],[39.0526318,45.036071]]}},{"type":"Feature","id":164759345,"properties":{"highway":"service","name":null},"geometry":{"type":"LineString","coordinates":[[39.0507215,45.0348289],[39.0515825,45.0349081]]}},{"type":"Feature","id":164759346,"properties":{"highway":"service","name":null},"geometry":{"type":"LineString","coordinates":[[39.0506926,45.0349695],[39.051551,45.0350558]]}},{"type":"Feature","id":165018145,"properties":{"highway":"tertiary","name":"улица Димитрова"},"geometry":{"type":"LineString","coordinates":[[39.0254249,45.0120539],[39.025458,45.0121319],[39.0255234,45.0122888]]}},{"type":"Feature","id":165019037,"properties":{"highway":"residential","name":"улица Болотникова"},"geometry":{"type":"LineString","coordinates":[[39.0224564,45.0088961],[39.0231451,45.0089526],[39.0233413,45.008972],[39.0241163,45.0090226]]}},{"type":"Feature","id":165237575,"properties":{"highway":"residential","name":"Таманская улица"},"geometry":{"type":"LineString","coordinates":[[39.0143779,45.0237011],[39.0141678,45.0236826],[39.0141463,45.0236778],[39.0141336,45.0236627],[39.0141304,45.0236463],[39.0141321,45.0235974],[39.0141389,45.0235325],[39.0141463,45.0234612],[39.0141643,45.0233473],[39.014235,45.0228052],[39.0142423,45.0227491],[39.0143205,45.0222698],[39.0144211,45.0216466],[39.0144217,45.0213784]]}},{"type":"Feature","id":165237576,"properties":{"highway":"service","name":null},"geometry":{"type":"LineString","coordinates":[[39.0218988,45.0237152],[39.0217713,45.0240359]]}},{"type":"Feature","id":165237577,"properties":{"highway":"service","name":null},"geometry":{"type":"LineString","coordinates":[[39.0189474,45.0232346],[39.0191426,45.023231]]}},{"type":"Feature","id":165237578,"properties":{"highway":"service","name":null},"geometry":{"type":"LineString","coordinates":[[39.0188064,45.0227254],[39.0180749,45.023044],[39.0173919,45.0233341]]}},{"type":"Feature","id":165237579,"properties":{"highway":"service","name":null},"geometry":{"type":"LineString","coordinates":[[39.0217713,45.0240359],[39.020971,45.0241822],[39.0191444,45.0244255],[39.0190713,45.0244352]]}},{"type":"Feature","id":165237581,"properties":{"highway":"service","name":null},"geometry":{"type":"LineString","coordinates":[[39.0191426,45.023231],[39.019202,45.0234793],[39.0193401,45.0240559]]}},{"type":"Feature","id":165237582,"properties":{"highway":"service","name":null},"geometry":{"type":"LineString","coordinates":[[39.0195034,45.0234388],[39.0195371,45.0235797],[39.0197129,45.0235587],[39.0198153,45.023986]]}},{"type":"Feature","id":165237583,"properties":{"highway":"service","name":null},"geometry":{"type":"LineString","coordinates":[[39.019202,45.0234793],[39.0195034,45.0234388],[39.0194624,45.0232755],[39.0200091,45.0232162],[39.0201707,45.0234521],[39.0202367,45.0237051],[39.0202917,45.0239162]]}},{"type":"Feature","id":165237584,"properties":{"highway":"service","name":null},"geometry":{"type":"LineString","coordinates":[[39.0190713,45.0244352],[39.0187692,45.0241397],[39.0184159,45.0238155],[39.0182634,45.0238791],[39.0175638,45.0241993],[39.0175294,45.0242068],[39.0148956,45.0238185],[39.014666,45.0237431],[39.0143779,45.0237011]]}},{"type":"Feature","id":165237585,"properties":{"highway":"service","name":null},"geometry":{"type":"LineString","coordinates":[[39.0187692,45.0241397],[39.0193401,45.0240559],[39.0198153,45.023986],[39.0202917,45.0239162],[39.0207714,45.0238424]]}},{"type":"Feature","id":165501162,"properties":{"highway":"service","name":null},"geometry":{"type":"LineString","coordinates":[[39.0180749,45.023044],[39.0142423,45.0227491]]}},{"type":"Feature","id":165682434,"properties":{"highway":"primary","name":"улица Селезнёва"},"geometry":{"type":"LineString","coordinates":[[39.0331393,45.0262222],[39.0327007,45.0263287],[39.0322336,45.0264269],[39.0316192,45.0265302],[39.0315173,45.0265476],[39.0313039,45.0265811],[39.0304789,45.0267106]]}},{"type":"Feature","id":165816828,"properties":{"highway":"residential","name":"5-й Обрывной проезд"},"geometry":{"type":"LineString","coordinates":[[39.0222585,45.0018376],[39.0222165,45.001801],[39.0217792,45.0014684],[39.0216085,45.0013474],[39.0213688,45.0011187],[39.0212596,45.001044],[39.0208424,45.0010018],[39.0206318,45.0009316]]}},{"type":"Feature","id":165886567,"properties":{"highway":"secondary","name":null},"geometry":{"type":"LineString","coordinates":[[39.0282769,45.034794],[39.0283768,45.0348352],[39.0284599,45.0348901],[39.028519,45.0349536],[39.0286859,45.0351598]]}},{"type":"Feature","id":165886568,"properties":{"highway":"tertiary","name":"Тихорецкая улица"},"geometry":{"type":"LineString","coordinates":[[39.0286859,45.0351598],[39.0287953,45.0352135],[39.0288783,45.0352719],[39.0289675,45.0353545],[39.0290897,45.0354806],[39.029463,45.0357477]]}},{"type":"Feature","id":166339123,"properties":{"highway":"tertiary","name":"улица КИМ"},"geometry":{"type":"LineString","coordinates":[[39.000686,45.017208],[39.0010636,45.0172051],[39.0016639,45.0172076],[39.003313,45.0172902],[39.0043687,45.0173383],[39.0044197,45.0173429],[39.0069966,45.0175487],[39.0082316,45.0176709],[39.0103903,45.0178891]]}},{"type":"Feature","id":166635027,"properties":{"highway":"tertiary","name":"улица Володарского"},"geometry":{"type":"LineString","coordinates":[[39.0066588,45.0380564],[39.0064804,45.03749],[39.0063054,45.0368645],[39.0060117,45.0358257],[39.0059569,45.0356319]]}},{"type":"Feature","id":166638107,"properties":{"highway":"residential","name":"улица Стасова"},"geometry":{"type":"LineString","coordinates":[[39.0366314,45.0117312],[39.0372279,45.0121599],[39.0373296,45.0122347],[39.0377374,45.0125572]]}},{"type":"Feature","id":166638109,"properties":{"highway":"residential","name":"улица Стасова"},"geometry":{"type":"LineString","coordinates":[[39.0350083,45.0103922],[39.0352331,45.0105798],[39.0355261,45.0108327],[39.0365762,45.0116863],[39.0366314,45.0117312]]}},{"type":"Feature","id":168983511,"properties":{"highway":"service","name":null},"geometry":{"type":"LineString","coordinates":[[39.0241336,45.0389762],[39.0242691,45.0392627],[39.024377,45.0395225],[39.0244625,45.0397128],[39.0245504,45.0399086],[39.0245822,45.0399842],[39.0246155,45.0400635]]}},{"type":"Feature","id":169089719,"properties":{"highway":"service","name":null},"geometry":{"type":"LineString","coordinates":[[39.0052876,45.0288003],[39.0053112,45.0288719]]}},{"type":"Feature","id":169098412,"properties":{"highway":"primary","name":"Старокубанская улица"},"geometry":{"type":"LineString","coordinates":[[39.0455901,45.0156397],[39.0457407,45.0155965],[39.0458826,45.0155406],[39.0463194,45.0153245]]}},{"type":"Feature","id":169098413,"properties":{"highway":"primary","name":"Ставропольская улица"},"geometry":{"type":"LineString","coordinates":[[39.0415777,45.0165443],[39.0419672,45.0164524],[39.0420065,45.0164431],[39.0420249,45.0164384],[39.0420695,45.0164272],[39.0423279,45.0163641],[39.0424527,45.0163345],[39.0429149,45.016231],[39.0435552,45.0160877],[39.0439483,45.0160023],[39.0455901,45.0156397]]}},{"type":"Feature","id":169098414,"properties":{"highway":"footway","name":null},"geometry":{"type":"LineString","coordinates":[[39.0291511,45.019489],[39.0287183,45.0195704],[39.0286403,45.0195852],[39.0283937,45.0196433],[39.027943,45.0197422],[39.0238018,45.0206372],[39.023708,45.0206605],[39.0236138,45.0206778],[39.0220761,45.0210009],[39.0216718,45.0210858],[39.0199048,45.0214567],[39.0193831,45.0215402],[39.0189585,45.0216003],[39.0187533,45.0216294],[39.0177935,45.0216382],[39.0173243,45.0216156],[39.0161042,45.0215199],[39.0146594,45.0213945],[39.0145274,45.0213856],[39.0144217,45.0213784]]}},{"type":"Feature","id":169098415,"properties":{"highway":"service","name":null},"geometry":{"type":"LineString","coordinates":[[39.0300643,45.0208847],[39.0310807,45.0212229],[39.0313443,45.0213106],[39.0316945,45.0219485]]}},{"type":"Feature","id":169098416,"properties":{"highway":"footway","name":null},"geometry":{"type":"LineString","coordinates":[[39.0334418,45.0186961],[39.0336913,45.0186412],[39.0341319,45.0185466],[39.0343237,45.0185054],[39.0345193,45.0184634]]}},{"type":"Feature","id":169098417,"properties":{"highway":"footway","name":null},"geometry":{"type":"LineString","coordinates":[[39.0333901,45.018592],[39.0332561,45.0186228],[39.0331783,45.0186406],[39.0329242,45.0186991],[39.0326975,45.0187482]]}},{"type":"Feature","id":169098418,"properties":{"highway":"service","name":null},"geometry":{"type":"LineString","coordinates":[[39.0346911,45.0188867],[39.0346615,45.0188079],[39.0345969,45.0186519],[39.0345193,45.0184634],[39.0344813,45.0183692],[39.0344386,45.0182686]]}},{"type":"Feature","id":169196237,"properties":{"highway":"service","name":null},"geometry":{"type":"LineString","coordinates":[[39.0321761,45.0309599],[39.032163,45.0310499],[39.0321581,45.0310865]]}},{"type":"Feature","id":169196569,"properties":{"highway":"residential","name":"Ялтинская улица"},"geometry":{"type":"LineString","coordinates":[[39.0277488,45.0333767],[39.0277923,45.033015],[39.027835,45.03266],[39.0278777,45.0323053],[39.0279686,45.0316105]]}},{"type":"Feature","id":169200937,"properties":{"highway":"service","name":null},"geometry":{"type":"LineString","coordinates":[[39.0282024,45.0364258],[39.0282612,45.0362259]]}},{"type":"Feature","id":169200938,"properties":{"highway":"tertiary","name":null},"geometry":{"type":"LineString","coordinates":[[39.0290628,45.0357642],[39.028944,45.0357316],[39.0288113,45.0357071],[39.0287,45.0356947],[39.0285806,45.0356843],[39.0284801,45.0356815],[39.0283745,45.0356836],[39.0282862,45.035689],[39.0282064,45.0356955],[39.0281126,45.0357027]]}},{"type":"Feature","id":169308357,"properties":{"highway":"service","name":null},"geometry":{"type":"LineString","coordinates":[[39.0481812,45.0176337],[39.0480106,45.0176689],[39.0479626,45.0176788],[39.0475909,45.017676],[39.0478121,45.0181189],[39.0481602,45.0179894],[39.0483207,45.0179343]]}},{"type":"Feature","id":169308633,"properties":{"highway":"service","name":null},"geometry":{"type":"LineString","coordinates":[[39.0464942,45.016755],[39.0462931,45.0162838],[39.0460812,45.0158603]]}},{"type":"Feature","id":169308855,"properties":{"highway":"steps","name":null},"geometry":{"type":"LineString","coordinates":[[39.0475902,45.0153189],[39.0476646,45.0152272]]}},{"type":"Feature","id":169308857,"properties":{"highway":"footway","name":null},"geometry":{"type":"LineString","coordinates":[[39.0463407,45.0156119],[39.0464024,45.0157645],[39.0469256,45.0159111],[39.0471897,45.0159329]]}},{"type":"Feature","id":169313874,"properties":{"highway":"footway","name":null},"geometry":{"type":"LineString","coordinates":[[39.0539482,45.0087208],[39.054206,45.007942]]}},{"type":"Feature","id":169313875,"properties":{"highway":"footway","name":null},"geometry":{"type":"LineString","coordinates":[[39.0554765,45.0102431],[39.0554446,45.0101352],[39.0553487,45.0098961]]}},{"type":"Feature","id":169313876,"properties":{"highway":"footway","name":null},"geometry":{"type":"LineString","coordinates":[[39.0558018,45.0101675],[39.0554765,45.0102431],[39.0554681,45.0102843],[39.0554303,45.010402],[39.0556697,45.0104491],[39.0557481,45.0104863],[39.0557893,45.0105073]]}},{"type":"Feature","id":169313877,"properties":{"highway":"footway","name":null},"geometry":{"type":"LineString","coordinates":[[39.0532771,45.0078896],[39.0540215,45.0079316],[39.054206,45.007942],[39.0545626,45.0079621]]}},{"type":"Feature","id":169313878,"properties":{"highway":"footway","name":null},"geometry":{"type":"LineString","coordinates":[[39.0534485,45.0066482],[39.0535722,45.0066517],[39.054115,45.0064179],[39.0542892,45.0063929],[39.0540215,45.0079316]]}},{"type":"Feature","id":169313879,"properties":{"highway":"footway","name":null},"geometry":{"type":"LineString","coordinates":[[39.0522497,45.0077839],[39.0522606,45.0077423],[39.0533803,45.0066428],[39.0534485,45.0066482],[39.0532771,45.0078896]]}},{"type":"Feature","id":169313880,"properties":{"highway":"footway","name":null},"geometry":{"type":"LineString","coordinates":[[39.0561936,45.0085766],[39.0564478,45.0085824],[39.0567478,45.0086404],[39.0571798,45.0086783],[39.0573162,45.0086619],[39.057548,45.008737]]}},{"type":"Feature","id":169332526,"properties":{"highway":"service","name":null},"geometry":{"type":"LineString","coordinates":[[39.0493961,45.0149086],[39.0492573,45.0147397],[39.049099,45.0145484],[39.0489978,45.0144237]]}},{"type":"Feature","id":169332527,"properties":{"highway":"service","name":null},"geometry":{"type":"LineString","coordinates":[[39.049733,45.0141053],[39.0498168,45.0142018],[39.0499491,45.0143661],[39.0499932,45.0144208]]}},{"type":"Feature","id":169333766,"properties":{"highway":"service","name":null},"geometry":{"type":"LineString","coordinates":[[39.0508246,45.0136306],[39.0508762,45.0136942],[39.0510779,45.0139608],[39.0507109,45.0141331],[39.0510315,45.0145685]]}},{"type":"Feature","id":169444886,"properties":{"highway":"service","name":null},"geometry":{"type":"LineString","coordinates":[[39.0287296,45.0147251],[39.0277548,45.0149466]]}},{"type":"Feature","id":169444887,"properties":{"highway":"service","name":null},"geometry":{"type":"LineString","coordinates":[[39.0282966,45.0160472],[39.0293162,45.0157918],[39.028893,45.0148583],[39.0288341,45.0147815],[39.0287296,45.0147251]]}},{"type":"Feature","id":169445743,"properties":{"highway":"service","name":null},"geometry":{"type":"LineString","coordinates":[[39.0310239,45.0151704],[39.0311577,45.0155165],[39.0309998,45.0155544],[39.0311282,45.015844],[39.0312163,45.0160425],[39.031254,45.0161276],[39.0317415,45.0160124],[39.0318993,45.0159733]]}},{"type":"Feature","id":169445908,"properties":{"highway":"service","name":null},"geometry":{"type":"LineString","coordinates":[[39.0303667,45.0161283],[39.0303534,45.0160733],[39.0303174,45.0160476],[39.030249,45.0160365],[39.0301919,45.0160533],[39.0301587,45.0160858],[39.0301525,45.0161219],[39.0301742,45.0161596],[39.0302148,45.0161826],[39.0302705,45.0161893],[39.0303251,45.0161745],[39.0303542,45.0161514],[39.0303667,45.0161283]]}},{"type":"Feature","id":169445909,"properties":{"highway":"service","name":null},"geometry":{"type":"LineString","coordinates":[[39.0312163,45.0160425],[39.0307351,45.0161222],[39.0303667,45.0161283]]}},{"type":"Feature","id":169445910,"properties":{"highway":"service","name":null},"geometry":{"type":"LineString","coordinates":[[39.0307351,45.0161222],[39.0307359,45.0158549],[39.0311282,45.015844]]}},{"type":"Feature","id":170040337,"properties":{"highway":"secondary","name":"улица Селезнёва"},"geometry":{"type":"LineString","coordinates":[[39.0503674,45.0210798],[39.0503225,45.0211022],[39.0502776,45.0211245],[39.0501707,45.0211718],[39.0500858,45.02124],[39.0500247,45.0213029],[39.0499693,45.0213962]]}},{"type":"Feature","id":170040339,"properties":{"highway":"secondary","name":"Старокубанская улица"},"geometry":{"type":"LineString","coordinates":[[39.0499118,45.0208927],[39.0500292,45.0209699],[39.0500814,45.0210054],[39.0501081,45.0210196],[39.0501514,45.0210326],[39.0501861,45.021043],[39.0502275,45.021049],[39.0502552,45.0210498],[39.0503325,45.0210392]]}},{"type":"Feature","id":170185725,"properties":{"highway":"service","name":null},"geometry":{"type":"LineString","coordinates":[[39.056898,45.01461],[39.056898,45.0145398],[39.0570728,45.0141813],[39.0571037,45.0141184]]}},{"type":"Feature","id":170186336,"properties":{"highway":"service","name":null},"geometry":{"type":"LineString","coordinates":[[39.0561797,45.0139778],[39.05643,45.0135264],[39.056552,45.0134969],[39.0566158,45.0134952],[39.0568231,45.013542],[39.0572045,45.0136331],[39.0573404,45.013604]]}},{"type":"Feature","id":170186339,"properties":{"highway":"service","name":null},"geometry":{"type":"LineString","coordinates":[[39.0569108,45.0133649],[39.0568508,45.0134818],[39.0568231,45.013542]]}},{"type":"Feature","id":170307500,"properties":{"highway":"service","name":null},"geometry":{"type":"LineString","coordinates":[[39.0391681,45.0183617],[39.0401233,45.0181539]]}},{"type":"Feature","id":170313512,"properties":{"highway":"residential","name":"улица 5-я Линия поймы реки Кубань"},"geometry":{"type":"LineString","coordinates":[[39.0084197,45.0083731],[39.0084755,45.0082246],[39.008561,45.0081581],[39.0104965,45.0079348]]}},{"type":"Feature","id":170321854,"properties":{"highway":"residential","name":"Константиновский переулок"},"geometry":{"type":"LineString","coordinates":[[39.0073699,45.0127068],[39.0073296,45.0126502],[39.0067378,45.0118535]]}},{"type":"Feature","id":170929546,"properties":{"highway":"secondary","name":"Передовая улица"},"geometry":{"type":"LineString","coordinates":[[39.0041631,45.0426516],[39.0042649,45.0425016],[39.0048979,45.0417758],[39.0052204,45.041408],[39.005282,45.04134],[39.0054581,45.0411609],[39.0056262,45.0410031],[39.0065063,45.0403313],[39.0065861,45.0402799],[39.0066408,45.0402524],[39.0067245,45.0402156],[39.006836,45.0401945],[39.0069698,45.0401889],[39.0070602,45.0401998],[39.0071851,45.0402289],[39.0074619,45.0403251],[39.0075467,45.0403388],[39.0075776,45.0403339],[39.0076123,45.040328],[39.0076676,45.0403121],[39.0077203,45.0402887],[39.0077706,45.0402526],[39.0080624,45.0399174],[39.0090262,45.0387695],[39.0094571,45.0382648],[39.0097422,45.0379401],[39.0099258,45.0377229],[39.0100936,45.0375298],[39.0102903,45.0372877],[39.0105511,45.0369778],[39.0110376,45.0363979],[39.0110912,45.0363366],[39.0111604,45.0362254]]}},{"type":"Feature","id":171766926,"properties":{"highway":"secondary","name":"Сормовская улица"},"geometry":{"type":"LineString","coordinates":[[39.0542697,45.0228463],[39.0536506,45.0227701]]}},{"type":"Feature","id":172022075,"properties":{"highway":"service","name":null},"geometry":{"type":"LineString","coordinates":[[39.0207714,45.0238424],[39.0208465,45.0240936],[39.020971,45.0241822],[39.0210158,45.0243571],[39.0210577,45.0245206],[39.0200111,45.024672],[39.0201369,45.0251692]]}},{"type":"Feature","id":172022076,"properties":{"highway":"service","name":null},"geometry":{"type":"LineString","coordinates":[[39.0202367,45.0237051],[39.0203043,45.0237019],[39.0206753,45.0236844]]}},{"type":"Feature","id":172022077,"properties":{"highway":"service","name":null},"geometry":{"type":"LineString","coordinates":[[39.0207714,45.0238424],[39.0207876,45.0236521],[39.0211439,45.0235987],[39.021256,45.0237897],[39.0218988,45.0237152]]}},{"type":"Feature","id":172111551,"properties":{"highway":"service","name":null},"geometry":{"type":"LineString","coordinates":[[39.0512027,45.020566],[39.05113,45.0205155],[39.0510462,45.0204328],[39.0505008,45.019334],[39.0499729,45.0192219]]}},{"type":"Feature","id":172111552,"properties":{"highway":"service","name":null},"geometry":{"type":"LineString","coordinates":[[39.052261,45.0187585],[39.0521093,45.0186829],[39.0519087,45.0186063],[39.0519139,45.0185563],[39.0512424,45.0183583]]}},{"type":"Feature","id":172803614,"properties":{"highway":"service","name":null},"geometry":{"type":"LineString","coordinates":[[39.0327835,45.0180484],[39.0323808,45.0181338],[39.0316397,45.0182911],[39.0307532,45.0184792],[39.0303957,45.0185551],[39.0295209,45.0187408],[39.0291016,45.0188297],[39.0287965,45.0188945],[39.0284647,45.0189649],[39.0282967,45.0190006]]}},{"type":"Feature","id":172803617,"properties":{"highway":"service","name":null},"geometry":{"type":"LineString","coordinates":[[39.0292549,45.0181127],[39.0289958,45.0181653],[39.0288418,45.0182039],[39.0287185,45.0182273]]}},{"type":"Feature","id":172803620,"properties":{"highway":"service","name":null},"geometry":{"type":"LineString","coordinates":[[39.0289958,45.0181653],[39.028955,45.0180727]]}},{"type":"Feature","id":172886942,"properties":{"highway":"service","name":null},"geometry":{"type":"LineString","coordinates":[[39.0294892,45.0114797],[39.0299632,45.0125997],[39.0304319,45.0125]]}},{"type":"Feature","id":172886943,"properties":{"highway":"service","name":null},"geometry":{"type":"LineString","coordinates":[[39.0294153,45.0139736],[39.0309144,45.013648]]}},{"type":"Feature","id":172904708,"properties":{"highway":"footway","name":null},"geometry":{"type":"LineString","coordinates":[[39.0001673,45.0197424],[39.0016696,45.0198735],[39.0017439,45.0198795],[39.0033079,45.0200065],[39.0041071,45.0200714],[39.004209,45.0200824],[39.0042579,45.0200877],[39.0043903,45.020102],[39.0044543,45.0201089],[39.0048003,45.0201494],[39.0059932,45.0202634],[39.0065574,45.0203147]]}},{"type":"Feature","id":172904709,"properties":{"highway":"footway","name":null},"geometry":{"type":"LineString","coordinates":[[39.0415261,45.0164111],[39.0415777,45.0165443],[39.0416408,45.0167109],[39.0416647,45.0168026]]}},{"type":"Feature","id":173289602,"properties":{"highway":"service","name":null},"geometry":{"type":"LineString","coordinates":[[39.0394046,45.0136528],[39.0401607,45.0136551],[39.0401634,45.0134529],[39.0408872,45.0134614],[39.0408906,45.01407],[39.0408909,45.0141207],[39.0410381,45.0142676],[39.0411321,45.0142686],[39.0419206,45.0142766],[39.0425796,45.0142833],[39.0426863,45.0143224],[39.0427382,45.0143542],[39.0428396,45.0146248],[39.0429782,45.014909],[39.0430318,45.0150596],[39.0433534,45.0156701],[39.0435078,45.0159822],[39.0435552,45.0160877]]}},{"type":"Feature","id":174507475,"properties":{"highway":"secondary","name":"Новороссийская улица"},"geometry":{"type":"LineString","coordinates":[[39.0476436,45.0369178],[39.0466637,45.036819],[39.0466347,45.0368158],[39.0441541,45.0365505],[39.0435906,45.0364902],[39.0429676,45.0364236],[39.0426092,45.0363919],[39.0401263,45.0361594]]}},{"type":"Feature","id":174507476,"properties":{"highway":"tertiary","name":"Новороссийская улица"},"geometry":{"type":"LineString","coordinates":[[39.0573873,45.0379614],[39.0568305,45.0379055]]}},{"type":"Feature","id":176130542,"properties":{"highway":"pedestrian","name":null},"geometry":{"type":"LineString","coordinates":[[39.054623,45.0106476],[39.0548428,45.0106938],[39.0549477,45.0107162],[39.0549665,45.0107418],[39.0550226,45.0107602],[39.0550822,45.0107558],[39.0550835,45.0107777],[39.0550885,45.0108617],[39.0546425,45.0108469],[39.0545271,45.0108398],[39.0542826,45.0108223],[39.0541465,45.010802],[39.0541684,45.0107454],[39.054363,45.0107582],[39.0543572,45.0106965],[39.0544134,45.0106591],[39.0544999,45.010639],[39.054623,45.0106476]]}},{"type":"Feature","id":176130543,"properties":{"highway":"footway","name":null},"geometry":{"type":"LineString","coordinates":[[39.0549706,45.0103154],[39.0548428,45.0106938],[39.0546425,45.0108469],[39.0545271,45.0108398]]}},{"type":"Feature","id":176130544,"properties":{"highway":"footway","name":null},"geometry":{"type":"LineString","coordinates":[[39.0554303,45.010402],[39.0549706,45.0103154],[39.0549355,45.0103092],[39.0547315,45.0102732]]}},{"type":"Feature","id":176130545,"properties":{"highway":"footway","name":null},"geometry":{"type":"LineString","coordinates":[[39.0541682,45.0120664],[39.0544054,45.0112695],[39.0544498,45.0112195]]}},{"type":"Feature","id":176130546,"properties":{"highway":"service","name":null},"geometry":{"type":"LineString","coordinates":[[39.0559155,45.0095845],[39.0556324,45.0098398],[39.0553487,45.0098961]]}},{"type":"Feature","id":176130547,"properties":{"highway":"footway","name":null},"geometry":{"type":"LineString","coordinates":[[39.0542941,45.0120844],[39.0545251,45.0113012],[39.0545129,45.0112291]]}},{"type":"Feature","id":176130548,"properties":{"highway":"footway","name":null},"geometry":{"type":"LineString","coordinates":[[39.0537913,45.0124286],[39.0539105,45.0123539],[39.0540924,45.0121701],[39.0541682,45.0120664]]}},{"type":"Feature","id":176130549,"properties":{"highway":"footway","name":null},"geometry":{"type":"LineString","coordinates":[[39.0545129,45.0112291],[39.0545712,45.0110294],[39.0546015,45.0109579],[39.0546425,45.0108469]]}},{"type":"Feature","id":176130550,"properties":{"highway":"footway","name":null},"geometry":{"type":"LineString","coordinates":[[39.0544334,45.0124357],[39.0543988,45.0124208],[39.0543251,45.0123429],[39.0542799,45.012228],[39.0542941,45.0120844]]}},{"type":"Feature","id":176130551,"properties":{"highway":"footway","name":null},"geometry":{"type":"LineString","coordinates":[[39.0546425,45.0108469],[39.0550822,45.0107558],[39.0557302,45.0105278],[39.0557893,45.0105073],[39.0560738,45.0104085]]}},{"type":"Feature","id":176130552,"properties":{"highway":"service","name":null},"geometry":{"type":"LineString","coordinates":[[39.0557631,45.0095298],[39.0559155,45.0095845],[39.0559854,45.0096095],[39.0568133,45.0101466]]}},{"type":"Feature","id":176130553,"properties":{"highway":"footway","name":null},"geometry":{"type":"LineString","coordinates":[[39.0544498,45.0112195],[39.0545027,45.011032],[39.0545066,45.01094],[39.0545271,45.0108398]]}},{"type":"Feature","id":176130554,"properties":{"highway":"footway","name":null},"geometry":{"type":"LineString","coordinates":[[39.0545271,45.0108398],[39.054623,45.0106476],[39.0547315,45.0102732],[39.0548387,45.0099766],[39.0549993,45.0094934],[39.0551163,45.0090928],[39.0554147,45.00809],[39.0554242,45.0080431]]}},{"type":"Feature","id":176130555,"properties":{"highway":"footway","name":null},"geometry":{"type":"LineString","coordinates":[[39.0545271,45.0108398],[39.0543572,45.0106965],[39.0543091,45.0105817],[39.0542529,45.0104375],[39.0542006,45.0102953],[39.0541417,45.0102093],[39.0541722,45.0099189],[39.0548387,45.0099766]]}},{"type":"Feature","id":176130556,"properties":{"highway":"footway","name":null},"geometry":{"type":"LineString","coordinates":[[39.0559854,45.0096095],[39.0559579,45.0096593],[39.0558018,45.0101675],[39.0557786,45.0102429],[39.0558038,45.0103571],[39.0557481,45.0104863],[39.0557302,45.0105278]]}},{"type":"Feature","id":176427155,"properties":{"highway":"service","name":null},"geometry":{"type":"LineString","coordinates":[[39.0539233,45.0149748],[39.0536581,45.0153982],[39.0540178,45.0155102],[39.054075,45.0155253],[39.054148,45.0155489],[39.0542876,45.0155946]]}},{"type":"Feature","id":176428393,"properties":{"highway":"residential","name":"Промышленная улица"},"geometry":{"type":"LineString","coordinates":[[39.0066588,45.0380564],[39.007538,45.0378986]]}},{"type":"Feature","id":178476613,"properties":{"highway":"service","name":null},"geometry":{"type":"LineString","coordinates":[[39.0412957,45.0219274],[39.0413719,45.0220487],[39.0419885,45.0230306]]}},{"type":"Feature","id":178476615,"properties":{"highway":"service","name":null},"geometry":{"type":"LineString","coordinates":[[39.0438156,45.0206248],[39.0444993,45.0218259]]}},{"type":"Feature","id":178476616,"properties":{"highway":"service","name":null},"geometry":{"type":"LineString","coordinates":[[39.0440822,45.021951],[39.0444388,45.0225633]]}},{"type":"Feature","id":178476617,"properties":{"highway":"service","name":null},"geometry":{"type":"LineString","coordinates":[[39.0418772,45.0217422],[39.0419796,45.0219011],[39.0425838,45.0228384]]}},{"type":"Feature","id":178476618,"properties":{"highway":"service","name":null},"geometry":{"type":"LineString","coordinates":[[39.0283072,45.0269315],[39.028287,45.0270141]]}},{"type":"Feature","id":178476619,"properties":{"highway":"service","name":null},"geometry":{"type":"LineString","coordinates":[[39.0406328,45.0220594],[39.0400446,45.0219718]]}},{"type":"Feature","id":178476620,"properties":{"highway":"service","name":null},"geometry":{"type":"LineString","coordinates":[[39.0446063,45.0217938],[39.0449563,45.0223864]]}},{"type":"Feature","id":178476622,"properties":{"highway":"service","name":null},"geometry":{"type":"LineString","coordinates":[[39.0273838,45.0270675],[39.0283072,45.0269315],[39.0291833,45.026807]]}},{"type":"Feature","id":178476625,"properties":{"highway":"service","name":null},"geometry":{"type":"LineString","coordinates":[[39.0431879,45.0208231],[39.0435058,45.0213443],[39.0432442,45.0214328],[39.0436575,45.022113]]}},{"type":"Feature","id":178476626,"properties":{"highway":"service","name":null},"geometry":{"type":"LineString","coordinates":[[39.042978,45.0222557],[39.0430968,45.022243],[39.0431419,45.0222383],[39.0431982,45.0222313],[39.0433591,45.0222134],[39.0435772,45.0221478]]}},{"type":"Feature","id":178476627,"properties":{"highway":"service","name":null},"geometry":{"type":"LineString","coordinates":[[39.0435772,45.0221478],[39.0436575,45.022113],[39.0439158,45.0220009],[39.0440822,45.021951],[39.0444993,45.0218259],[39.0446063,45.0217938],[39.0450478,45.0216615],[39.0452664,45.0220299]]}},{"type":"Feature","id":178476628,"properties":{"highway":"service","name":null},"geometry":{"type":"LineString","coordinates":[[39.0440023,45.0225039],[39.0439291,45.0223757],[39.0437383,45.0224301],[39.0434484,45.0225128]]}},{"type":"Feature","id":179632591,"properties":{"highway":"service","name":null},"geometry":{"type":"LineString","coordinates":[[39.0543667,45.0226844],[39.0549447,45.0227308]]}},{"type":"Feature","id":179632596,"properties":{"highway":"service","name":null},"geometry":{"type":"LineString","coordinates":[[39.0549574,45.0226213],[39.0549447,45.0227308],[39.0549303,45.0228607]]}},{"type":"Feature","id":179632598,"properties":{"highway":"service","name":null},"geometry":{"type":"LineString","coordinates":[[39.0549447,45.0227308],[39.0552896,45.0227688]]}},{"type":"Feature","id":180356467,"properties":{"highway":"service","name":null},"geometry":{"type":"LineString","coordinates":[[39.0161243,45.028713],[39.0161343,45.028815],[39.0161355,45.0289057],[39.0160748,45.0290021],[39.0160624,45.029015],[39.0160303,45.0290477]]}},{"type":"Feature","id":180357264,"properties":{"highway":"service","name":null},"geometry":{"type":"LineString","coordinates":[[39.016625,45.0284323],[39.0156639,45.0280718]]}},{"type":"Feature","id":180357266,"properties":{"highway":"service","name":null},"geometry":{"type":"LineString","coordinates":[[39.0156639,45.0280718],[39.0160262,45.0275686],[39.0160803,45.0275336],[39.0170145,45.0279112],[39.016625,45.0284323],[39.0167037,45.0284573],[39.0167157,45.028501],[39.0167268,45.0285416],[39.0167537,45.0286292]]}},{"type":"Feature","id":180369447,"properties":{"highway":"primary","name":"улица Селезнёва"},"geometry":{"type":"LineString","coordinates":[[39.0436864,45.0230196],[39.0442571,45.022848],[39.0472448,45.0219736]]}},{"type":"Feature","id":180369448,"properties":{"highway":"primary","name":"улица Селезнёва"},"geometry":{"type":"LineString","coordinates":[[39.0431323,45.0231859],[39.043246,45.0231555],[39.0432894,45.023143],[39.0436864,45.0230196]]}},{"type":"Feature","id":180369449,"properties":{"highway":"primary","name":"улица Селезнёва"},"geometry":{"type":"LineString","coordinates":[[39.0431657,45.023264],[39.0430056,45.0233098],[39.0426752,45.0234066],[39.0424519,45.0234721]]}},{"type":"Feature","id":180369451,"properties":{"highway":"residential","name":"улица Стасова"},"geometry":{"type":"LineString","coordinates":[[39.0431323,45.0231859],[39.0431107,45.0230794],[39.0430303,45.0226943],[39.042978,45.0222557],[39.0429054,45.0218082],[39.0427654,45.0209266]]}},{"type":"Feature","id":180370026,"properties":{"highway":"footway","name":null},"geometry":{"type":"LineString","coordinates":[[39.0430627,45.0234033],[39.0427197,45.0234832],[39.041977,45.0237189],[39.0419066,45.0242915]]}},{"type":"Feature","id":180371557,"properties":{"highway":"footway","name":null},"geometry":{"type":"LineString","coordinates":[[39.0437743,45.0232133],[39.0437793,45.0237428],[39.044235,45.0232346]]}},{"type":"Feature","id":180371558,"properties":{"highway":"footway","name":null},"geometry":{"type":"LineString","coordinates":[[39.0437743,45.0232133],[39.0440447,45.0231848],[39.0441028,45.0231838],[39.0441882,45.0230666],[39.0445381,45.0228927],[39.0443372,45.0231222],[39.044235,45.0232346],[39.0441028,45.0231838]]}},{"type":"Feature","id":180371559,"properties":{"highway":"steps","name":null},"geometry":{"type":"LineString","coordinates":[[39.0440447,45.0231848],[39.044151,45.0230436]]}},{"type":"Feature","id":180371561,"properties":{"highway":"footway","name":null},"geometry":{"type":"LineString","coordinates":[[39.0429173,45.0231581],[39.0429595,45.0232342],[39.0430056,45.0233098],[39.0430627,45.0234033]]}},{"type":"Feature","id":180380416,"properties":{"highway":"steps","name":null},"geometry":{"type":"LineString","coordinates":[[39.0436555,45.0229182],[39.0438238,45.0228662]]}},{"type":"Feature","id":180380417,"properties":{"highway":"footway","name":null},"geometry":{"type":"LineString","coordinates":[[39.044151,45.0230436],[39.0438238,45.0228662]]}},{"type":"Feature","id":180536332,"properties":{"highway":"tertiary","name":"улица Селезнёва"},"geometry":{"type":"LineString","coordinates":[[39.0220416,45.0278749],[39.0213766,45.027973]]}},{"type":"Feature","id":180536333,"properties":{"highway":"service","name":null},"geometry":{"type":"LineString","coordinates":[[39.0208364,45.0279069],[39.0214883,45.0278009],[39.0218557,45.027749]]}},{"type":"Feature","id":180536335,"properties":{"highway":"tertiary","name":"улица Селезнёва"},"geometry":{"type":"LineString","coordinates":[[39.0213766,45.027973],[39.0211891,45.0280054],[39.0207199,45.0280773],[39.019704,45.028219],[39.0191016,45.0282981]]}},{"type":"Feature","id":180536336,"properties":{"highway":"service","name":null},"geometry":{"type":"LineString","coordinates":[[39.0220416,45.0278749],[39.0219827,45.0278272],[39.0218823,45.027746]]}},{"type":"Feature","id":180536337,"properties":{"highway":"service","name":null},"geometry":{"type":"LineString","coordinates":[[39.0213766,45.027973],[39.0214213,45.0278962],[39.0214883,45.0278009]]}},{"type":"Feature","id":180536338,"properties":{"highway":"service","name":null},"geometry":{"type":"LineString","coordinates":[[39.0218724,45.0268837],[39.0220928,45.0276645],[39.0220827,45.0276923],[39.0220602,45.0277173],[39.0218823,45.027746]]}},{"type":"Feature","id":180683552,"properties":{"highway":"residential","name":"улица Селезнёва"},"geometry":{"type":"LineString","coordinates":[[39.0417578,45.0235846],[39.0418117,45.0236637]]}},{"type":"Feature","id":180684364,"properties":{"highway":"tertiary","name":"улица Селезнёва"},"geometry":{"type":"LineString","coordinates":[[39.0258971,45.0273326],[39.0257181,45.0273591],[39.0252059,45.027435],[39.0250833,45.0274531]]}},{"type":"Feature","id":180684365,"properties":{"highway":"tertiary","name":"улица Селезнёва"},"geometry":{"type":"LineString","coordinates":[[39.0250833,45.0274531],[39.0224601,45.027816],[39.0223442,45.027832],[39.0220416,45.0278749]]}},{"type":"Feature","id":180743377,"properties":{"highway":"residential","name":"Таманская улица"},"geometry":{"type":"LineString","coordinates":[[39.015779,45.0116294],[39.0159838,45.0103],[39.016145,45.0089501],[39.0163024,45.0076624]]}},{"type":"Feature","id":180743378,"properties":{"highway":"residential","name":"улица КИМ"},"geometry":{"type":"LineString","coordinates":[[39.0148684,45.0182846],[39.0160621,45.0183847],[39.0163095,45.0184052],[39.0164442,45.0184164],[39.0169028,45.0184543],[39.0171309,45.0184732],[39.0177424,45.0185238],[39.0182521,45.018568],[39.0185443,45.0185903],[39.0194573,45.0186663],[39.0203052,45.0187222],[39.021163,45.018783],[39.0219997,45.0188307],[39.0228536,45.018887],[39.0245321,45.0190057],[39.0254585,45.0190731],[39.0262955,45.0191368],[39.0268378,45.019176],[39.0277934,45.0192448],[39.0278457,45.0193643],[39.0278884,45.019462]]}},{"type":"Feature","id":180743379,"properties":{"highway":"tertiary","name":"улица КИМ"},"geometry":{"type":"LineString","coordinates":[[39.0103903,45.0178891],[39.0115602,45.01801],[39.0116019,45.018014],[39.0116335,45.0180177],[39.0116741,45.0180226],[39.0127448,45.0181133],[39.0137904,45.0181995],[39.0148684,45.0182846]]}},{"type":"Feature","id":180793651,"properties":{"highway":"service","name":null},"geometry":{"type":"LineString","coordinates":[[39.0555443,45.0140757],[39.0556319,45.0139974],[39.0554451,45.0139458],[39.0553847,45.0139312],[39.0553163,45.0139135]]}},{"type":"Feature","id":180793654,"properties":{"highway":"service","name":null},"geometry":{"type":"LineString","coordinates":[[39.0552281,45.0129451],[39.0551843,45.0130357],[39.0551422,45.0131208],[39.0546031,45.0129805],[39.0546392,45.0128971],[39.0546708,45.0128121]]}},{"type":"Feature","id":180793656,"properties":{"highway":"secondary","name":"улица Селезнёва"},"geometry":{"type":"LineString","coordinates":[[39.0537268,45.016208],[39.0538317,45.0160325],[39.054148,45.0155489],[39.0542982,45.015292],[39.0544016,45.015124],[39.054541,45.0148796]]}},{"type":"Feature","id":180793658,"properties":{"highway":"service","name":null},"geometry":{"type":"LineString","coordinates":[[39.0554368,45.0144319],[39.0551808,45.0143533],[39.0551238,45.0143404],[39.0550468,45.0143143],[39.0549177,45.0142775]]}},{"type":"Feature","id":181418089,"properties":{"highway":"service","name":null},"geometry":{"type":"LineString","coordinates":[[39.0071909,45.0359889],[39.00709,45.0356648]]}},{"type":"Feature","id":181418090,"properties":{"highway":"residential","name":"Новокузнечная улица"},"geometry":{"type":"LineString","coordinates":[[39.0063054,45.0368645],[39.0077506,45.0366045]]}},{"type":"Feature","id":181418091,"properties":{"highway":"residential","name":"Новокузнечная улица"},"geometry":{"type":"LineString","coordinates":[[39.0034671,45.0373098],[39.005345,45.0370189],[39.0057589,45.0369524],[39.0063054,45.0368645]]}},{"type":"Feature","id":183840436,"properties":{"highway":"footway","name":null},"geometry":{"type":"LineString","coordinates":[[39.0546007,45.0143795],[39.0546002,45.0143546],[39.0546099,45.0142889],[39.054882,45.0140159],[39.055402,45.0131231],[39.0551843,45.0130357],[39.0549436,45.0129726],[39.0546392,45.0128971],[39.0543444,45.0128471],[39.0540215,45.0128259],[39.0536854,45.0128428],[39.0533625,45.0128997],[39.0533109,45.0129964],[39.0531753,45.0130261],[39.0531609,45.0130024],[39.0529432,45.0130615],[39.0528488,45.0130872],[39.0527754,45.0130674],[39.052748,45.0130601],[39.0524632,45.0131419],[39.0521454,45.0132332],[39.052107,45.0132926],[39.0514996,45.013486],[39.0512824,45.0135123],[39.0508762,45.0136942],[39.0498168,45.0142018],[39.0494231,45.014394],[39.049153,45.0145221],[39.049099,45.0145484],[39.0490198,45.0145841],[39.0477836,45.0151114],[39.0476646,45.0152272]]}},{"type":"Feature","id":183840438,"properties":{"highway":"footway","name":null},"geometry":{"type":"LineString","coordinates":[[39.0558049,45.0132469],[39.0557657,45.0133032],[39.0553847,45.0139312],[39.0551238,45.0143404],[39.055013,45.0145033],[39.0548317,45.0147709],[39.0547521,45.0149351],[39.0545016,45.0153477],[39.0540421,45.0160918],[39.0539336,45.0162685],[39.0538504,45.0163969],[39.0537059,45.0166338],[39.0536786,45.0166803],[39.053598,45.0168179],[39.0535824,45.0168421],[39.0532754,45.0173194]]}},{"type":"Feature","id":183840530,"properties":{"highway":"service","name":null},"geometry":{"type":"LineString","coordinates":[[39.0518112,45.0170446],[39.0516074,45.0167407],[39.0514338,45.0166359],[39.0512094,45.0166941],[39.0514604,45.0171552],[39.0518112,45.0170446],[39.0529318,45.0173175],[39.053071,45.0173342],[39.0531827,45.0173532]]}},{"type":"Feature","id":184108693,"properties":{"highway":"footway","name":null},"geometry":{"type":"LineString","coordinates":[[39.0044987,45.0191748],[39.0056009,45.0192622],[39.0055892,45.0193152]]}},{"type":"Feature","id":184364945,"properties":{"highway":"residential","name":"1-й Тёплый проезд"},"geometry":{"type":"LineString","coordinates":[[39.0209147,45.0342989],[39.0211672,45.0350836],[39.021307,45.0357364],[39.0213046,45.0359885],[39.0212987,45.0360298]]}},{"type":"Feature","id":184364946,"properties":{"highway":"residential","name":"2-й Тёплый проезд"},"geometry":{"type":"LineString","coordinates":[[39.0224499,45.0355238],[39.0224152,45.0351615],[39.0221197,45.0340457]]}},{"type":"Feature","id":184592384,"properties":{"highway":"service","name":null},"geometry":{"type":"LineString","coordinates":[[39.0185192,45.03672],[39.0182173,45.0367495],[39.0181885,45.0367468],[39.0181641,45.0367321],[39.0181514,45.036715],[39.0180046,45.0362059]]}},{"type":"Feature","id":184592385,"properties":{"highway":"service","name":null},"geometry":{"type":"LineString","coordinates":[[39.0186008,45.0370016],[39.0184593,45.0370298],[39.0179476,45.0371514],[39.0175367,45.03713],[39.0161824,45.037283],[39.0159197,45.0365726],[39.0154798,45.0366413]]}},{"type":"Feature","id":184592387,"properties":{"highway":"service","name":null},"geometry":{"type":"LineString","coordinates":[[39.0189666,45.0369519],[39.019022,45.0369455],[39.0191325,45.0369337],[39.0198367,45.036788],[39.0200941,45.0367348],[39.0201983,45.0367359],[39.0203016,45.0367866],[39.020379,45.0369442]]}},{"type":"Feature","id":184592388,"properties":{"highway":"living_street","name":"улица Академика Пустовойта"},"geometry":{"type":"LineString","coordinates":[[39.0189666,45.0369519],[39.0193183,45.0364181],[39.0193286,45.0364025],[39.0195187,45.0359803],[39.0195457,45.0358954],[39.0196193,45.0357299],[39.01965,45.0356744]]}},{"type":"Feature","id":184592391,"properties":{"highway":"service","name":null},"geometry":{"type":"LineString","coordinates":[[39.0186008,45.0370016],[39.0185954,45.0369836]]}},{"type":"Feature","id":184592393,"properties":{"highway":"service","name":null},"geometry":{"type":"LineString","coordinates":[[39.0198075,45.0379872],[39.0204673,45.0378414],[39.0210935,45.037703],[39.0213334,45.0376501],[39.0218524,45.0375354],[39.0221583,45.0374678],[39.0222779,45.0377861]]}},{"type":"Feature","id":184594946,"properties":{"highway":"service","name":null},"geometry":{"type":"LineString","coordinates":[[39.0230616,45.037391],[39.0231172,45.0371452]]}},{"type":"Feature","id":184594947,"properties":{"highway":"service","name":null},"geometry":{"type":"LineString","coordinates":[[39.0267861,45.0395397],[39.0263061,45.0384463],[39.0259815,45.0385012],[39.0259601,45.0385524],[39.0260288,45.0387254],[39.0263805,45.0395329],[39.0267532,45.0395389],[39.0267861,45.0395397],[39.0271828,45.0395479],[39.0273025,45.0395531]]}},{"type":"Feature","id":184594948,"properties":{"highway":"service","name":null},"geometry":{"type":"LineString","coordinates":[[39.0232233,45.0374416],[39.0244539,45.0377657],[39.0247544,45.0378449],[39.0248263,45.0380058]]}},{"type":"Feature","id":184594949,"properties":{"highway":"secondary","name":"Восточно-Кругликовская улица"},"geometry":{"type":"LineString","coordinates":[[39.0274491,45.0385324],[39.0274717,45.0383062],[39.0274955,45.0380403],[39.0275373,45.0375718],[39.0275608,45.0373367],[39.0276478,45.0364512],[39.0276562,45.0363842]]}},{"type":"Feature","id":184594950,"properties":{"highway":"service","name":null},"geometry":{"type":"LineString","coordinates":[[39.025074,45.0378317],[39.0253545,45.0377753],[39.0257231,45.0387403],[39.0260288,45.0387254]]}},{"type":"Feature","id":184594952,"properties":{"highway":"living_street","name":"улица Академика Пустовойта"},"geometry":{"type":"LineString","coordinates":[[39.0189666,45.0369519],[39.0186179,45.0370833]]}},{"type":"Feature","id":184596429,"properties":{"highway":"service","name":null},"geometry":{"type":"LineString","coordinates":[[39.0500047,45.0177593],[39.049859,45.0174286],[39.0484476,45.0177947],[39.0483951,45.0178083]]}},{"type":"Feature","id":185460100,"properties":{"highway":"service","name":null},"geometry":{"type":"LineString","coordinates":[[39.0337699,45.0107166],[39.0340614,45.0114181],[39.033672,45.0114979]]}},{"type":"Feature","id":185820009,"properties":{"highway":"service","name":null},"geometry":{"type":"LineString","coordinates":[[39.0531008,45.017928],[39.0532626,45.0181028],[39.0530759,45.0181707],[39.0529306,45.0180254]]}},{"type":"Feature","id":186108751,"properties":{"highway":"primary","name":"улица Селезнёва"},"geometry":{"type":"LineString","coordinates":[[39.0477004,45.0219375],[39.0475594,45.0219527],[39.0472836,45.0220389]]}},{"type":"Feature","id":186251100,"properties":{"highway":"tertiary","name":"улица Айвазовского"},"geometry":{"type":"LineString","coordinates":[[39.0309453,45.013723],[39.0309299,45.0136855],[39.0309144,45.013648],[39.0307616,45.0132823],[39.0304319,45.0125],[39.0299634,45.011365],[39.0298606,45.0111095],[39.0297858,45.0109256],[39.0295123,45.0102536],[39.0293092,45.009774],[39.0290449,45.0091515],[39.0288078,45.0086163],[39.0283673,45.0076044],[39.0272697,45.005117]]}},{"type":"Feature","id":186585958,"properties":{"highway":"primary","name":"Ставропольская улица"},"geometry":{"type":"LineString","coordinates":[[39.0510685,45.0132743],[39.0512591,45.0132007],[39.0516176,45.0130623],[39.0520581,45.0129293],[39.0529508,45.0126981]]}},{"type":"Feature","id":187142156,"properties":{"highway":"residential","name":"Кирпичный переулок"},"geometry":{"type":"LineString","coordinates":[[39.0435632,45.012071],[39.043637,45.0120529],[39.0441907,45.0121235],[39.0445021,45.0121652],[39.0453909,45.0122819],[39.0455379,45.0123108]]}},{"type":"Feature","id":188810389,"properties":{"highway":"service","name":null},"geometry":{"type":"LineString","coordinates":[[39.0225322,45.0377327],[39.0226529,45.0380201],[39.0222014,45.0381148],[39.0222427,45.0382131]]}},{"type":"Feature","id":188811557,"properties":{"highway":"residential","name":"переулок Докучаева"},"geometry":{"type":"LineString","coordinates":[[39.014261,45.034576],[39.0136297,45.0346764],[39.0122444,45.0349107],[39.0120812,45.0349322],[39.0119691,45.0349463],[39.0118638,45.0349595]]}},{"type":"Feature","id":190900579,"properties":{"highway":"primary","name":"Ставропольская улица"},"geometry":{"type":"LineString","coordinates":[[39.0474421,45.0152664],[39.0473865,45.0153305],[39.0473502,45.0153672],[39.0473135,45.0153966],[39.0472576,45.0154288],[39.047207,45.0154523]]}},{"type":"Feature","id":191544534,"properties":{"highway":"residential","name":"Титаровская улица"},"geometry":{"type":"LineString","coordinates":[[39.0113969,45.0196921],[39.0116741,45.0180226],[39.0119749,45.0160515],[39.0121401,45.0148977],[39.0123894,45.0131431],[39.0125752,45.0118698],[39.0126275,45.0114761],[39.0126353,45.0114133],[39.012644,45.0113466],[39.012683,45.0110355]]}},{"type":"Feature","id":191544535,"properties":{"highway":"residential","name":"Титаровская улица"},"geometry":{"type":"LineString","coordinates":[[39.0115602,45.01801],[39.0112886,45.0196612]]}},{"type":"Feature","id":191646703,"properties":{"highway":"residential","name":"Амурская улица"},"geometry":{"type":"LineString","coordinates":[[39.0377116,45.0292383],[39.0398042,45.0294526],[39.0411305,45.0295861]]}},{"type":"Feature","id":191646710,"properties":{"highway":"service","name":null},"geometry":{"type":"LineString","coordinates":[[39.0435938,45.0290292],[39.0437448,45.0290313],[39.0438921,45.0290334],[39.0440449,45.0290356],[39.0442045,45.0290378],[39.0444584,45.0290414]]}},{"type":"Feature","id":191690730,"properties":{"highway":"service","name":null},"geometry":{"type":"LineString","coordinates":[[39.0543323,45.0135352],[39.0544493,45.0133338],[39.0547525,45.0134244],[39.054661,45.0136325],[39.0546303,45.0137023],[39.054882,45.0140159],[39.0549226,45.0140373],[39.0550526,45.0140749]]}},{"type":"Feature","id":191690731,"properties":{"highway":"footway","name":null},"geometry":{"type":"LineString","coordinates":[[39.0544697,45.0131073],[39.0544706,45.0132179]]}},{"type":"Feature","id":191690734,"properties":{"highway":"steps","name":null},"geometry":{"type":"LineString","coordinates":[[39.0544706,45.0132179],[39.0544573,45.0132893]]}},{"type":"Feature","id":191690735,"properties":{"highway":"footway","name":null},"geometry":{"type":"LineString","coordinates":[[39.0514963,45.0143085],[39.0510779,45.0139608]]}},{"type":"Feature","id":191690736,"properties":{"highway":"footway","name":null},"geometry":{"type":"LineString","coordinates":[[39.0544573,45.0132893],[39.0544493,45.0133338]]}},{"type":"Feature","id":191690737,"properties":{"highway":"service","name":null},"geometry":{"type":"LineString","coordinates":[[39.054661,45.0136325],[39.0543323,45.0135352]]}},{"type":"Feature","id":191690738,"properties":{"highway":"service","name":null},"geometry":{"type":"LineString","coordinates":[[39.0533072,45.0137262],[39.0535892,45.0132554],[39.0539772,45.0132655],[39.0543403,45.0133502]]}},{"type":"Feature","id":191690739,"properties":{"highway":"service","name":null},"geometry":{"type":"LineString","coordinates":[[39.0510315,45.0145685],[39.0512072,45.0148072],[39.05035,45.015628],[39.0500131,45.0152069],[39.0502477,45.0151049],[39.0506447,45.0147391],[39.0510315,45.0145685]]}},{"type":"Feature","id":191690740,"properties":{"highway":"service","name":null},"geometry":{"type":"LineString","coordinates":[[39.0521703,45.0139892],[39.052401,45.0135607],[39.0529553,45.0136827],[39.0530545,45.0137586]]}},{"type":"Feature","id":191694415,"properties":{"highway":"service","name":null},"geometry":{"type":"LineString","coordinates":[[39.0556319,45.0139974],[39.0559275,45.0135625],[39.0560198,45.013584]]}},{"type":"Feature","id":191694781,"properties":{"highway":"service","name":null},"geometry":{"type":"LineString","coordinates":[[39.0545388,45.015165],[39.0544016,45.015124],[39.0540334,45.0150114],[39.0544733,45.0143271]]}},{"type":"Feature","id":191701425,"properties":{"highway":"service","name":null},"geometry":{"type":"LineString","coordinates":[[39.0546031,45.0129805],[39.0544697,45.0131073],[39.0543403,45.0133502],[39.054201,45.0136117],[39.0533072,45.0137262],[39.0530545,45.0137586],[39.0528158,45.0138458],[39.0521703,45.0139892],[39.0516448,45.0141461],[39.0514963,45.0143085],[39.0510315,45.0145685]]}},{"type":"Feature","id":191701427,"properties":{"highway":"service","name":null},"geometry":{"type":"LineString","coordinates":[[39.054201,45.0136117],[39.0541841,45.0137198],[39.0539721,45.0140247]]}},{"type":"Feature","id":191701428,"properties":{"highway":"footway","name":null},"geometry":{"type":"LineString","coordinates":[[39.0544733,45.0143271],[39.0544002,45.0142391],[39.0542456,45.0141559],[39.0540685,45.0140948],[39.0539721,45.0140247]]}},{"type":"Feature","id":193305701,"properties":{"highway":"tertiary","name":"улица Васнецова"},"geometry":{"type":"LineString","coordinates":[[39.0261906,45.0314384],[39.0261578,45.0312831],[39.026244,45.030931],[39.0262804,45.0307823],[39.0263552,45.0304092],[39.0264211,45.0301488],[39.0266367,45.0291548]]}},{"type":"Feature","id":194430315,"properties":{"highway":"service","name":null},"geometry":{"type":"LineString","coordinates":[[39.0515251,45.0351777],[39.0515341,45.0352162],[39.0515127,45.0353287],[39.0514868,45.0354656],[39.0514606,45.0356034],[39.0514304,45.0357518],[39.0513982,45.0359135]]}},{"type":"Feature","id":198367052,"properties":{"highway":"residential","name":"улица Стасова"},"geometry":{"type":"LineString","coordinates":[[39.0436202,45.0258557],[39.0436196,45.025442],[39.0436172,45.0237807],[39.0436168,45.0234916],[39.0436251,45.0232434],[39.0436257,45.0231285]]}},{"type":"Feature","id":199338622,"properties":{"highway":"service","name":null},"geometry":{"type":"LineString","coordinates":[[39.0334153,45.0319206],[39.0327944,45.0318583],[39.0320674,45.0317825],[39.031232,45.0316934]]}},{"type":"Feature","id":199338758,"properties":{"highway":"service","name":null},"geometry":{"type":"LineString","coordinates":[[39.0313205,45.0313503],[39.031747,45.0313863],[39.0317255,45.0315437],[39.0317071,45.0316671],[39.0320758,45.0316996]]}},{"type":"Feature","id":199339641,"properties":{"highway":"service","name":null},"geometry":{"type":"LineString","coordinates":[[39.0343041,45.031796],[39.032842,45.0316451],[39.0327944,45.0318583],[39.0327236,45.032154]]}},{"type":"Feature","id":199575059,"properties":{"highway":"service","name":null},"geometry":{"type":"LineString","coordinates":[[38.9972517,45.0018827],[38.9974727,45.0018795],[38.9982324,45.0016812],[39.0000744,45.0012005],[39.0002943,45.0011626],[39.0016604,45.001144],[39.0018339,45.0011474],[39.002472,45.0010804],[39.0027808,45.0010564],[39.0032233,45.0010241],[39.0035291,45.001045],[39.0044008,45.00121],[39.0047066,45.0012536],[39.0050227,45.0013283],[39.0054804,45.0014044],[39.0058479,45.0014556],[39.0059314,45.0014654],[39.0062486,45.0015024],[39.0066197,45.0015034],[39.0068078,45.0015033],[39.0075172,45.0013612],[39.0077318,45.0013355],[39.0082951,45.0013374],[39.0084319,45.0013402],[39.0085298,45.0013573]]}},{"type":"Feature","id":199575060,"properties":{"highway":"service","name":null},"geometry":{"type":"LineString","coordinates":[[39.0061895,45.000485],[39.0062512,45.0005987],[39.0064122,45.0007618],[39.0064833,45.000941],[39.0065034,45.0010254],[39.0065208,45.0012397],[39.0065171,45.0013921],[39.0066197,45.0015034]]}},{"type":"Feature","id":199582653,"properties":{"highway":"footway","name":null},"geometry":{"type":"LineString","coordinates":[[39.0041727,45.0261324],[39.0042381,45.0260774],[39.004316,45.0260026],[39.0044689,45.0259438],[39.0046244,45.0258643],[39.0047439,45.0257789],[39.0047862,45.0257562],[39.0049754,45.0256558],[39.0050361,45.025628],[39.005083,45.0256065],[39.005179,45.0256172],[39.0052978,45.0255978]]}},{"type":"Feature","id":199705910,"properties":{"highway":"footway","name":null},"geometry":{"type":"LineString","coordinates":[[39.0532488,45.0142082],[39.0533377,45.0140957],[39.0533914,45.0139744],[39.0533492,45.0137965],[39.0533072,45.0137262]]}},{"type":"Feature","id":199705916,"properties":{"highway":"footway","name":null},"geometry":{"type":"LineString","coordinates":[[39.0330567,45.0241169],[39.0331795,45.0243025]]}},{"type":"Feature","id":199714519,"properties":{"highway":"footway","name":null},"geometry":{"type":"LineString","coordinates":[[39.033777,45.036271],[39.0336671,45.0368107],[39.0338159,45.0368247],[39.0337629,45.0370913],[39.033575,45.0372405]]}},{"type":"Feature","id":200263919,"properties":{"highway":"service","name":null},"geometry":{"type":"LineString","coordinates":[[39.0317255,45.0315437],[39.0312964,45.0315114]]}},{"type":"Feature","id":201962841,"properties":{"highway":"footway","name":null},"geometry":{"type":"LineString","coordinates":[[39.0557148,45.0045905],[39.0555199,45.0043634],[39.0554114,45.0042483],[39.0551067,45.0040017],[39.0549243,45.0038541],[39.0545323,45.0035994],[39.054484,45.0035739],[39.0544104,45.0036079],[39.0542272,45.0034238],[39.0542009,45.003396]]}},{"type":"Feature","id":202586448,"properties":{"highway":"service","name":null},"geometry":{"type":"LineString","coordinates":[[39.0376103,45.0193468],[39.0374765,45.0193589]]}},{"type":"Feature","id":202586450,"properties":{"highway":"service","name":null},"geometry":{"type":"LineString","coordinates":[[39.0381995,45.0192855],[39.038212,45.0193305],[39.038257,45.0194952],[39.0381676,45.0195957],[39.0376521,45.0196374],[39.0376139,45.0193894],[39.0376103,45.0193468],[39.0378113,45.019326],[39.0381995,45.0192855]]}},{"type":"Feature","id":203435601,"properties":{"highway":"service","name":null},"geometry":{"type":"LineString","coordinates":[[39.0419764,45.0298074],[39.0422803,45.0299243],[39.0424517,45.0296481],[39.0425036,45.0295713]]}},{"type":"Feature","id":203435602,"properties":{"highway":"service","name":null},"geometry":{"type":"LineString","coordinates":[[39.0426485,45.0290072],[39.0426123,45.0290374],[39.0426001,45.0296109]]}},{"type":"Feature","id":203436088,"properties":{"highway":"service","name":null},"geometry":{"type":"LineString","coordinates":[[39.0488352,45.0358242],[39.0487963,45.0359957],[39.0486341,45.036089],[39.0483927,45.0361193],[39.0481886,45.0361131],[39.0477879,45.0360909]]}},{"type":"Feature","id":204003381,"properties":{"highway":"tertiary","name":"улица Васнецова"},"geometry":{"type":"LineString","coordinates":[[39.0269756,45.0273988],[39.0269649,45.0273124],[39.0268255,45.0272098]]}},{"type":"Feature","id":204571721,"properties":{"highway":"secondary","name":"Новороссийская улица"},"geometry":{"type":"LineString","coordinates":[[39.0076347,45.0257534],[39.0075176,45.0256775]]}},{"type":"Feature","id":204572328,"properties":{"highway":"secondary","name":"Новороссийская улица"},"geometry":{"type":"LineString","coordinates":[[39.0077593,45.0257386],[39.0079375,45.0258314],[39.0081924,45.0259566],[39.0083861,45.0260387]]}},{"type":"Feature","id":206080147,"properties":{"highway":"footway","name":null},"geometry":{"type":"LineString","coordinates":[[39.0109961,45.0363169],[39.0110191,45.0362397],[39.0110419,45.0361785]]}},{"type":"Feature","id":206080148,"properties":{"highway":"footway","name":null},"geometry":{"type":"LineString","coordinates":[[39.0115654,45.0362175],[39.0115585,45.036162],[39.0115522,45.0361084],[39.0115515,45.03609]]}},{"type":"Feature","id":206080948,"properties":{"highway":"footway","name":null},"geometry":{"type":"LineString","coordinates":[[39.011785,45.0346832],[39.0118262,45.0346759],[39.0119297,45.03465],[39.0120011,45.0346393],[39.0122025,45.0346026],[39.0121985,45.0345455],[39.012193,45.0345159],[39.0121853,45.0344598],[39.0122058,45.0343962],[39.0122241,45.0343459],[39.0122623,45.0342498],[39.01204,45.0342701],[39.0112403,45.034347]]}},{"type":"Feature","id":206080949,"properties":{"highway":"footway","name":null},"geometry":{"type":"LineString","coordinates":[[39.0115515,45.03609],[39.0114853,45.0360442],[39.0114534,45.0359648],[39.0114997,45.0358733],[39.0119691,45.0349463],[39.0119806,45.0348905],[39.0120482,45.034686],[39.0122025,45.0346026],[39.0123753,45.0345718],[39.0131697,45.0344739],[39.0134694,45.0344566],[39.0140275,45.0344254],[39.0141612,45.0344277],[39.0143011,45.0344272],[39.0143737,45.0344126],[39.0146779,45.0344141],[39.014731,45.0344419],[39.0150007,45.0344384],[39.0151235,45.0344391],[39.0152378,45.0344467],[39.0159526,45.0345167],[39.0166788,45.0345723],[39.0172332,45.0345965],[39.017296,45.0347476],[39.0172795,45.0347936]]}},{"type":"Feature","id":206080955,"properties":{"highway":"footway","name":null},"geometry":{"type":"LineString","coordinates":[[39.0115793,45.0362906],[39.0112796,45.0363516],[39.0112661,45.0363678],[39.0103125,45.0375107]]}},{"type":"Feature","id":206080957,"properties":{"highway":"footway","name":null},"geometry":{"type":"LineString","coordinates":[[39.0172332,45.0345965],[39.0172631,45.0345283],[39.0172926,45.0344592],[39.0173095,45.0343702],[39.0173246,45.034286]]}},{"type":"Feature","id":206080959,"properties":{"highway":"footway","name":null},"geometry":{"type":"LineString","coordinates":[[39.0137758,45.0358357],[39.0132276,45.0359493],[39.0125514,45.0360889],[39.0115793,45.0362906],[39.0115654,45.0362175]]}},{"type":"Feature","id":206080961,"properties":{"highway":"footway","name":null},"geometry":{"type":"LineString","coordinates":[[39.0172795,45.0347936],[39.0171235,45.0348118],[39.0168153,45.0348715],[39.0161457,45.0350128],[39.0153916,45.0351692],[39.0139145,45.0354476],[39.013622,45.0355087],[39.0124497,45.0357534]]}},{"type":"Feature","id":206080964,"properties":{"highway":"footway","name":null},"geometry":{"type":"LineString","coordinates":[[39.0110419,45.0361785],[39.0111427,45.035974],[39.0112262,45.0359659],[39.0117329,45.0349088],[39.0116997,45.034694],[39.011785,45.0346832]]}},{"type":"Feature","id":206080966,"properties":{"highway":"footway","name":null},"geometry":{"type":"LineString","coordinates":[[39.0173246,45.034286],[39.0163589,45.0342086],[39.0162445,45.0341846],[39.0158235,45.0341676],[39.0149818,45.0341087],[39.0141191,45.0340982],[39.0136794,45.0340968],[39.0129422,45.0341751],[39.0122623,45.0342498]]}},{"type":"Feature","id":206086858,"properties":{"highway":"service","name":null},"geometry":{"type":"LineString","coordinates":[[39.0086211,45.0370813],[39.0088612,45.0368619]]}},{"type":"Feature","id":206086913,"properties":{"highway":"footway","name":null},"geometry":{"type":"LineString","coordinates":[[39.0111427,45.035974],[39.010616,45.0360525],[39.0089241,45.0362975]]}},{"type":"Feature","id":206637930,"properties":{"highway":"footway","name":null},"geometry":{"type":"LineString","coordinates":[[39.0284941,45.0304385],[39.0283987,45.030387],[39.0283587,45.0303404],[39.0283238,45.0302852],[39.0283157,45.0302253]]}},{"type":"Feature","id":207232403,"properties":{"highway":"service","name":null},"geometry":{"type":"LineString","coordinates":[[39.0520099,45.0328953],[39.0520296,45.0328032],[39.0524739,45.0307173],[39.0524895,45.0306442],[39.0527797,45.0293214],[39.0527315,45.0293163],[39.0521521,45.0292547],[39.0522049,45.0290096]]}},{"type":"Feature","id":207232404,"properties":{"highway":"service","name":null},"geometry":{"type":"LineString","coordinates":[[39.0518611,45.033599],[39.0519754,45.0335044],[39.0520044,45.0333737],[39.0520593,45.0333013],[39.0521151,45.0330191],[39.0521341,45.032907]]}},{"type":"Feature","id":209972605,"properties":{"highway":"service","name":null},"geometry":{"type":"LineString","coordinates":[[39.006462,45.0201109],[39.0064915,45.0199385],[39.0065516,45.0199163],[39.006597,45.0199024]]}},{"type":"Feature","id":209972609,"properties":{"highway":"service","name":null},"geometry":{"type":"LineString","coordinates":[[39.0061982,45.019908],[39.006296,45.0199182],[39.0064915,45.0199385]]}},{"type":"Feature","id":209972612,"properties":{"highway":"service","name":null},"geometry":{"type":"LineString","coordinates":[[39.0068932,45.0201439],[39.007002,45.0201516],[39.0072315,45.0201723],[39.0075356,45.0201996]]}},{"type":"Feature","id":209972613,"properties":{"highway":"service","name":null},"geometry":{"type":"LineString","coordinates":[[39.007743,45.0193831],[39.0077268,45.0194593],[39.0076884,45.0196663]]}},{"type":"Feature","id":209972614,"properties":{"highway":"service","name":null},"geometry":{"type":"LineString","coordinates":[[39.0079,45.0199583],[39.0077557,45.0199456],[39.0075799,45.0199315]]}},{"type":"Feature","id":209972615,"properties":{"highway":"service","name":null},"geometry":{"type":"LineString","coordinates":[[39.006429,45.0192616],[39.0064189,45.0193325],[39.0063812,45.0196032],[39.0063748,45.019639]]}},{"type":"Feature","id":209972980,"properties":{"highway":"residential","name":"Кавказская улица"},"geometry":{"type":"LineString","coordinates":[[39.0113969,45.0196921],[39.0115191,45.0197302],[39.0125008,45.0198145],[39.0126389,45.0198515],[39.0131211,45.019889],[39.0139794,45.0199558],[39.0146345,45.0200117]]}},{"type":"Feature","id":211969391,"properties":{"highway":"footway","name":null},"geometry":{"type":"LineString","coordinates":[[39.0074961,45.0201557],[39.007538,45.0201849],[39.0076228,45.020219],[39.0077926,45.0202517]]}},{"type":"Feature","id":211969395,"properties":{"highway":"footway","name":null},"geometry":{"type":"LineString","coordinates":[[39.0068996,45.0201089],[39.007012,45.0201175],[39.0072423,45.0201346],[39.0074961,45.0201557],[39.0075411,45.01995],[39.0075799,45.0199315],[39.0076782,45.0199017]]}},{"type":"Feature","id":211969398,"properties":{"highway":"footway","name":null},"geometry":{"type":"LineString","coordinates":[[39.0077557,45.0199456],[39.0078393,45.0199266],[39.0079954,45.0199326],[39.0081002,45.0199412],[39.0081431,45.0197763],[39.0078238,45.0197483],[39.0077978,45.019746],[39.0076335,45.0197364],[39.0075994,45.0196995],[39.0075639,45.0196662],[39.0076091,45.0194486]]}},{"type":"Feature","id":211969400,"properties":{"highway":"footway","name":null},"geometry":{"type":"LineString","coordinates":[[39.0076782,45.0199017],[39.0077978,45.019746],[39.0078609,45.0194746],[39.0086216,45.0195452],[39.0085723,45.0197914],[39.00865,45.0198208],[39.008725,45.0198279],[39.0091891,45.0198729],[39.0091623,45.0200284]]}},{"type":"Feature","id":211969403,"properties":{"highway":"footway","name":null},"geometry":{"type":"LineString","coordinates":[[39.0073548,45.0203758],[39.0072204,45.0202218],[39.0069616,45.0203458]]}},{"type":"Feature","id":211969410,"properties":{"highway":"service","name":null},"geometry":{"type":"LineString","coordinates":[[39.0079945,45.0202348],[39.008044,45.0202316],[39.0084323,45.0202712],[39.0085528,45.0202835]]}},{"type":"Feature","id":212305232,"properties":{"highway":"service","name":null},"geometry":{"type":"LineString","coordinates":[[39.0100048,45.020415],[39.0097443,45.0203906],[39.0095865,45.0203758],[39.009463,45.0203643],[39.0090952,45.0203298]]}},{"type":"Feature","id":212305233,"properties":{"highway":"footway","name":null},"geometry":{"type":"LineString","coordinates":[[39.008725,45.0198279],[39.0087872,45.0195696]]}},{"type":"Feature","id":212305234,"properties":{"highway":"service","name":null},"geometry":{"type":"LineString","coordinates":[[39.0095383,45.0199765],[39.0096602,45.0199888],[39.0098128,45.0200042],[39.0100615,45.0200293]]}},{"type":"Feature","id":212305236,"properties":{"highway":"service","name":null},"geometry":{"type":"LineString","coordinates":[[39.0059812,45.0203381],[39.0059932,45.0202634],[39.0060101,45.0201767],[39.0061522,45.0201868],[39.0061982,45.019908],[39.0062558,45.0196273],[39.0063376,45.0196359],[39.0063748,45.019639]]}},{"type":"Feature","id":212305237,"properties":{"highway":"service","name":null},"geometry":{"type":"LineString","coordinates":[[39.0098436,45.019816],[39.0098128,45.0200042],[39.0097443,45.0203906]]}},{"type":"Feature","id":212305238,"properties":{"highway":"footway","name":null},"geometry":{"type":"LineString","coordinates":[[39.0098436,45.019816],[39.0098624,45.019761],[39.0099003,45.0196708]]}},{"type":"Feature","id":212305240,"properties":{"highway":"footway","name":null},"geometry":{"type":"LineString","coordinates":[[39.0096339,45.0196448],[39.0096741,45.0196492],[39.0097212,45.0196544],[39.0096602,45.0199888],[39.0095971,45.0203206],[39.0095865,45.0203758],[39.0095543,45.0205437]]}},{"type":"Feature","id":212305241,"properties":{"highway":"footway","name":null},"geometry":{"type":"LineString","coordinates":[[39.0079099,45.0202624],[39.0079945,45.0202348],[39.0080159,45.0201811],[39.0085612,45.0202416],[39.0086111,45.0202834],[39.0087573,45.020344],[39.0088981,45.0203384],[39.0090309,45.0203042],[39.0090859,45.020272],[39.0094742,45.0203058],[39.0095971,45.0203206]]}},{"type":"Feature","id":212305244,"properties":{"highway":"service","name":null},"geometry":{"type":"LineString","coordinates":[[39.009463,45.0203643],[39.0094742,45.0203058],[39.0095383,45.0199765],[39.0095537,45.0199051],[39.0096317,45.0198615],[39.0096741,45.0196492],[39.0096922,45.0195658]]}},{"type":"Feature","id":212305247,"properties":{"highway":"service","name":null},"geometry":{"type":"LineString","coordinates":[[39.0086006,45.0200485],[39.0086363,45.0200517],[39.0086721,45.020055]]}},{"type":"Feature","id":212305253,"properties":{"highway":"footway","name":null},"geometry":{"type":"LineString","coordinates":[[39.0086216,45.0195452],[39.0087065,45.0195603],[39.0087872,45.0195696],[39.0096339,45.0196448],[39.0095915,45.0198558]]}},{"type":"Feature","id":212312886,"properties":{"highway":"footway","name":null},"geometry":{"type":"LineString","coordinates":[[39.0072204,45.0202218],[39.0072315,45.0201723],[39.0072423,45.0201346]]}},{"type":"Feature","id":213099609,"properties":{"highway":"service","name":null},"geometry":{"type":"LineString","coordinates":[[39.0085688,45.0202036],[39.0085786,45.0201538],[39.0085905,45.0200948]]}},{"type":"Feature","id":213099610,"properties":{"highway":"service","name":null},"geometry":{"type":"LineString","coordinates":[[39.0085905,45.0200948],[39.0086006,45.0200485],[39.00865,45.0198208],[39.0087065,45.0195603],[39.0087255,45.0194728]]}},{"type":"Feature","id":215384402,"properties":{"highway":"footway","name":null},"geometry":{"type":"LineString","coordinates":[[39.0065815,45.0194241],[39.0065939,45.0193545],[39.0076091,45.0194486]]}},{"type":"Feature","id":215384403,"properties":{"highway":"footway","name":null},"geometry":{"type":"LineString","coordinates":[[39.0076091,45.0194486],[39.0077268,45.0194593],[39.0078609,45.0194746]]}},{"type":"Feature","id":215384404,"properties":{"highway":"footway","name":null},"geometry":{"type":"LineString","coordinates":[[39.0056009,45.0192622],[39.0063206,45.0193268],[39.0064189,45.0193325],[39.0065939,45.0193545]]}},{"type":"Feature","id":215384408,"properties":{"highway":"footway","name":null},"geometry":{"type":"LineString","coordinates":[[39.0063206,45.0193268],[39.0062698,45.0195914],[39.0062558,45.0196273]]}},{"type":"Feature","id":217547614,"properties":{"highway":"residential","name":null},"geometry":{"type":"LineString","coordinates":[[39.024476,45.0003812],[39.0244304,45.0003515],[39.0239669,45.0000497],[39.0238592,44.9999664],[39.0238023,44.9998744],[39.0237637,44.9997795],[39.0237576,44.9996818],[39.0237781,44.9995934],[39.0238162,44.9995026],[39.0240067,44.9992177],[39.0241192,44.9991453],[39.0242003,44.9990355],[39.0243324,44.998737],[39.0243407,44.9986368],[39.0243302,44.9985889],[39.0243173,44.9985304],[39.0241485,44.9981591],[39.0240265,44.9978917],[39.0237317,44.9973676],[39.0235064,44.996967],[39.0234741,44.9969095]]}},{"type":"Feature","id":218566504,"properties":{"highway":"footway","name":null},"geometry":{"type":"LineString","coordinates":[[39.0314707,45.0263979],[39.0314941,45.026473],[39.0315173,45.0265476],[39.0315404,45.026622]]}},{"type":"Feature","id":220250436,"properties":{"highway":"residential","name":"Отрадный проезд"},"geometry":{"type":"LineString","coordinates":[[39.0107669,45.0329669],[39.0103025,45.0314758]]}},{"type":"Feature","id":220412241,"properties":{"highway":"service","name":null},"geometry":{"type":"LineString","coordinates":[[39.0388456,45.0153244],[39.0378302,45.0153215],[39.0367995,45.0153278]]}},{"type":"Feature","id":220912873,"properties":{"highway":"service","name":null},"geometry":{"type":"LineString","coordinates":[[39.0336245,45.0157098],[39.0336547,45.0153306]]}},{"type":"Feature","id":220912874,"properties":{"highway":"service","name":null},"geometry":{"type":"LineString","coordinates":[[39.0336547,45.0153306],[39.0343998,45.0153453],[39.0347294,45.0153603],[39.0360127,45.015377],[39.0361003,45.0153788],[39.0361971,45.0153807],[39.036798,45.0153925]]}},{"type":"Feature","id":220912875,"properties":{"highway":"service","name":null},"geometry":{"type":"LineString","coordinates":[[39.0388131,45.0162095],[39.0391314,45.0161359],[39.0395359,45.0160136],[39.0398596,45.0158271]]}},{"type":"Feature","id":220912876,"properties":{"highway":"service","name":null},"geometry":{"type":"LineString","coordinates":[[39.036798,45.0153925],[39.0369797,45.0157432],[39.0371618,45.0160993],[39.0372318,45.0162364]]}},{"type":"Feature","id":220912879,"properties":{"highway":"service","name":null},"geometry":{"type":"LineString","coordinates":[[39.0326592,45.0164171],[39.0330296,45.0163371],[39.0328985,45.0160213],[39.0330812,45.0157726],[39.0331481,45.0157077]]}},{"type":"Feature","id":221217976,"properties":{"highway":"footway","name":null},"geometry":{"type":"LineString","coordinates":[[39.0363268,45.0127758],[39.0352252,45.0129806],[39.0344033,45.0131478],[39.0342853,45.0131735],[39.0328754,45.0134813],[39.0310144,45.013885],[39.0301185,45.0140868],[39.0290818,45.0143105]]}},{"type":"Feature","id":221218652,"properties":{"highway":"footway","name":null},"geometry":{"type":"LineString","coordinates":[[39.0443372,45.0231222],[39.0444945,45.0231909],[39.0449114,45.0233553],[39.044964,45.0233748]]}},{"type":"Feature","id":221218654,"properties":{"highway":"footway","name":null},"geometry":{"type":"LineString","coordinates":[[39.0315577,45.006443],[39.0316828,45.0063908],[39.0322665,45.0060474],[39.0326915,45.0057932],[39.0330137,45.0055356],[39.0332479,45.0053873]]}},{"type":"Feature","id":221221441,"properties":{"highway":"footway","name":null},"geometry":{"type":"LineString","coordinates":[[39.0491685,45.0161785],[39.0490906,45.0160758],[39.0488337,45.016013],[39.0486729,45.01594],[39.0484916,45.0159018],[39.0477294,45.0160961]]}},{"type":"Feature","id":221378036,"properties":{"highway":"footway","name":null},"geometry":{"type":"LineString","coordinates":[[39.0398234,45.0208731],[39.0411596,45.0201518],[39.0412443,45.0201061],[39.0413219,45.0200949]]}},{"type":"Feature","id":221569339,"properties":{"highway":"residential","name":"2-й Адыгейский переулок"},"geometry":{"type":"LineString","coordinates":[[39.0125168,45.0093625],[39.0118107,45.0101041],[39.010932,45.0102838],[39.0108247,45.0103147]]}},{"type":"Feature","id":222001772,"properties":{"highway":"residential","name":"1-й Адыгейский переулок"},"geometry":{"type":"LineString","coordinates":[[39.0134979,45.0089955],[39.0129677,45.0095797]]}},{"type":"Feature","id":222003167,"properties":{"highway":"residential","name":"Кольцевой проезд"},"geometry":{"type":"LineString","coordinates":[[39.0264258,45.006393],[39.0264174,45.0064258],[39.0263514,45.0066842],[39.0264827,45.0068343],[39.0271812,45.0070762],[39.0273704,45.0077213],[39.0274708,45.0081358],[39.0275778,45.0083423],[39.0277135,45.0085421]]}},{"type":"Feature","id":222003168,"properties":{"highway":"residential","name":"3-я Заройная улица"},"geometry":{"type":"LineString","coordinates":[[39.0248611,45.0072581],[39.0261522,45.0080597],[39.0273255,45.0087852]]}},{"type":"Feature","id":222183617,"properties":{"highway":"footway","name":null},"geometry":{"type":"LineString","coordinates":[[39.0216214,45.0383051],[39.021701,45.0383266],[39.0218488,45.0382957]]}},{"type":"Feature","id":222183618,"properties":{"highway":"service","name":null},"geometry":{"type":"LineString","coordinates":[[39.0206215,45.0392508],[39.0205966,45.0391897],[39.0203617,45.0386145],[39.0203898,45.03855],[39.020549,45.0385186],[39.0214585,45.0383383],[39.0216214,45.0383051]]}},{"type":"Feature","id":222183619,"properties":{"highway":"service","name":null},"geometry":{"type":"LineString","coordinates":[[39.0209284,45.0388362],[39.0209781,45.0389461],[39.0211377,45.0389395],[39.0213603,45.0389698],[39.0214563,45.0390404],[39.0215105,45.03913],[39.0219557,45.0390362],[39.0221279,45.0393981]]}},{"type":"Feature","id":222319211,"properties":{"highway":"residential","name":"улица 1-й Кузнечный Зарой"},"geometry":{"type":"LineString","coordinates":[[39.0184546,45.0023721],[39.0188885,45.002841],[39.018929,45.0029375],[39.0188984,45.0034548],[39.0187985,45.0037836],[39.0187013,45.0038797]]}},{"type":"Feature","id":222532651,"properties":{"highway":"residential","name":"Ключевая улица"},"geometry":{"type":"LineString","coordinates":[[39.0179076,45.010414],[39.0178023,45.0112599]]}},{"type":"Feature","id":222725466,"properties":{"highway":"service","name":null},"geometry":{"type":"LineString","coordinates":[[39.048892,45.0191214],[39.0489918,45.0190951]]}},{"type":"Feature","id":222753390,"properties":{"highway":"living_street","name":"2-й Ялтинский проезд"},"geometry":{"type":"LineString","coordinates":[[39.0270531,45.0314286],[39.0272531,45.0301488],[39.0274285,45.0296272],[39.0275931,45.0292191]]}},{"type":"Feature","id":223345891,"properties":{"highway":"residential","name":"4-й Зелёный проезд"},"geometry":{"type":"LineString","coordinates":[[39.0204748,45.0296445],[39.0210227,45.0298736],[39.0220947,45.0300392],[39.0224724,45.0300657]]}},{"type":"Feature","id":223345892,"properties":{"highway":"residential","name":"5-й проезд Васнецова"},"geometry":{"type":"LineString","coordinates":[[39.0207784,45.0288904],[39.0204748,45.0296445],[39.019982,45.0298147]]}},{"type":"Feature","id":223350783,"properties":{"highway":"residential","name":"Карасунский проезд"},"geometry":{"type":"LineString","coordinates":[[39.0273934,45.026688],[39.0273325,45.026532],[39.0272563,45.0264961],[39.0269736,45.0265567],[39.0268338,45.0264826],[39.0267417,45.0261705],[39.0263034,45.0262491]]}},{"type":"Feature","id":223350784,"properties":{"highway":"service","name":null},"geometry":{"type":"LineString","coordinates":[[39.0262861,45.0251357],[39.0263794,45.025586]]}},{"type":"Feature","id":223350785,"properties":{"highway":"service","name":null},"geometry":{"type":"LineString","coordinates":[[39.0275137,45.0254625],[39.027026,45.0255253],[39.0268634,45.0254977]]}},{"type":"Feature","id":223350786,"properties":{"highway":"service","name":null},"geometry":{"type":"LineString","coordinates":[[39.0328947,45.0237673],[39.0330567,45.0241169],[39.0305685,45.024682],[39.0304265,45.0243542]]}},{"type":"Feature","id":223350787,"properties":{"highway":"service","name":null},"geometry":{"type":"LineString","coordinates":[[39.0275456,45.0256185],[39.0280329,45.0255635],[39.0283442,45.0255411],[39.0286173,45.0254692]]}},{"type":"Feature","id":225936433,"properties":{"highway":"primary","name":"улица Селезнёва"},"geometry":{"type":"LineString","coordinates":[[39.0418117,45.0236637],[39.0407937,45.0239807],[39.040478,45.0240739],[39.0397956,45.0242756],[39.0394379,45.0243813]]}},{"type":"Feature","id":226669918,"properties":{"highway":"service","name":null},"geometry":{"type":"LineString","coordinates":[[39.0057589,45.0369524],[39.0057275,45.0368543],[39.0055436,45.0362483],[39.0056445,45.0362259],[39.0055638,45.035965]]}},{"type":"Feature","id":227296266,"properties":{"highway":"primary","name":"Трамвайная улица"},"geometry":{"type":"LineString","coordinates":[[39.0562693,45.0132056],[39.0561821,45.0131844]]}},{"type":"Feature","id":227296267,"properties":{"highway":"primary","name":"Трамвайная улица"},"geometry":{"type":"LineString","coordinates":[[39.0572516,45.0134439],[39.0569378,45.0133718],[39.0569108,45.0133649]]}},{"type":"Feature","id":227296268,"properties":{"highway":"primary","name":"Трамвайная улица"},"geometry":{"type":"LineString","coordinates":[[39.0569108,45.0133649],[39.0565161,45.0132655],[39.0562693,45.0132056]]}},{"type":"Feature","id":227296269,"properties":{"highway":"primary","name":"Трамвайная улица"},"geometry":{"type":"LineString","coordinates":[[39.0556483,45.0130502],[39.0552547,45.0129509]]}},{"type":"Feature","id":227462999,"properties":{"highway":"secondary","name":"Новороссийская улица"},"geometry":{"type":"LineString","coordinates":[[39.0573784,45.0370149],[39.0571356,45.0372961],[39.0568326,45.037647]]}},{"type":"Feature","id":227463903,"properties":{"highway":"service","name":null},"geometry":{"type":"LineString","coordinates":[[39.0566403,45.0367335],[39.0565935,45.0371658],[39.0566223,45.0373901],[39.0565016,45.037698]]}},{"type":"Feature","id":227463904,"properties":{"highway":"service","name":null},"geometry":{"type":"LineString","coordinates":[[39.0573784,45.0370149],[39.0571489,45.0369212],[39.0566403,45.0367335],[39.0568651,45.0357519]]}},{"type":"Feature","id":227476083,"properties":{"highway":"primary","name":"Ставропольская улица"},"geometry":{"type":"LineString","coordinates":[[39.0524545,45.0130517],[39.0517998,45.0132371],[39.0516679,45.0132885],[39.0514159,45.0133868],[39.051218,45.013464]]}},{"type":"Feature","id":227476084,"properties":{"highway":"primary","name":"Ставропольская улица"},"geometry":{"type":"LineString","coordinates":[[39.051218,45.013464],[39.0510107,45.0135495]]}},{"type":"Feature","id":227619264,"properties":{"highway":"primary","name":"Ялтинская улица"},"geometry":{"type":"LineString","coordinates":[[39.0278775,45.0314729],[39.0279183,45.0313805],[39.0279379,45.0312723]]}},{"type":"Feature","id":227651974,"properties":{"highway":"service","name":null},"geometry":{"type":"LineString","coordinates":[[39.0400882,45.0303048],[39.0400576,45.0305743]]}},{"type":"Feature","id":227651975,"properties":{"highway":"service","name":null},"geometry":{"type":"LineString","coordinates":[[39.0401439,45.0311293],[39.0402061,45.0308202]]}},{"type":"Feature","id":227651977,"properties":{"highway":"service","name":null},"geometry":{"type":"LineString","coordinates":[[39.0400336,45.0311195],[39.0400089,45.0312461]]}},{"type":"Feature","id":227651978,"properties":{"highway":"service","name":null},"geometry":{"type":"LineString","coordinates":[[39.0401439,45.0311293],[39.0400336,45.0311195],[39.0396678,45.0310761]]}},{"type":"Feature","id":227651979,"properties":{"highway":"service","name":null},"geometry":{"type":"LineString","coordinates":[[39.0403679,45.0317142],[39.0403862,45.0316248],[39.0404696,45.0311639],[39.0401439,45.0311293]]}},{"type":"Feature","id":227687254,"properties":{"highway":"footway","name":null},"geometry":{"type":"LineString","coordinates":[[39.0423943,45.0162098],[39.0424527,45.0163345],[39.0424855,45.0164015],[39.0424881,45.0164082],[39.0425012,45.0164376],[39.0425284,45.0165069],[39.0425574,45.01657]]}},{"type":"Feature","id":227687258,"properties":{"highway":"footway","name":null},"geometry":{"type":"LineString","coordinates":[[39.0417837,45.0167748],[39.0421426,45.0168674],[39.0422702,45.0175268],[39.0422475,45.0175809],[39.0424616,45.018618],[39.0423666,45.0187413],[39.0424786,45.0195056],[39.0425613,45.01995],[39.0426239,45.0203266],[39.042702,45.020796],[39.0426994,45.020936],[39.0428337,45.0218595],[39.0428415,45.0219151],[39.0428902,45.0222694],[39.0429281,45.0225446],[39.0429673,45.0227149],[39.0430469,45.0230983],[39.043052,45.0231231]]}},{"type":"Feature","id":227773473,"properties":{"highway":"primary","name":"Старокубанская улица"},"geometry":{"type":"LineString","coordinates":[[39.049337,45.0200412],[39.0492576,45.019877],[39.048892,45.0191214]]}},{"type":"Feature","id":227773474,"properties":{"highway":"secondary","name":"улица Селезнёва"},"geometry":{"type":"LineString","coordinates":[[39.0503325,45.0210392],[39.0504696,45.0209666],[39.0506243,45.0208801],[39.0507916,45.0207827],[39.0509784,45.0206487],[39.05113,45.0205155],[39.0512067,45.0204439],[39.0513,45.0203408],[39.051385,45.0202289],[39.0514639,45.0201094],[39.0516353,45.0198207],[39.0516528,45.0197912],[39.0517989,45.0195481],[39.0519338,45.0193194]]}},{"type":"Feature","id":228581606,"properties":{"highway":"tertiary","name":"улица Селезнёва"},"geometry":{"type":"LineString","coordinates":[[39.0167537,45.0286292],[39.0161243,45.028713],[39.0157704,45.028749],[39.0155532,45.0287765],[39.0154586,45.0287841]]}},{"type":"Feature","id":228730412,"properties":{"highway":"primary","name":"Северная улица"},"geometry":{"type":"LineString","coordinates":[[39.005404,45.0355768],[39.0038021,45.035818]]}},{"type":"Feature","id":228730417,"properties":{"highway":"primary","name":"Северная улица"},"geometry":{"type":"LineString","coordinates":[[39.0207945,45.0342033],[39.0202882,45.0343106]]}},{"type":"Feature","id":228730418,"properties":{"highway":"primary","name":"Северная улица"},"geometry":{"type":"LineString","coordinates":[[39.0122545,45.0345079],[39.012193,45.0345159],[39.0120487,45.0345374]]}},{"type":"Feature","id":228730419,"properties":{"highway":"primary","name":"Северная улица"},"geometry":{"type":"LineString","coordinates":[[39.0119501,45.0345526],[39.0118996,45.0345622]]}},{"type":"Feature","id":228778470,"properties":{"highway":"primary","name":"Северная улица"},"geometry":{"type":"LineString","coordinates":[[39.0238316,45.0333472],[39.0242961,45.0331404]]}},{"type":"Feature","id":228778471,"properties":{"highway":"primary","name":"Северная улица"},"geometry":{"type":"LineString","coordinates":[[39.0106762,45.0345913],[39.0115437,45.0344597]]}},{"type":"Feature","id":228778472,"properties":{"highway":"primary","name":"Северная улица"},"geometry":{"type":"LineString","coordinates":[[39.02589,45.0324289],[39.0266617,45.0320999]]}},{"type":"Feature","id":228778473,"properties":{"highway":"primary","name":"Северная улица"},"geometry":{"type":"LineString","coordinates":[[39.020595,45.0340827],[39.020914,45.0340154]]}},{"type":"Feature","id":228778476,"properties":{"highway":"primary","name":"Северная улица"},"geometry":{"type":"LineString","coordinates":[[39.0167588,45.0343215],[39.0173095,45.0343702],[39.017386,45.0343733]]}},{"type":"Feature","id":228778477,"properties":{"highway":"primary","name":"Северная улица"},"geometry":{"type":"LineString","coordinates":[[39.0150062,45.0341817],[39.0154445,45.0342134]]}},{"type":"Feature","id":228778484,"properties":{"highway":"primary","name":"Северная улица"},"geometry":{"type":"LineString","coordinates":[[39.0120098,45.0343828],[39.0122241,45.0343459],[39.0126385,45.0342825],[39.0130773,45.0342211],[39.01361,45.0341898],[39.01387,45.0341792],[39.0141408,45.0341681]]}},{"type":"Feature","id":228779658,"properties":{"highway":"primary","name":"Ялтинская улица"},"geometry":{"type":"LineString","coordinates":[[39.0282217,45.0301326],[39.0282092,45.0302195],[39.0282019,45.030483]]}},{"type":"Feature","id":228779659,"properties":{"highway":"primary","name":"Ялтинская улица"},"geometry":{"type":"LineString","coordinates":[[39.028314,45.0293797],[39.0282813,45.0296627]]}},{"type":"Feature","id":228779660,"properties":{"highway":"primary","name":"Ялтинская улица"},"geometry":{"type":"LineString","coordinates":[[39.0282813,45.0296627],[39.0282217,45.0301326]]}},{"type":"Feature","id":228779661,"properties":{"highway":"service","name":null},"geometry":{"type":"LineString","coordinates":[[39.0288711,45.0271923],[39.0289383,45.027243],[39.0289529,45.0272543],[39.0290488,45.0273413]]}},{"type":"Feature","id":231490824,"properties":{"highway":"service","name":null},"geometry":{"type":"LineString","coordinates":[[39.0401959,45.0185171],[39.0403786,45.0184778],[39.0405462,45.0184713],[39.0407915,45.0184144],[39.0408083,45.0185024],[39.0408485,45.0186711],[39.0421118,45.0185422]]}},{"type":"Feature","id":231490825,"properties":{"highway":"service","name":null},"geometry":{"type":"LineString","coordinates":[[39.0408083,45.0185024],[39.0420877,45.0183791],[39.0420662,45.018254],[39.0422164,45.0182331],[39.0420823,45.0177516],[39.0418329,45.0175676],[39.0417766,45.0174327]]}},{"type":"Feature","id":231490826,"properties":{"highway":"service","name":null},"geometry":{"type":"LineString","coordinates":[[39.0418329,45.0175676],[39.0418302,45.0177914],[39.0418704,45.0179814],[39.0405242,45.0182969]]}},{"type":"Feature","id":231490827,"properties":{"highway":"service","name":null},"geometry":{"type":"LineString","coordinates":[[39.0420662,45.018254],[39.0420475,45.0182047],[39.0414091,45.0182767]]}},{"type":"Feature","id":231490828,"properties":{"highway":"service","name":null},"geometry":{"type":"LineString","coordinates":[[39.0401959,45.0185171],[39.0402703,45.0186689],[39.0402819,45.018695],[39.0406538,45.0186059],[39.0407808,45.01858]]}},{"type":"Feature","id":231490829,"properties":{"highway":"service","name":null},"geometry":{"type":"LineString","coordinates":[[39.0408485,45.0186711],[39.0409273,45.0188353],[39.0409504,45.0190465]]}},{"type":"Feature","id":231490830,"properties":{"highway":"service","name":null},"geometry":{"type":"LineString","coordinates":[[39.0422164,45.0182331],[39.0422513,45.0184834]]}},{"type":"Feature","id":231622564,"properties":{"highway":"service","name":null},"geometry":{"type":"LineString","coordinates":[[39.0460932,45.0179251],[39.0458826,45.0181582],[39.0457601,45.0182939],[39.0457476,45.0183186],[39.0457555,45.0183403],[39.0459076,45.0185356]]}},{"type":"Feature","id":231622566,"properties":{"highway":"service","name":null},"geometry":{"type":"LineString","coordinates":[[39.0474033,45.0174612],[39.0467846,45.0175151],[39.0463227,45.0176104],[39.0462701,45.0176158],[39.0462079,45.0176122],[39.045744,45.0175321],[39.0457013,45.0175175],[39.0456767,45.0174908],[39.0455771,45.0172496]]}},{"type":"Feature","id":231622567,"properties":{"highway":"service","name":null},"geometry":{"type":"LineString","coordinates":[[39.0431879,45.0208231],[39.0431484,45.0207129],[39.0430491,45.0204266],[39.0432556,45.0202389],[39.0431589,45.0201079],[39.0430792,45.0200015],[39.0431374,45.0199129],[39.0433764,45.0196758],[39.0433817,45.0195734],[39.0432798,45.0194862],[39.0430384,45.0180984],[39.0430613,45.018061],[39.043264,45.0180349],[39.0435065,45.019507]]}},{"type":"Feature","id":231622568,"properties":{"highway":"service","name":null},"geometry":{"type":"LineString","coordinates":[[39.0433817,45.0195734],[39.0435065,45.019507],[39.0437572,45.0194333],[39.0435032,45.0180083],[39.043264,45.0180349]]}},{"type":"Feature","id":231622569,"properties":{"highway":"service","name":null},"geometry":{"type":"LineString","coordinates":[[39.0437572,45.0194333],[39.0439958,45.019352],[39.0438858,45.018696],[39.0437463,45.0179168]]}},{"type":"Feature","id":231622570,"properties":{"highway":"service","name":null},"geometry":{"type":"LineString","coordinates":[[39.0438858,45.018696],[39.0440552,45.0186756],[39.0438938,45.0178239]]}},{"type":"Feature","id":231622571,"properties":{"highway":"service","name":null},"geometry":{"type":"LineString","coordinates":[[39.0440552,45.0186756],[39.0443223,45.0186472],[39.0441367,45.0177678]]}},{"type":"Feature","id":231622572,"properties":{"highway":"service","name":null},"geometry":{"type":"LineString","coordinates":[[39.0443223,45.0186472],[39.0445667,45.0188453],[39.0447212,45.0189706],[39.0442278,45.0192687],[39.0441529,45.0192112],[39.044135,45.0191041],[39.0445667,45.0188453]]}},{"type":"Feature","id":231622573,"properties":{"highway":"service","name":null},"geometry":{"type":"LineString","coordinates":[[39.0432556,45.0202389],[39.0433167,45.0202645],[39.0449338,45.0193838]]}},{"type":"Feature","id":231622574,"properties":{"highway":"service","name":null},"geometry":{"type":"LineString","coordinates":[[39.0447212,45.0189706],[39.0448629,45.0190736]]}},{"type":"Feature","id":231622575,"properties":{"highway":"steps","name":null},"geometry":{"type":"LineString","coordinates":[[39.0310003,45.0242177],[39.0309672,45.0241521]]}},{"type":"Feature","id":231622576,"properties":{"highway":"footway","name":null},"geometry":{"type":"LineString","coordinates":[[39.0394628,45.0202818],[39.0396215,45.0202044]]}},{"type":"Feature","id":231622577,"properties":{"highway":"footway","name":null},"geometry":{"type":"LineString","coordinates":[[39.038953,45.019679],[39.0390125,45.019644]]}},{"type":"Feature","id":231666230,"properties":{"highway":"service","name":null},"geometry":{"type":"LineString","coordinates":[[39.0424848,45.0165168],[39.0425135,45.0165788],[39.0424143,45.0167943]]}},{"type":"Feature","id":231666231,"properties":{"highway":"service","name":null},"geometry":{"type":"LineString","coordinates":[[39.0426656,45.0177869],[39.0450637,45.0171996]]}},{"type":"Feature","id":231666232,"properties":{"highway":"service","name":null},"geometry":{"type":"LineString","coordinates":[[39.0426267,45.0176333],[39.0448818,45.0170473]]}},{"type":"Feature","id":231666233,"properties":{"highway":"service","name":null},"geometry":{"type":"LineString","coordinates":[[39.0424143,45.0167943],[39.0424304,45.0168577],[39.0425577,45.0173606],[39.0426267,45.0176333],[39.0426656,45.0177869],[39.042703,45.0179348],[39.0449293,45.0173506],[39.0450637,45.0171996],[39.0450973,45.01712],[39.0450084,45.0168865],[39.0448005,45.0168497],[39.0425577,45.0173606]]}},{"type":"Feature","id":231701152,"properties":{"highway":"footway","name":null},"geometry":{"type":"LineString","coordinates":[[39.0402703,45.0186689],[39.0401081,45.0187056]]}},{"type":"Feature","id":231701156,"properties":{"highway":"service","name":null},"geometry":{"type":"LineString","coordinates":[[39.0391894,45.0175893],[39.0399548,45.0178447]]}},{"type":"Feature","id":231701157,"properties":{"highway":"service","name":null},"geometry":{"type":"LineString","coordinates":[[39.0399009,45.0174126],[39.0406225,45.0176548]]}},{"type":"Feature","id":231701158,"properties":{"highway":"service","name":null},"geometry":{"type":"LineString","coordinates":[[39.0406163,45.0172767],[39.0413177,45.0175074]]}},{"type":"Feature","id":231701159,"properties":{"highway":"service","name":null},"geometry":{"type":"LineString","coordinates":[[39.0413355,45.0170782],[39.0420804,45.0173695]]}},{"type":"Feature","id":231701173,"properties":{"highway":"service","name":null},"geometry":{"type":"LineString","coordinates":[[39.0412867,45.0200062],[39.0412942,45.0198836],[39.0413028,45.0197954],[39.0412402,45.0194427],[39.0412413,45.0194247],[39.0412426,45.0192978],[39.0412449,45.0190766],[39.0412456,45.0189306]]}},{"type":"Feature","id":231701187,"properties":{"highway":"footway","name":null},"geometry":{"type":"LineString","coordinates":[[39.0436321,45.022958],[39.043614,45.02293],[39.043549,45.0228778],[39.0433009,45.0228205],[39.0431982,45.0222313],[39.0430066,45.0208728],[39.0427833,45.0192854],[39.0426303,45.0184316],[39.0424516,45.0174937],[39.0422659,45.0167852],[39.042363,45.016609]]}},{"type":"Feature","id":231701188,"properties":{"highway":"service","name":null},"geometry":{"type":"LineString","coordinates":[[39.0496024,45.0221734],[39.0494889,45.0222757],[39.049489,45.022434],[39.049164,45.0224186],[39.0489703,45.0222651],[39.0489628,45.0222409],[39.0489597,45.0222051],[39.0489853,45.0221121]]}},{"type":"Feature","id":231701189,"properties":{"highway":"footway","name":null},"geometry":{"type":"LineString","coordinates":[[39.0437793,45.0237428],[39.0437792,45.0237774],[39.0437759,45.0246388],[39.0437687,45.0258551],[39.0437641,45.0259788],[39.0437556,45.0269237],[39.043754,45.0271225],[39.043763,45.0277632],[39.0437574,45.02815],[39.0437542,45.0283735],[39.0437448,45.0290313],[39.0437379,45.0292992],[39.0437361,45.0296139],[39.0437283,45.0309415],[39.0437277,45.0310376],[39.0437238,45.0317048],[39.0437197,45.0319092],[39.0443198,45.0319831],[39.0445082,45.0320062],[39.0450444,45.0320641],[39.0454939,45.0321127],[39.0458878,45.0321552],[39.0460168,45.0321692],[39.0464113,45.0322118],[39.047168,45.0322935],[39.0474715,45.0323263],[39.0479361,45.0323765],[39.0491137,45.032506],[39.0493616,45.0325332],[39.0496274,45.0325625],[39.0498204,45.0325923],[39.0499691,45.0326152]]}},{"type":"Feature","id":231701190,"properties":{"highway":"steps","name":null},"geometry":{"type":"LineString","coordinates":[[39.044003,45.0228108],[39.0438238,45.0228662]]}},{"type":"Feature","id":231701192,"properties":{"highway":"footway","name":null},"geometry":{"type":"LineString","coordinates":[[39.0440753,45.0228189],[39.044003,45.0228108]]}},{"type":"Feature","id":231701193,"properties":{"highway":"footway","name":null},"geometry":{"type":"LineString","coordinates":[[39.0428415,45.0219151],[39.0425682,45.0222143],[39.0428902,45.0222694]]}},{"type":"Feature","id":231701195,"properties":{"highway":"footway","name":null},"geometry":{"type":"LineString","coordinates":[[39.0425682,45.0222143],[39.0427489,45.0225095],[39.0429281,45.0225446]]}},{"type":"Feature","id":231701199,"properties":{"highway":"footway","name":null},"geometry":{"type":"LineString","coordinates":[[39.0381478,45.0217752],[39.0382452,45.0220768]]}},{"type":"Feature","id":231784919,"properties":{"highway":"footway","name":null},"geometry":{"type":"LineString","coordinates":[[39.0497749,45.0169355],[39.0499093,45.0170039],[39.0500383,45.017039],[39.0501673,45.017034],[39.0505576,45.0169535]]}},{"type":"Feature","id":231784923,"properties":{"highway":"footway","name":null},"geometry":{"type":"LineString","coordinates":[[39.0528488,45.0130872],[39.0531921,45.0131914],[39.0532212,45.0131436],[39.0533109,45.0129964]]}},{"type":"Feature","id":231784924,"properties":{"highway":"footway","name":null},"geometry":{"type":"LineString","coordinates":[[39.0532212,45.0131436],[39.0529432,45.0130615]]}},{"type":"Feature","id":231784925,"properties":{"highway":"footway","name":null},"geometry":{"type":"LineString","coordinates":[[39.0527754,45.0130674],[39.052669,45.0132079],[39.0525351,45.0133847]]}},{"type":"Feature","id":231784926,"properties":{"highway":"footway","name":null},"geometry":{"type":"LineString","coordinates":[[39.0524632,45.0131419],[39.052669,45.0132079],[39.0531017,45.0133523],[39.0531921,45.0131914]]}},{"type":"Feature","id":231784927,"properties":{"highway":"footway","name":null},"geometry":{"type":"LineString","coordinates":[[39.0465406,45.0155988],[39.0470737,45.0156773]]}},{"type":"Feature","id":231784933,"properties":{"highway":"footway","name":null},"geometry":{"type":"LineString","coordinates":[[39.0475304,45.0154959],[39.0475762,45.0154264],[39.0477836,45.0151114]]}},{"type":"Feature","id":231784940,"properties":{"highway":"service","name":null},"geometry":{"type":"LineString","coordinates":[[39.0447367,45.0175529],[39.0451088,45.0174511],[39.0451928,45.0173951],[39.0453008,45.0171542],[39.0453684,45.0171377]]}},{"type":"Feature","id":231784944,"properties":{"highway":"service","name":null},"geometry":{"type":"LineString","coordinates":[[39.0421099,45.0210286],[39.0419818,45.0211222],[39.0412491,45.0214443],[39.0407559,45.0218115]]}},{"type":"Feature","id":231794519,"properties":{"highway":"unclassified","name":null},"geometry":{"type":"LineString","coordinates":[[39.0575931,45.029338],[39.0574198,45.0293262],[39.0572968,45.0293398],[39.0572002,45.02937],[39.0570894,45.0294318],[39.0569918,45.0295752]]}},{"type":"Feature","id":231804044,"properties":{"highway":"path","name":null},"geometry":{"type":"LineString","coordinates":[[39.0078702,45.0358787],[39.0082636,45.0358278],[39.0086927,45.0358616]]}},{"type":"Feature","id":232464997,"properties":{"highway":"service","name":null},"geometry":{"type":"LineString","coordinates":[[39.0350101,45.0330375],[39.0350662,45.0327471]]}},{"type":"Feature","id":232464999,"properties":{"highway":"service","name":null},"geometry":{"type":"LineString","coordinates":[[39.0352576,45.0330524],[39.0353113,45.0327834],[39.0350662,45.0327471],[39.0350809,45.0326589],[39.0351249,45.0323964]]}},{"type":"Feature","id":232604830,"properties":{"highway":"footway","name":null},"geometry":{"type":"LineString","coordinates":[[39.0257231,45.0387403],[39.0257684,45.0388391],[39.0255968,45.0388732],[39.0253124,45.0389907],[39.0247677,45.0391023],[39.0247076,45.039101]]}},{"type":"Feature","id":232604831,"properties":{"highway":"footway","name":null},"geometry":{"type":"LineString","coordinates":[[39.0276421,45.0337007],[39.0264939,45.0331572],[39.0264357,45.0332184],[39.0263812,45.0332685],[39.0258776,45.0330264],[39.025655,45.0333308],[39.0256252,45.0333607],[39.0255313,45.0334278],[39.0253298,45.0335347],[39.0252745,45.0335194],[39.0223241,45.0322793]]}},{"type":"Feature","id":232688011,"properties":{"highway":"service","name":null},"geometry":{"type":"LineString","coordinates":[[39.0219624,45.0385453],[39.0209097,45.0387633],[39.0209284,45.0388362]]}},{"type":"Feature","id":232688012,"properties":{"highway":"footway","name":null},"geometry":{"type":"LineString","coordinates":[[39.0203898,45.03855],[39.0202277,45.0382875],[39.0201707,45.0382271]]}},{"type":"Feature","id":232688252,"properties":{"highway":"service","name":null},"geometry":{"type":"LineString","coordinates":[[39.0180046,45.0362059],[39.0179889,45.0361904],[39.0179578,45.0361837],[39.0176332,45.036233],[39.0175903,45.0362558],[39.0178191,45.0370214],[39.0179819,45.0370082]]}},{"type":"Feature","id":232689400,"properties":{"highway":"service","name":null},"geometry":{"type":"LineString","coordinates":[[39.0089509,45.0380723],[39.0082455,45.0388506],[39.007962,45.0387329],[39.0079612,45.0386156],[39.0084332,45.0376907],[39.009008,45.0379066],[39.0089509,45.0380723]]}},{"type":"Feature","id":232689401,"properties":{"highway":"service","name":null},"geometry":{"type":"LineString","coordinates":[[39.0094571,45.0382648],[39.0089509,45.0380723]]}},{"type":"Feature","id":232729235,"properties":{"highway":"service","name":null},"geometry":{"type":"LineString","coordinates":[[39.0431374,45.0199129],[39.043079,45.0197197],[39.042825,45.0181007]]}},{"type":"Feature","id":232733029,"properties":{"highway":"service","name":null},"geometry":{"type":"LineString","coordinates":[[39.0431589,45.0201079],[39.0448197,45.0192047]]}},{"type":"Feature","id":232733030,"properties":{"highway":"service","name":null},"geometry":{"type":"LineString","coordinates":[[39.0413563,45.0190431],[39.0412449,45.0190766]]}},{"type":"Feature","id":232733031,"properties":{"highway":"service","name":null},"geometry":{"type":"LineString","coordinates":[[39.0412456,45.0189306],[39.0413488,45.0188751],[39.0413563,45.0190431]]}},{"type":"Feature","id":232733032,"properties":{"highway":"service","name":null},"geometry":{"type":"LineString","coordinates":[[39.0412413,45.0194247],[39.0408498,45.0194536],[39.0409036,45.0193137],[39.0412426,45.0192978]]}},{"type":"Feature","id":232893925,"properties":{"highway":"footway","name":null},"geometry":{"type":"LineString","coordinates":[[39.0302824,45.0347414],[39.0313287,45.0349943],[39.0314655,45.0350398],[39.0318002,45.0350885],[39.0320857,45.03513],[39.0322918,45.03516],[39.0335859,45.0353429],[39.0364169,45.0356605],[39.0389848,45.0359081],[39.0395262,45.0359735],[39.0398003,45.0360085],[39.0399354,45.0360258],[39.0401103,45.0360481],[39.0402402,45.0360602],[39.0404043,45.0360797],[39.0426262,45.0362832]]}},{"type":"Feature","id":232893926,"properties":{"highway":"footway","name":null},"geometry":{"type":"LineString","coordinates":[[39.0269778,45.0388721],[39.0270265,45.038859],[39.0271009,45.0388326],[39.0271459,45.0388181]]}},{"type":"Feature","id":232893927,"properties":{"highway":"path","name":null},"geometry":{"type":"LineString","coordinates":[[39.029368,45.0347195],[39.0293023,45.0347744],[39.0292651,45.0348193],[39.0292147,45.0348589],[39.0291326,45.0348989],[39.0290158,45.0348867],[39.0288094,45.0348652],[39.0287953,45.0352135]]}},{"type":"Feature","id":232894814,"properties":{"highway":"footway","name":null},"geometry":{"type":"LineString","coordinates":[[39.0345088,45.031055],[39.0371612,45.0313169],[39.0372987,45.0313305],[39.0375905,45.031359],[39.0393697,45.0315256],[39.0403862,45.0316248],[39.0406831,45.0316551],[39.0407358,45.0316605]]}},{"type":"Feature","id":232894816,"properties":{"highway":"footway","name":null},"geometry":{"type":"LineString","coordinates":[[39.0344816,45.0312085],[39.0351978,45.0312623],[39.0363839,45.0313914],[39.0371274,45.0314794],[39.0372581,45.0314949],[39.0375523,45.0315184],[39.0386145,45.0316192],[39.0396702,45.031728],[39.0406535,45.0318005],[39.0407556,45.0318111],[39.0423403,45.0319871]]}},{"type":"Feature","id":232895521,"properties":{"highway":"footway","name":null},"geometry":{"type":"LineString","coordinates":[[39.0264306,45.038374],[39.0263344,45.0384401],[39.0263061,45.0384463]]}},{"type":"Feature","id":232917145,"properties":{"highway":"service","name":null},"geometry":{"type":"LineString","coordinates":[[39.0213334,45.0376501],[39.02127,45.0375055],[39.0211263,45.0374752],[39.0210949,45.03741],[39.0210161,45.0372464],[39.0210317,45.0372185],[39.0211907,45.0371837],[39.0214358,45.0371301],[39.0216345,45.0371418],[39.0216955,45.0371769],[39.0218215,45.0374648],[39.0218524,45.0375354]]}},{"type":"Feature","id":232968699,"properties":{"highway":"footway","name":null},"geometry":{"type":"LineString","coordinates":[[39.0213236,45.0379852],[39.021444,45.0383169],[39.0214585,45.0383383]]}},{"type":"Feature","id":232969580,"properties":{"highway":"service","name":null},"geometry":{"type":"LineString","coordinates":[[39.0323755,45.037476],[39.0342424,45.0386786],[39.0343441,45.0387287],[39.0344509,45.038681],[39.0345118,45.0386356],[39.0344717,45.0385768],[39.0321372,45.0371125],[39.0307088,45.0362326],[39.0305334,45.0360385],[39.030488,45.0358854],[39.030092,45.0356322],[39.0298694,45.0355602],[39.0288094,45.0348652],[39.0284565,45.0346949],[39.0283432,45.03472],[39.0282769,45.034794]]}},{"type":"Feature","id":232970069,"properties":{"highway":"footway","name":null},"geometry":{"type":"LineString","coordinates":[[39.0029764,45.0360408],[39.0030384,45.0360287],[39.005948,45.0356003],[39.0075224,45.0353503],[39.0077676,45.0353613],[39.0081652,45.0353075],[39.0083364,45.0352843],[39.0084115,45.035235],[39.0084541,45.035215]]}},{"type":"Feature","id":232970070,"properties":{"highway":"service","name":null},"geometry":{"type":"LineString","coordinates":[[39.0111647,45.0379504],[39.0106237,45.0377402],[39.0101741,45.0375655],[39.0101345,45.0375493],[39.0100936,45.0375298]]}},{"type":"Feature","id":232970071,"properties":{"highway":"footway","name":null},"geometry":{"type":"LineString","coordinates":[[39.0115119,45.0373516],[39.0114574,45.0377626],[39.0111647,45.0379504]]}},{"type":"Feature","id":233419901,"properties":{"highway":"footway","name":null},"geometry":{"type":"LineString","coordinates":[[39.0241336,45.0389762],[39.0241836,45.0388981],[39.0241945,45.0388188],[39.0241715,45.0387088]]}},{"type":"Feature","id":234627823,"properties":{"highway":"residential","name":"Адыгейская набережная"},"geometry":{"type":"LineString","coordinates":[[39.0104372,45.010995],[39.0105126,45.0109783],[39.0111337,45.0108426],[39.0121521,45.0106388],[39.0125698,45.010555],[39.012687,45.0105502],[39.0128411,45.0105927]]}},{"type":"Feature","id":235408651,"properties":{"highway":"footway","name":null},"geometry":{"type":"LineString","coordinates":[[39.0283157,45.0302253],[39.0284113,45.0293906],[39.0284582,45.028991],[39.028485,45.0289617],[39.0285319,45.0287086],[39.0284957,45.0286887],[39.0285491,45.0283061],[39.0285856,45.0281759],[39.0286875,45.0275352],[39.0289529,45.0272543]]}},{"type":"Feature","id":235408652,"properties":{"highway":"footway","name":null},"geometry":{"type":"LineString","coordinates":[[39.0283157,45.0302253],[39.0282092,45.0302195],[39.0280759,45.0302122],[39.0279798,45.0302069]]}},{"type":"Feature","id":235409096,"properties":{"highway":"footway","name":null},"geometry":{"type":"LineString","coordinates":[[39.0261855,45.0274178],[39.0261511,45.0272939],[39.0261209,45.0271902]]}},{"type":"Feature","id":235409097,"properties":{"highway":"footway","name":null},"geometry":{"type":"LineString","coordinates":[[39.0257496,45.0274819],[39.0257181,45.0273591],[39.0256937,45.0272639]]}},{"type":"Feature","id":235409335,"properties":{"highway":"footway","name":null},"geometry":{"type":"LineString","coordinates":[[39.0157518,45.0286695],[39.0157575,45.0286847],[39.0157704,45.028749],[39.0157899,45.0288045],[39.0157997,45.0288574]]}},{"type":"Feature","id":235409336,"properties":{"highway":"footway","name":null},"geometry":{"type":"LineString","coordinates":[[39.0261209,45.0271902],[39.0261522,45.0271374],[39.0274504,45.0269844],[39.0276105,45.0269429],[39.029166,45.0267494],[39.0292497,45.0267559],[39.0305667,45.0265438],[39.0311166,45.0264552],[39.031191,45.0264332]]}},{"type":"Feature","id":235409770,"properties":{"highway":"footway","name":null},"geometry":{"type":"LineString","coordinates":[[39.0157997,45.0288574],[39.0161343,45.028815],[39.0165897,45.0287708],[39.0189403,45.0284328],[39.0192517,45.0283953],[39.019696,45.028335],[39.0212109,45.0281293],[39.0224648,45.0279517],[39.0251052,45.0275768],[39.0257496,45.0274819],[39.0259251,45.027455],[39.0261855,45.0274178],[39.0265676,45.0273647],[39.0269649,45.0273124],[39.0272998,45.0272654],[39.0277306,45.0272105],[39.0278516,45.0272109],[39.0279418,45.0272398],[39.0281568,45.0273363],[39.0282678,45.0273945],[39.0283706,45.0275325],[39.0281563,45.0292413]]}},{"type":"Feature","id":235410215,"properties":{"highway":"footway","name":null},"geometry":{"type":"LineString","coordinates":[[39.0256937,45.0272639],[39.0251812,45.0273381],[39.0224572,45.0277326]]}},{"type":"Feature","id":235410216,"properties":{"highway":"footway","name":null},"geometry":{"type":"LineString","coordinates":[[39.0224572,45.0277326],[39.0224601,45.027816],[39.0224648,45.0279517]]}},{"type":"Feature","id":235410217,"properties":{"highway":"footway","name":null},"geometry":{"type":"LineString","coordinates":[[39.0261209,45.0271902],[39.0259751,45.027221],[39.0256937,45.0272639]]}},{"type":"Feature","id":235410727,"properties":{"highway":"service","name":null},"geometry":{"type":"LineString","coordinates":[[39.0250749,45.0268639],[39.0251593,45.0272477]]}},{"type":"Feature","id":235410728,"properties":{"highway":"service","name":null},"geometry":{"type":"LineString","coordinates":[[39.0251593,45.0272477],[39.0251812,45.0273381],[39.0252059,45.027435]]}},{"type":"Feature","id":235411272,"properties":{"highway":"footway","name":null},"geometry":{"type":"LineString","coordinates":[[39.0224572,45.0277326],[39.0223266,45.0277072],[39.0220928,45.0276645]]}},{"type":"Feature","id":235452944,"properties":{"highway":"service","name":null},"geometry":{"type":"LineString","coordinates":[[39.053961,45.0210578],[39.0521435,45.0208346]]}},{"type":"Feature","id":235452946,"properties":{"highway":"service","name":null},"geometry":{"type":"LineString","coordinates":[[39.052217,45.0205416],[39.0540248,45.0207638]]}},{"type":"Feature","id":235508912,"properties":{"highway":"footway","name":null},"geometry":{"type":"LineString","coordinates":[[39.0503092,45.022464],[39.0503189,45.0223623]]}},{"type":"Feature","id":235508913,"properties":{"highway":"footway","name":null},"geometry":{"type":"LineString","coordinates":[[39.0500495,45.0223629],[39.0501351,45.022398],[39.0503092,45.022464]]}},{"type":"Feature","id":235508914,"properties":{"highway":"footway","name":null},"geometry":{"type":"LineString","coordinates":[[39.049447,45.0222678],[39.0494889,45.0222757],[39.0495284,45.022283]]}},{"type":"Feature","id":235508915,"properties":{"highway":"footway","name":null},"geometry":{"type":"LineString","coordinates":[[39.0495284,45.022283],[39.0500495,45.0223629]]}},{"type":"Feature","id":235508916,"properties":{"highway":"footway","name":null},"geometry":{"type":"LineString","coordinates":[[39.0503092,45.022464],[39.0520428,45.022683],[39.0522417,45.0227069],[39.0528965,45.0227663],[39.0542519,45.0229328],[39.0546597,45.0229829],[39.0559109,45.0231366],[39.0560762,45.0231569],[39.0562898,45.0232973],[39.0564966,45.0233569],[39.0566689,45.0235221],[39.0570346,45.0238303],[39.0571045,45.0241984],[39.0571009,45.0242499],[39.0570895,45.0249521]]}},{"type":"Feature","id":235510279,"properties":{"highway":"footway","name":null},"geometry":{"type":"LineString","coordinates":[[39.0502994,45.0211555],[39.0501439,45.0213227],[39.0501547,45.0214729],[39.0503407,45.0222011]]}},{"type":"Feature","id":235510280,"properties":{"highway":"footway","name":null},"geometry":{"type":"LineString","coordinates":[[39.0501597,45.0209458],[39.0502275,45.021049],[39.0502449,45.0210781],[39.0502776,45.0211245],[39.0502994,45.0211555]]}},{"type":"Feature","id":235510622,"properties":{"highway":"footway","name":null},"geometry":{"type":"LineString","coordinates":[[39.0497552,45.0211202],[39.0498351,45.0210997],[39.0499524,45.0210646],[39.0500814,45.0210054],[39.0501143,45.0209641]]}},{"type":"Feature","id":235512380,"properties":{"highway":"service","name":null},"geometry":{"type":"LineString","coordinates":[[39.0507981,45.0216502],[39.0507418,45.0213905],[39.0504724,45.0214302],[39.0504441,45.0213339],[39.0503957,45.0211406],[39.0503674,45.0210798]]}},{"type":"Feature","id":235512382,"properties":{"highway":"footway","name":null},"geometry":{"type":"LineString","coordinates":[[39.0502994,45.0211555],[39.0503957,45.0211406]]}},{"type":"Feature","id":235512383,"properties":{"highway":"footway","name":null},"geometry":{"type":"LineString","coordinates":[[39.0503957,45.0211406],[39.0509016,45.0212502],[39.0512484,45.0218149],[39.0513461,45.0219466]]}},{"type":"Feature","id":235513036,"properties":{"highway":"footway","name":null},"geometry":{"type":"LineString","coordinates":[[39.0520428,45.022683],[39.0520689,45.0225927],[39.0520743,45.0225659],[39.0520836,45.0225204],[39.0520887,45.0224972],[39.0520981,45.0224546]]}},{"type":"Feature","id":235603926,"properties":{"highway":"footway","name":null},"geometry":{"type":"LineString","coordinates":[[39.0427507,45.0130503],[39.042343,45.0127678],[39.0422384,45.0126673],[39.0421996,45.012582],[39.0422773,45.0125426],[39.0423699,45.0124957],[39.0425429,45.0126028],[39.0427923,45.0127498],[39.0429331,45.0128484],[39.0429667,45.0129261],[39.0427507,45.0130503]]}},{"type":"Feature","id":235603927,"properties":{"highway":"service","name":null},"geometry":{"type":"LineString","coordinates":[[39.0411233,45.0128352],[39.0407182,45.0128754]]}},{"type":"Feature","id":235994086,"properties":{"highway":"footway","name":null},"geometry":{"type":"LineString","coordinates":[[39.0055892,45.0193152],[39.0055652,45.0194246]]}},{"type":"Feature","id":235994087,"properties":{"highway":"footway","name":null},"geometry":{"type":"LineString","coordinates":[[39.0055652,45.0194246],[39.0055575,45.0194596],[39.0049298,45.0194103],[39.0048038,45.0198862],[39.0044205,45.0198483]]}},{"type":"Feature","id":237092821,"properties":{"highway":"footway","name":null},"geometry":{"type":"LineString","coordinates":[[39.0193824,45.0410529],[39.0191085,45.040768],[39.0190872,45.0407271],[39.0190305,45.0395453],[39.0189839,45.0389907],[39.0189737,45.0385547],[39.0189834,45.0385284],[39.0190314,45.0385167],[39.019075,45.0385239],[39.0193283,45.0386465],[39.0200246,45.0390107],[39.0213939,45.039691],[39.021925,45.0399617],[39.0222435,45.0401195],[39.023453,45.0407225],[39.0235935,45.0407882],[39.0237808,45.040878],[39.0243295,45.041176],[39.0249272,45.0414993],[39.0245132,45.0416891],[39.024569,45.0417603]]}},{"type":"Feature","id":237525150,"properties":{"highway":"service","name":null},"geometry":{"type":"LineString","coordinates":[[39.0335666,45.0255829],[39.0322391,45.0249142]]}},{"type":"Feature","id":237525151,"properties":{"highway":"service","name":null},"geometry":{"type":"LineString","coordinates":[[39.0328901,45.0247313],[39.03421,45.0253961]]}},{"type":"Feature","id":237525152,"properties":{"highway":"service","name":null},"geometry":{"type":"LineString","coordinates":[[39.0302852,45.0251818],[39.0317122,45.0259828]]}},{"type":"Feature","id":237525153,"properties":{"highway":"service","name":null},"geometry":{"type":"LineString","coordinates":[[39.0326966,45.0258343],[39.0328193,45.0261449],[39.0328439,45.0262075]]}},{"type":"Feature","id":237621531,"properties":{"highway":"service","name":null},"geometry":{"type":"LineString","coordinates":[[39.0384112,45.0228298],[39.0382036,45.0229866],[39.0376767,45.0231707],[39.0375157,45.023227],[39.0373503,45.0232848],[39.0373147,45.0233007],[39.0372332,45.0233372],[39.0370076,45.0234381],[39.0357901,45.0238176],[39.0347923,45.0240534],[39.0342232,45.0241483],[39.0340196,45.0240678],[39.0331795,45.0243025],[39.0328653,45.0243968],[39.0323402,45.0245776],[39.031479,45.0247874],[39.0308969,45.0249008],[39.0300829,45.0250282],[39.0295374,45.0251942],[39.0292196,45.025291]]}},{"type":"Feature","id":237621532,"properties":{"highway":"service","name":null},"geometry":{"type":"LineString","coordinates":[[39.0381777,45.0224184],[39.0384525,45.0222741]]}},{"type":"Feature","id":237621533,"properties":{"highway":"service","name":null},"geometry":{"type":"LineString","coordinates":[[39.0392764,45.0218747],[39.0388846,45.0220806]]}},{"type":"Feature","id":237621534,"properties":{"highway":"service","name":null},"geometry":{"type":"LineString","coordinates":[[39.0382452,45.0220768],[39.0384558,45.0219354]]}},{"type":"Feature","id":237621535,"properties":{"highway":"service","name":null},"geometry":{"type":"LineString","coordinates":[[39.0384112,45.0228298],[39.038104,45.0225377]]}},{"type":"Feature","id":237621536,"properties":{"highway":"service","name":null},"geometry":{"type":"LineString","coordinates":[[39.0435772,45.0221478],[39.0437383,45.0224301]]}},{"type":"Feature","id":237621537,"properties":{"highway":"service","name":null},"geometry":{"type":"LineString","coordinates":[[39.0402807,45.0218478],[39.0399487,45.021532],[39.0397125,45.021656]]}},{"type":"Feature","id":237621538,"properties":{"highway":"service","name":null},"geometry":{"type":"LineString","coordinates":[[39.0395003,45.0214542],[39.0397125,45.021656],[39.0400446,45.0219718]]}},{"type":"Feature","id":237621539,"properties":{"highway":"service","name":null},"geometry":{"type":"LineString","coordinates":[[39.038104,45.0225377],[39.0381019,45.0224825],[39.0381777,45.0224184]]}},{"type":"Feature","id":237621540,"properties":{"highway":"service","name":null},"geometry":{"type":"LineString","coordinates":[[39.0387772,45.0219784],[39.0388846,45.0220806],[39.0392236,45.0224031]]}},{"type":"Feature","id":237621541,"properties":{"highway":"service","name":null},"geometry":{"type":"LineString","coordinates":[[39.0384558,45.0219354],[39.0385522,45.0219173],[39.0386892,45.0219324],[39.0387772,45.0219784]]}},{"type":"Feature","id":237621542,"properties":{"highway":"service","name":null},"geometry":{"type":"LineString","coordinates":[[39.0404035,45.0217807],[39.0402807,45.0218478],[39.0400446,45.0219718],[39.0396155,45.0221972],[39.0392236,45.0224031],[39.0388143,45.0226181],[39.0384112,45.0228298]]}},{"type":"Feature","id":237621543,"properties":{"highway":"service","name":null},"geometry":{"type":"LineString","coordinates":[[39.0390853,45.0216929],[39.0390724,45.0216551],[39.0390693,45.0216225],[39.0390777,45.0215972],[39.0392524,45.0214972],[39.0393741,45.0214415],[39.0394164,45.0214393],[39.0394501,45.0214491],[39.0395003,45.0214542]]}},{"type":"Feature","id":237622093,"properties":{"highway":"service","name":null},"geometry":{"type":"LineString","coordinates":[[39.0355052,45.0250212],[39.0365999,45.0246868],[39.0377262,45.0243622],[39.0386765,45.0240634],[39.0387844,45.0240295],[39.0394221,45.0238337],[39.0400508,45.0236313],[39.0400757,45.0236252],[39.0403025,45.0235587],[39.0413531,45.0232352],[39.0414961,45.0231896],[39.0419885,45.0230306],[39.0425838,45.0228384],[39.0429673,45.0227149],[39.0430303,45.0226943]]}},{"type":"Feature","id":237622095,"properties":{"highway":"service","name":null},"geometry":{"type":"LineString","coordinates":[[39.0341825,45.0243549],[39.0355052,45.0250212]]}},{"type":"Feature","id":237622096,"properties":{"highway":"service","name":null},"geometry":{"type":"LineString","coordinates":[[39.0335519,45.024537],[39.0337887,45.0246547],[39.0348758,45.0252038]]}},{"type":"Feature","id":237622097,"properties":{"highway":"service","name":null},"geometry":{"type":"LineString","coordinates":[[39.0386765,45.0240634],[39.0370123,45.0237054]]}},{"type":"Feature","id":237622098,"properties":{"highway":"service","name":null},"geometry":{"type":"LineString","coordinates":[[39.0364131,45.0240535],[39.0377262,45.0243622]]}},{"type":"Feature","id":237622099,"properties":{"highway":"service","name":null},"geometry":{"type":"LineString","coordinates":[[39.0326966,45.0258343],[39.0335666,45.0255829],[39.0340476,45.0254439],[39.03421,45.0253961],[39.0348758,45.0252038],[39.0353619,45.025064],[39.0355052,45.0250212]]}},{"type":"Feature","id":237622276,"properties":{"highway":"service","name":null},"geometry":{"type":"LineString","coordinates":[[39.0292196,45.025291],[39.028972,45.0246822],[39.0290049,45.0246298]]}},{"type":"Feature","id":237622277,"properties":{"highway":"service","name":null},"geometry":{"type":"LineString","coordinates":[[39.0297153,45.0254437],[39.0308396,45.0260768]]}},{"type":"Feature","id":237622296,"properties":{"highway":"service","name":null},"geometry":{"type":"LineString","coordinates":[[39.0427654,45.0209266],[39.0428818,45.020908],[39.0429263,45.0209011],[39.0430066,45.0208728],[39.0431879,45.0208231],[39.0434967,45.0206974],[39.0438156,45.0206248],[39.0445291,45.0204279],[39.0448071,45.0202945],[39.0449446,45.0202181],[39.0453102,45.0200149],[39.0455415,45.0199081],[39.0458227,45.0197784],[39.046071,45.0196284],[39.0462529,45.0194205],[39.04687,45.0195859],[39.0474234,45.0196098],[39.0475953,45.0195504],[39.0481543,45.019366],[39.0487272,45.0191748],[39.048892,45.0191214]]}},{"type":"Feature","id":237881461,"properties":{"highway":"footway","name":null},"geometry":{"type":"LineString","coordinates":[[39.0228384,45.0392403],[39.0227308,45.0389904],[39.0226786,45.0389461],[39.0226743,45.0389355],[39.0226445,45.0388623],[39.0226228,45.038809],[39.0225459,45.0386202],[39.0224117,45.0382752],[39.0223585,45.0381314],[39.0223501,45.0381084],[39.0227108,45.0380241],[39.0227363,45.0379975],[39.0226387,45.0377887],[39.0226036,45.0377136],[39.0225968,45.037699],[39.0229911,45.0374602]]}},{"type":"Feature","id":237881462,"properties":{"highway":"footway","name":null},"geometry":{"type":"LineString","coordinates":[[39.0229911,45.0374602],[39.0229375,45.0376687],[39.0228382,45.0378639],[39.0227497,45.0380449],[39.0223821,45.0381262],[39.0223585,45.0381314]]}},{"type":"Feature","id":237881463,"properties":{"highway":"footway","name":null},"geometry":{"type":"LineString","coordinates":[[39.0223821,45.0381262],[39.0225579,45.0385633],[39.0225959,45.0386612],[39.0226479,45.0387948],[39.0226228,45.038809]]}},{"type":"Feature","id":237881464,"properties":{"highway":"footway","name":null},"geometry":{"type":"LineString","coordinates":[[39.0225959,45.0386612],[39.0227142,45.0384595],[39.0228389,45.0382131],[39.0227182,45.0381771],[39.0227497,45.0380449]]}},{"type":"Feature","id":240091286,"properties":{"highway":"footway","name":null},"geometry":{"type":"LineString","coordinates":[[39.0402678,45.0161196],[39.039988,45.0163432],[39.0398905,45.0163642]]}},{"type":"Feature","id":240091287,"properties":{"highway":"service","name":null},"geometry":{"type":"LineString","coordinates":[[39.0402678,45.0161196],[39.0398596,45.0158271],[39.0395623,45.0156067]]}},{"type":"Feature","id":240759483,"properties":{"highway":"footway","name":null},"geometry":{"type":"LineString","coordinates":[[39.0172438,45.0351317],[39.0172047,45.0350259],[39.0171825,45.0349657],[39.0171686,45.034928]]}},{"type":"Feature","id":241289389,"properties":{"highway":"service","name":null},"geometry":{"type":"LineString","coordinates":[[39.0182463,45.0388522],[39.0182887,45.038712],[39.0180884,45.037776]]}},{"type":"Feature","id":241542814,"properties":{"highway":"service","name":null},"geometry":{"type":"LineString","coordinates":[[39.0310191,45.0049391],[39.0320233,45.0057101]]}},{"type":"Feature","id":241754601,"properties":{"highway":"residential","name":"1-й проезд Айвазовского"},"geometry":{"type":"LineString","coordinates":[[39.0289446,45.0067411],[39.0290625,45.0069161],[39.0294182,45.0076224],[39.0297397,45.0084181]]}},{"type":"Feature","id":241754602,"properties":{"highway":"residential","name":"2-й проезд Айвазовского"},"geometry":{"type":"LineString","coordinates":[[39.0302641,45.0074431],[39.0305737,45.008239]]}},{"type":"Feature","id":241754603,"properties":{"highway":"residential","name":"улица Стасова"},"geometry":{"type":"LineString","coordinates":[[39.030664,45.0071458],[39.03088,45.0073048],[39.0317509,45.0080018],[39.0322801,45.0084461]]}},{"type":"Feature","id":241754604,"properties":{"highway":"residential","name":"1-й Восточный проезд"},"geometry":{"type":"LineString","coordinates":[[39.0317509,45.0080018],[39.0305737,45.008239],[39.0297397,45.0084181],[39.0288078,45.0086163]]}},{"type":"Feature","id":241754605,"properties":{"highway":"residential","name":"2-й Восточный проезд"},"geometry":{"type":"LineString","coordinates":[[39.0294182,45.0076224],[39.0302641,45.0074431],[39.03088,45.0073048]]}},{"type":"Feature","id":242178190,"properties":{"highway":"service","name":null},"geometry":{"type":"LineString","coordinates":[[39.05087,45.020837],[39.051188,45.0210067],[39.0517342,45.0210736]]}},{"type":"Feature","id":242178191,"properties":{"highway":"tertiary","name":"улица Селезнёва"},"geometry":{"type":"LineString","coordinates":[[39.0520114,45.0196024],[39.0520263,45.0195097],[39.0520688,45.0193927],[39.0520523,45.0193404]]}},{"type":"Feature","id":242213812,"properties":{"highway":"service","name":null},"geometry":{"type":"LineString","coordinates":[[39.039291,45.0077711],[39.0398258,45.0074295],[39.039677,45.0072727],[39.0401391,45.0069572],[39.0402057,45.0069118],[39.040309,45.0068473],[39.0407799,45.0071782]]}},{"type":"Feature","id":242213813,"properties":{"highway":"service","name":null},"geometry":{"type":"LineString","coordinates":[[39.040309,45.0068473],[39.0400294,45.0066067]]}},{"type":"Feature","id":242213814,"properties":{"highway":"service","name":null},"geometry":{"type":"LineString","coordinates":[[39.0401391,45.0069572],[39.0405672,45.0072963],[39.0402482,45.0075004],[39.0401388,45.0074123],[39.0399383,45.0075026],[39.0398258,45.0074295]]}},{"type":"Feature","id":242213815,"properties":{"highway":"service","name":null},"geometry":{"type":"LineString","coordinates":[[39.0399463,45.0082788],[39.0400256,45.0082329],[39.0401449,45.0081599],[39.0402195,45.0080964],[39.0403613,45.0079284],[39.0406945,45.0074513],[39.0409805,45.0075326]]}},{"type":"Feature","id":242213816,"properties":{"highway":"service","name":null},"geometry":{"type":"LineString","coordinates":[[39.0402195,45.0080964],[39.0409314,45.0086534]]}},{"type":"Feature","id":242213817,"properties":{"highway":"service","name":null},"geometry":{"type":"LineString","coordinates":[[39.0409314,45.0086534],[39.0406899,45.0088592],[39.0411626,45.0091983],[39.0413218,45.0091766],[39.0417044,45.0089342]]}},{"type":"Feature","id":242215201,"properties":{"highway":"service","name":null},"geometry":{"type":"LineString","coordinates":[[39.0348676,45.0053159],[39.0349917,45.0052419],[39.0353406,45.0050197],[39.0364913,45.0058655],[39.0369524,45.0055933],[39.0375385,45.0052475],[39.0379219,45.0055681],[39.0378395,45.0056148],[39.0381363,45.00595],[39.0375839,45.0062328],[39.0373241,45.0059704],[39.0373612,45.0059529],[39.0369524,45.0055933]]}},{"type":"Feature","id":242215202,"properties":{"highway":"service","name":null},"geometry":{"type":"LineString","coordinates":[[39.0353406,45.0050197],[39.0369654,45.003991],[39.0375715,45.0044983],[39.0370561,45.0048539]]}},{"type":"Feature","id":242215203,"properties":{"highway":"service","name":null},"geometry":{"type":"LineString","coordinates":[[39.0375385,45.0052475],[39.0371468,45.0049239],[39.0364707,45.0053495]]}},{"type":"Feature","id":242215247,"properties":{"highway":"service","name":null},"geometry":{"type":"LineString","coordinates":[[39.035203,45.0040425],[39.0356164,45.0042952]]}},{"type":"Feature","id":242215248,"properties":{"highway":"service","name":null},"geometry":{"type":"LineString","coordinates":[[39.0356164,45.0042952],[39.0357088,45.0042734],[39.0358522,45.0041747],[39.0354729,45.0039852]]}},{"type":"Feature","id":242215249,"properties":{"highway":"service","name":null},"geometry":{"type":"LineString","coordinates":[[39.0354205,45.0037504],[39.0359512,45.0040435]]}},{"type":"Feature","id":242215250,"properties":{"highway":"service","name":null},"geometry":{"type":"LineString","coordinates":[[39.0355167,45.0036173],[39.0362027,45.0039706]]}},{"type":"Feature","id":242215251,"properties":{"highway":"service","name":null},"geometry":{"type":"LineString","coordinates":[[39.0356268,45.0034651],[39.0363511,45.0038657]]}},{"type":"Feature","id":242215252,"properties":{"highway":"service","name":null},"geometry":{"type":"LineString","coordinates":[[39.0357241,45.003338],[39.0365449,45.0037607]]}},{"type":"Feature","id":242215253,"properties":{"highway":"service","name":null},"geometry":{"type":"LineString","coordinates":[[39.0343417,45.002283],[39.0347736,45.0026111],[39.0353949,45.0029283],[39.0357097,45.003089],[39.0358472,45.0031823],[39.0366315,45.0036208]]}},{"type":"Feature","id":242215254,"properties":{"highway":"service","name":null},"geometry":{"type":"LineString","coordinates":[[39.0375674,45.0038715],[39.0369819,45.0034634],[39.0368382,45.0034597],[39.036019,45.0030153],[39.0357606,45.0028615],[39.0355448,45.0027604],[39.0348701,45.0024442],[39.0345107,45.002192]]}},{"type":"Feature","id":242215255,"properties":{"highway":"service","name":null},"geometry":{"type":"LineString","coordinates":[[39.0368382,45.0034597],[39.0368747,45.0035392],[39.0374189,45.0039561]]}},{"type":"Feature","id":242215256,"properties":{"highway":"service","name":null},"geometry":{"type":"LineString","coordinates":[[39.0369201,45.0032389],[39.0362272,45.0028339],[39.0355729,45.002503],[39.0347789,45.0020516]]}},{"type":"Feature","id":242235151,"properties":{"highway":"service","name":null},"geometry":{"type":"LineString","coordinates":[[39.0238838,45.0222281],[39.0238338,45.0221115],[39.0235584,45.0214703],[39.023351,45.0209803]]}},{"type":"Feature","id":242235153,"properties":{"highway":"service","name":null},"geometry":{"type":"LineString","coordinates":[[39.0238017,45.0208841],[39.023351,45.0209803],[39.0217706,45.0213199]]}},{"type":"Feature","id":242235156,"properties":{"highway":"service","name":null},"geometry":{"type":"LineString","coordinates":[[39.0230548,45.0215793],[39.023228,45.0219816],[39.0233796,45.0223355],[39.0236215,45.0229026],[39.0235222,45.023082],[39.0235498,45.0232184],[39.0236693,45.0233555],[39.0245232,45.0231901]]}},{"type":"Feature","id":242235158,"properties":{"highway":"service","name":null},"geometry":{"type":"LineString","coordinates":[[39.0227965,45.0224598],[39.0226416,45.0220992],[39.0224724,45.0217054]]}},{"type":"Feature","id":242235160,"properties":{"highway":"service","name":null},"geometry":{"type":"LineString","coordinates":[[39.0213618,45.0213264],[39.0216083,45.0218924]]}},{"type":"Feature","id":242235161,"properties":{"highway":"service","name":null},"geometry":{"type":"LineString","coordinates":[[39.0218413,45.022307],[39.0219797,45.0226333],[39.0221974,45.0231332]]}},{"type":"Feature","id":242235163,"properties":{"highway":"service","name":null},"geometry":{"type":"LineString","coordinates":[[39.0223085,45.0225634],[39.0225064,45.0230465],[39.0223575,45.023145],[39.0221974,45.0231332],[39.0221645,45.023129],[39.0217769,45.023083],[39.0214439,45.0222278],[39.0213257,45.0219522]]}},{"type":"Feature","id":242235164,"properties":{"highway":"service","name":null},"geometry":{"type":"LineString","coordinates":[[39.0210573,45.0220116],[39.0213257,45.0219522],[39.0216083,45.0218924],[39.021854,45.0218392],[39.021973,45.0218135],[39.0224724,45.0217054],[39.0230548,45.0215793],[39.0235584,45.0214703],[39.0239958,45.0213773]]}},{"type":"Feature","id":242235166,"properties":{"highway":"service","name":null},"geometry":{"type":"LineString","coordinates":[[39.0221784,45.022591],[39.0220885,45.0223848],[39.022039,45.0222714],[39.021854,45.0218392]]}},{"type":"Feature","id":242235167,"properties":{"highway":"service","name":null},"geometry":{"type":"LineString","coordinates":[[39.0231621,45.0231137],[39.0228725,45.0224436]]}},{"type":"Feature","id":242307762,"properties":{"highway":"service","name":null},"geometry":{"type":"LineString","coordinates":[[39.0238838,45.0222281],[39.0241498,45.0228549]]}},{"type":"Feature","id":242317902,"properties":{"highway":"service","name":null},"geometry":{"type":"LineString","coordinates":[[39.0208508,45.0215377],[39.0210573,45.0220116]]}},{"type":"Feature","id":243493713,"properties":{"highway":"tertiary","name":"Новороссийская улица"},"geometry":{"type":"LineString","coordinates":[[39.0568305,45.0379055],[39.0567873,45.0379006],[39.0564249,45.0378596],[39.0559491,45.0377913]]}},{"type":"Feature","id":243523718,"properties":{"highway":"service","name":null},"geometry":{"type":"LineString","coordinates":[[39.0234619,45.0010375],[39.0235228,45.001084],[39.0235705,45.0011192],[39.0238747,45.0013436],[39.0237375,45.0014324],[39.0238451,45.0015158]]}},{"type":"Feature","id":244609440,"properties":{"highway":"primary","name":"Ставропольская улица"},"geometry":{"type":"LineString","coordinates":[[39.0464721,45.015186],[39.0464931,45.0151051],[39.046522,45.0150465]]}},{"type":"Feature","id":244932568,"properties":{"highway":"service","name":null},"geometry":{"type":"LineString","coordinates":[[39.047852,45.0207439],[39.047943,45.0207126],[39.047607,45.0201325],[39.0478895,45.0200464],[39.0475953,45.0195504]]}},{"type":"Feature","id":244932619,"properties":{"highway":"service","name":null},"geometry":{"type":"LineString","coordinates":[[39.0465871,45.0211153],[39.0458227,45.0197784]]}},{"type":"Feature","id":244932620,"properties":{"highway":"service","name":null},"geometry":{"type":"LineString","coordinates":[[39.0457953,45.0213577],[39.0453442,45.0206286],[39.0456059,45.0205361],[39.0453102,45.0200149]]}},{"type":"Feature","id":244933206,"properties":{"highway":"service","name":null},"geometry":{"type":"LineString","coordinates":[[39.0466023,45.0218922],[39.0462067,45.0212318]]}},{"type":"Feature","id":244933208,"properties":{"highway":"service","name":null},"geometry":{"type":"LineString","coordinates":[[39.0471532,45.0217273],[39.0467594,45.021062]]}},{"type":"Feature","id":244933751,"properties":{"highway":"service","name":null},"geometry":{"type":"LineString","coordinates":[[39.0493974,45.0211638],[39.0490679,45.0206036]]}},{"type":"Feature","id":244933752,"properties":{"highway":"service","name":null},"geometry":{"type":"LineString","coordinates":[[39.0482794,45.0214874],[39.0479549,45.0209249]]}},{"type":"Feature","id":244933753,"properties":{"highway":"service","name":null},"geometry":{"type":"LineString","coordinates":[[39.0488909,45.0206547],[39.0481543,45.019366]]}},{"type":"Feature","id":244933754,"properties":{"highway":"service","name":null},"geometry":{"type":"LineString","coordinates":[[39.0488265,45.021334],[39.0484974,45.0207683]]}},{"type":"Feature","id":244934023,"properties":{"highway":"service","name":null},"geometry":{"type":"LineString","coordinates":[[39.0445804,45.0198778],[39.0455415,45.0199081]]}},{"type":"Feature","id":244934024,"properties":{"highway":"service","name":null},"geometry":{"type":"LineString","coordinates":[[39.0440303,45.0201763],[39.0449446,45.0202181]]}},{"type":"Feature","id":244934025,"properties":{"highway":"service","name":null},"geometry":{"type":"LineString","coordinates":[[39.0457583,45.0192957],[39.0461999,45.0193055]]}},{"type":"Feature","id":244934026,"properties":{"highway":"service","name":null},"geometry":{"type":"LineString","coordinates":[[39.0452554,45.0195752],[39.0458798,45.0195899],[39.046071,45.0196284]]}},{"type":"Feature","id":245246570,"properties":{"highway":"residential","name":"улица 1-й Кузнечный Зарой"},"geometry":{"type":"LineString","coordinates":[[39.0196691,45.0014359],[39.0198756,45.001297]]}},{"type":"Feature","id":245246571,"properties":{"highway":"steps","name":null},"geometry":{"type":"LineString","coordinates":[[39.0187469,45.0021458],[39.0188936,45.0022264],[39.0190506,45.002398],[39.0192647,45.00262],[39.0194074,45.002694],[39.0195703,45.0026915]]}},{"type":"Feature","id":245246572,"properties":{"highway":"service","name":null},"geometry":{"type":"LineString","coordinates":[[39.0154686,45.0057224],[39.0154781,45.0059584],[39.0153185,45.0069339],[39.015362,45.0069766]]}},{"type":"Feature","id":250364638,"properties":{"highway":"service","name":null},"geometry":{"type":"LineString","coordinates":[[39.0459654,45.0391125],[39.0461692,45.0388509],[39.0463133,45.0387315],[39.0463806,45.0387065],[39.0464936,45.0387278],[39.0466711,45.038803],[39.0468509,45.0388569],[39.0470313,45.0388281],[39.0471764,45.0387318],[39.0473498,45.0385393],[39.0474471,45.0383618],[39.0475515,45.0382705]]}},{"type":"Feature","id":250364639,"properties":{"highway":"service","name":null},"geometry":{"type":"LineString","coordinates":[[39.0462788,45.0441115],[39.04651,45.0441022],[39.0467117,45.044051],[39.0467552,45.043951],[39.046691,45.0394979],[39.0468509,45.0388569]]}},{"type":"Feature","id":250919731,"properties":{"highway":"service","name":null},"geometry":{"type":"LineString","coordinates":[[39.046185,45.0358904],[39.0463703,45.0349658],[39.0464596,45.0345132],[39.0466271,45.0336224],[39.0473922,45.0337065],[39.0472394,45.0345494],[39.0471633,45.0345837]]}},{"type":"Feature","id":250919732,"properties":{"highway":"service","name":null},"geometry":{"type":"LineString","coordinates":[[39.0467933,45.0359529],[39.046185,45.0358904],[39.045567,45.0358284],[39.045753,45.0349052],[39.0455882,45.0347844],[39.045753,45.0339331]]}},{"type":"Feature","id":250919733,"properties":{"highway":"service","name":null},"geometry":{"type":"LineString","coordinates":[[39.045753,45.0349052],[39.0463703,45.0349658],[39.0469726,45.0350206],[39.0467933,45.0359529],[39.0466347,45.0368158]]}},{"type":"Feature","id":252965826,"properties":{"highway":"primary","name":null},"geometry":{"type":"LineString","coordinates":[[39.0499872,45.0217168],[39.0499893,45.0217506],[39.0499868,45.0217871],[39.0499792,45.0218232],[39.0499666,45.0218587],[39.0499492,45.0218931],[39.0499271,45.0219261],[39.0499005,45.0219575],[39.0498697,45.0219868],[39.049835,45.0220139],[39.0497967,45.0220385]]}},{"type":"Feature","id":252965827,"properties":{"highway":"primary","name":null},"geometry":{"type":"LineString","coordinates":[[39.0493596,45.0221159],[39.0493472,45.022114],[39.0493094,45.022107],[39.0492607,45.0220947],[39.049214,45.022079],[39.0491696,45.0220602],[39.0491281,45.0220385],[39.0490898,45.0220139],[39.049055,45.0219868],[39.0490242,45.0219575],[39.0489976,45.0219261],[39.0489755,45.0218931],[39.0489581,45.0218587],[39.0489456,45.0218232],[39.048938,45.0217871]]}},{"type":"Feature","id":257640319,"properties":{"highway":"residential","name":null},"geometry":{"type":"LineString","coordinates":[[39.0182513,45.000158],[39.018578,45.0000296]]}},{"type":"Feature","id":257640320,"properties":{"highway":"residential","name":null},"geometry":{"type":"LineString","coordinates":[[39.0158693,44.9989578],[39.0160829,44.9991525],[39.0172344,45.0005814],[39.017306,45.0007628],[39.0173569,45.0009031],[39.0172845,45.0010283],[39.0171638,45.0011364],[39.0168366,45.0012919],[39.0164638,45.0013336],[39.0160802,45.0014721],[39.0159327,45.0015555],[39.0156591,45.0017053],[39.0155196,45.0017698],[39.0150795,45.0018517],[39.0148669,45.0018986],[39.0143858,45.0020343],[39.0140337,45.0022732],[39.0138177,45.0024758],[39.0138083,45.0025112],[39.0136607,45.0030574],[39.0135858,45.0032984],[39.0135187,45.0037915]]}},{"type":"Feature","id":258727197,"properties":{"highway":"secondary","name":"улица Селезнёва"},"geometry":{"type":"LineString","coordinates":[[39.0499494,45.0212038],[39.0502449,45.0210781],[39.0503325,45.0210392]]}},{"type":"Feature","id":258727198,"properties":{"highway":"primary","name":"Старокубанская улица"},"geometry":{"type":"LineString","coordinates":[[39.0499494,45.0212038],[39.0499693,45.0213962]]}},{"type":"Feature","id":258736091,"properties":{"highway":"primary","name":"Ставропольская улица"},"geometry":{"type":"LineString","coordinates":[[39.0489978,45.0144237],[39.047675,45.0150153],[39.0475687,45.0150818]]}},{"type":"Feature","id":258736092,"properties":{"highway":"primary","name":"Старокубанская улица"},"geometry":{"type":"LineString","coordinates":[[39.0495558,45.0202472],[39.0499118,45.0208927]]}},{"type":"Feature","id":258736093,"properties":{"highway":"primary","name":"Старокубанская улица"},"geometry":{"type":"LineString","coordinates":[[39.0475868,45.0163352],[39.0473821,45.0158856],[39.0472573,45.0156365]]}},{"type":"Feature","id":258736097,"properties":{"highway":"primary","name":"улица Селезнёва"},"geometry":{"type":"LineString","coordinates":[[39.0394379,45.0243813],[39.0388625,45.0245514],[39.0386093,45.0246274]]}},{"type":"Feature","id":258736098,"properties":{"highway":"primary","name":"улица Селезнёва"},"geometry":{"type":"LineString","coordinates":[[39.0447461,45.0227859],[39.0436257,45.0231285]]}},{"type":"Feature","id":258754825,"properties":{"highway":"primary","name":"улица Селезнёва"},"geometry":{"type":"LineString","coordinates":[[39.0424519,45.0234721],[39.0418117,45.0236637]]}},{"type":"Feature","id":258866654,"properties":{"highway":"primary","name":"Северная улица"},"geometry":{"type":"LineString","coordinates":[[39.0102248,45.0346656],[39.0106762,45.0345913]]}},{"type":"Feature","id":258866655,"properties":{"highway":"primary","name":"Ялтинская улица"},"geometry":{"type":"LineString","coordinates":[[39.0284393,45.0275662],[39.0284292,45.0275067],[39.0283896,45.0274492]]}},{"type":"Feature","id":258866656,"properties":{"highway":"primary","name":"улица Селезнёва"},"geometry":{"type":"LineString","coordinates":[[39.0376527,45.0248305],[39.0381594,45.0246807],[39.0386245,45.0245423]]}},{"type":"Feature","id":258866657,"properties":{"highway":"primary","name":"улица Селезнёва"},"geometry":{"type":"LineString","coordinates":[[39.0410127,45.0238095],[39.0417578,45.0235846]]}},{"type":"Feature","id":258866658,"properties":{"highway":"primary","name":"улица Селезнёва"},"geometry":{"type":"LineString","coordinates":[[39.0355718,45.0254365],[39.0376527,45.0248305]]}},{"type":"Feature","id":258866659,"properties":{"highway":"primary","name":"улица Селезнёва"},"geometry":{"type":"LineString","coordinates":[[39.0417578,45.0235846],[39.0426128,45.023333]]}},{"type":"Feature","id":258866660,"properties":{"highway":"primary","name":"улица Селезнёва"},"geometry":{"type":"LineString","coordinates":[[39.035576,45.0255145],[39.0353254,45.025589],[39.0348522,45.025728],[39.0335052,45.0261254],[39.0331393,45.0262222]]}},{"type":"Feature","id":258866661,"properties":{"highway":"primary","name":"улица Селезнёва"},"geometry":{"type":"LineString","coordinates":[[39.0386245,45.0245423],[39.0388252,45.0244825],[39.0390413,45.0244178],[39.0398269,45.0241827],[39.0402663,45.0240511],[39.0410127,45.0238095]]}},{"type":"Feature","id":259185556,"properties":{"highway":"secondary","name":"Новороссийская улица"},"geometry":{"type":"LineString","coordinates":[[39.0153978,45.0288007],[39.0158764,45.0289872],[39.0160303,45.0290477]]}},{"type":"Feature","id":259185568,"properties":{"highway":"primary","name":"Ставропольская улица"},"geometry":{"type":"LineString","coordinates":[[39.0111141,45.0209631],[39.0101873,45.0208792]]}},{"type":"Feature","id":259185572,"properties":{"highway":"primary","name":"Ставропольская улица"},"geometry":{"type":"LineString","coordinates":[[39.0144356,45.021263],[39.0143187,45.0212494],[39.0142871,45.0212466],[39.0120376,45.0210469],[39.0111141,45.0209631]]}},{"type":"Feature","id":259185573,"properties":{"highway":"primary","name":"Ставропольская улица"},"geometry":{"type":"LineString","coordinates":[[39.033006,45.0185684],[39.0328891,45.0185975],[39.0326801,45.0186501]]}},{"type":"Feature","id":259185574,"properties":{"highway":"primary","name":"Ставропольская улица"},"geometry":{"type":"LineString","coordinates":[[39.0344386,45.0182686],[39.0331362,45.0185369],[39.033006,45.0185684]]}},{"type":"Feature","id":259185575,"properties":{"highway":"primary","name":"Ставропольская улица"},"geometry":{"type":"LineString","coordinates":[[39.0154192,45.0213441],[39.0145441,45.0212719],[39.0144356,45.021263]]}},{"type":"Feature","id":259185577,"properties":{"highway":"primary","name":"Ставропольская улица"},"geometry":{"type":"LineString","coordinates":[[39.0236574,45.020526],[39.023101,45.0206415],[39.0216113,45.0209506],[39.0198578,45.0213172]]}},{"type":"Feature","id":259185578,"properties":{"highway":"primary","name":"Старокубанская улица"},"geometry":{"type":"LineString","coordinates":[[39.0499693,45.0213962],[39.0499786,45.021527],[39.0499872,45.0217168]]}},{"type":"Feature","id":259185581,"properties":{"highway":"footway","name":null},"geometry":{"type":"LineString","coordinates":[[39.010175,45.0209377],[39.0101873,45.0208792],[39.0101969,45.0208282],[39.0102024,45.0207982],[39.0102104,45.0207455],[39.0102223,45.0206468]]}},{"type":"Feature","id":259185588,"properties":{"highway":"secondary","name":"улица Селезнёва"},"geometry":{"type":"LineString","coordinates":[[39.0551688,45.013868],[39.0553357,45.0135973]]}},{"type":"Feature","id":259778298,"properties":{"highway":"tertiary","name":"Новороссийская улица"},"geometry":{"type":"LineString","coordinates":[[39.0066008,45.0251715],[39.007398,45.0255149]]}},{"type":"Feature","id":259778299,"properties":{"highway":"secondary","name":"Новороссийская улица"},"geometry":{"type":"LineString","coordinates":[[39.0083861,45.0260387],[39.0091437,45.0263355],[39.0097161,45.0265698],[39.010643,45.0269365],[39.0106879,45.0269559],[39.0108866,45.0270332],[39.0112846,45.0271872],[39.0116904,45.027343],[39.0120626,45.0274931],[39.0128507,45.0278155],[39.0138394,45.0282022],[39.014421,45.0284272],[39.0145471,45.0284803]]}},{"type":"Feature","id":259778300,"properties":{"highway":"secondary","name":"улица Шевченко"},"geometry":{"type":"LineString","coordinates":[[39.0080238,45.0250264],[39.0077628,45.0253467],[39.0077206,45.0254076],[39.0076692,45.0254818]]}},{"type":"Feature","id":260260578,"properties":{"highway":"residential","name":"Дунайская улица"},"geometry":{"type":"LineString","coordinates":[[39.0355289,45.0257463],[39.0355605,45.0255909],[39.035576,45.0255145]]}},{"type":"Feature","id":260877976,"properties":{"highway":"primary","name":"Северная улица"},"geometry":{"type":"LineString","coordinates":[[39.0202304,45.034165],[39.020595,45.0340827]]}},{"type":"Feature","id":260877977,"properties":{"highway":"primary","name":"Ялтинская улица"},"geometry":{"type":"LineString","coordinates":[[39.0280146,45.0306098],[39.0280559,45.0303176],[39.0280759,45.0302122]]}},{"type":"Feature","id":260877978,"properties":{"highway":"primary","name":"Ялтинская улица"},"geometry":{"type":"LineString","coordinates":[[39.0279379,45.0312723],[39.0280146,45.0306098]]}},{"type":"Feature","id":260877979,"properties":{"highway":"primary","name":"Ялтинская улица"},"geometry":{"type":"LineString","coordinates":[[39.0280759,45.0302122],[39.028229,45.0292442],[39.0283214,45.0285023],[39.0284393,45.0275662]]}},{"type":"Feature","id":261180820,"properties":{"highway":"tertiary","name":"Волжская улица"},"geometry":{"type":"LineString","coordinates":[[39.0379108,45.0281807],[39.0378972,45.0282528],[39.0378124,45.0287027],[39.0377514,45.0290269],[39.0377215,45.0291856],[39.0377116,45.0292383],[39.0376482,45.0295532],[39.0376044,45.0297706]]}},{"type":"Feature","id":261180826,"properties":{"highway":"tertiary","name":"Волжская улица"},"geometry":{"type":"LineString","coordinates":[[39.0372987,45.0313305],[39.0372789,45.0314108]]}},{"type":"Feature","id":261180827,"properties":{"highway":"tertiary","name":"Волжская улица"},"geometry":{"type":"LineString","coordinates":[[39.0385537,45.0249538],[39.0385074,45.0251918]]}},{"type":"Feature","id":261180829,"properties":{"highway":"tertiary","name":"Волжская улица"},"geometry":{"type":"LineString","coordinates":[[39.0385074,45.0251918],[39.0384489,45.0254996]]}},{"type":"Feature","id":261180830,"properties":{"highway":"tertiary","name":"Волжская улица"},"geometry":{"type":"LineString","coordinates":[[39.0386093,45.0246274],[39.0386048,45.024692]]}},{"type":"Feature","id":261180831,"properties":{"highway":"tertiary","name":"Волжская улица"},"geometry":{"type":"LineString","coordinates":[[39.0385537,45.0249538],[39.0385208,45.0248753],[39.0385,45.0248291],[39.0384004,45.0247496],[39.0383496,45.0247362],[39.0382588,45.0247328]]}},{"type":"Feature","id":261180832,"properties":{"highway":"tertiary","name":"Волжская улица"},"geometry":{"type":"LineString","coordinates":[[39.0372789,45.0314108],[39.0372581,45.0314949],[39.037043,45.0325683],[39.036824,45.0336149],[39.0366399,45.0345798],[39.0364989,45.0352344]]}},{"type":"Feature","id":261198602,"properties":{"highway":"secondary","name":"Сормовская улица"},"geometry":{"type":"LineString","coordinates":[[39.0496024,45.0221734],[39.0493596,45.0221159]]}},{"type":"Feature","id":261198603,"properties":{"highway":"primary","name":"Старокубанская улица"},"geometry":{"type":"LineString","coordinates":[[39.0476268,45.0160869],[39.0477156,45.0162875]]}},{"type":"Feature","id":261198604,"properties":{"highway":"primary","name":"Старокубанская улица"},"geometry":{"type":"LineString","coordinates":[[39.0477156,45.0162875],[39.0483951,45.0178083]]}},{"type":"Feature","id":262182551,"properties":{"highway":"primary","name":"Северная улица"},"geometry":{"type":"LineString","coordinates":[[39.0202882,45.0343106],[39.0199322,45.0343814]]}},{"type":"Feature","id":262182552,"properties":{"highway":"secondary","name":"Старокубанская улица"},"geometry":{"type":"LineString","coordinates":[[39.0500276,45.0218764],[39.0501032,45.0222106]]}},{"type":"Feature","id":262182555,"properties":{"highway":"secondary","name":"Школьная улица"},"geometry":{"type":"LineString","coordinates":[[39.0176117,45.0351254],[39.0174957,45.0350238],[39.0174098,45.0349548]]}},{"type":"Feature","id":262182556,"properties":{"highway":"secondary","name":"Школьная улица"},"geometry":{"type":"LineString","coordinates":[[39.018546,45.0353772],[39.0183947,45.0353355],[39.0182642,45.0352996],[39.0176117,45.0351254]]}},{"type":"Feature","id":262182557,"properties":{"highway":"secondary","name":"Школьная улица"},"geometry":{"type":"LineString","coordinates":[[39.0176117,45.0351254],[39.0172047,45.0350259]]}},{"type":"Feature","id":262182558,"properties":{"highway":"primary","name":null},"geometry":{"type":"LineString","coordinates":[[39.0281786,45.0272524],[39.0281615,45.0271985],[39.0281552,45.0271536],[39.0281763,45.0270975],[39.0282137,45.0270513],[39.0282375,45.0270329]]}},{"type":"Feature","id":262182559,"properties":{"highway":"secondary","name":"улица Филатова"},"geometry":{"type":"LineString","coordinates":[[39.0196962,45.03443],[39.0193979,45.0344938],[39.0191486,45.0345471],[39.0180652,45.0347993]]}},{"type":"Feature","id":262192622,"properties":{"highway":"secondary","name":"Школьная улица"},"geometry":{"type":"LineString","coordinates":[[39.0266498,45.03847],[39.0261913,45.038014],[39.0259344,45.0377624],[39.0258125,45.0376459],[39.0256372,45.0374882],[39.0254679,45.0373504],[39.0253512,45.0372763],[39.0252601,45.0372231],[39.0251343,45.0371602],[39.0249735,45.0370971],[39.0248272,45.0370488],[39.0244788,45.0369533],[39.023487,45.0366872],[39.0233038,45.0366388],[39.0231912,45.0366079],[39.0230424,45.036568],[39.0229673,45.0365478],[39.0218807,45.0362561],[39.021552,45.0361682],[39.0213922,45.0361238],[39.0212935,45.0360964]]}},{"type":"Feature","id":262192627,"properties":{"highway":"secondary","name":"Школьная улица"},"geometry":{"type":"LineString","coordinates":[[39.0270265,45.038859],[39.0266498,45.03847]]}},{"type":"Feature","id":262192631,"properties":{"highway":"secondary","name":"Школьная улица"},"geometry":{"type":"LineString","coordinates":[[39.0203146,45.0358595],[39.01965,45.0356744]]}},{"type":"Feature","id":262192636,"properties":{"highway":"secondary","name":"Школьная улица"},"geometry":{"type":"LineString","coordinates":[[39.0212935,45.0360964],[39.0203146,45.0358595]]}},{"type":"Feature","id":262192640,"properties":{"highway":"secondary","name":"Школьная улица"},"geometry":{"type":"LineString","coordinates":[[39.01965,45.0356744],[39.0194105,45.035615],[39.0192609,45.0355738]]}},{"type":"Feature","id":262192644,"properties":{"highway":"secondary","name":"улица Филатова"},"geometry":{"type":"LineString","coordinates":[[39.016219,45.0352076],[39.0157894,45.0352979],[39.0154595,45.0353656]]}},{"type":"Feature","id":262205761,"properties":{"highway":"secondary","name":"улица Филатова"},"geometry":{"type":"LineString","coordinates":[[39.0124997,45.0359711],[39.0115585,45.036162]]}},{"type":"Feature","id":262553445,"properties":{"highway":"service","name":null},"geometry":{"type":"LineString","coordinates":[[39.041631,45.0320696],[39.0412123,45.0341774]]}},{"type":"Feature","id":263796376,"properties":{"highway":"primary","name":"Северная улица"},"geometry":{"type":"LineString","coordinates":[[39.0196962,45.03443],[39.0194616,45.0344586],[39.0189924,45.0345131],[39.0184034,45.0345479],[39.0179917,45.0345582]]}},{"type":"Feature","id":264424376,"properties":{"highway":"secondary","name":"Тихорецкая улица"},"geometry":{"type":"LineString","coordinates":[[39.0252527,45.0335475],[39.026351,45.0339942]]}},{"type":"Feature","id":264424377,"properties":{"highway":"secondary","name":"Тихорецкая улица"},"geometry":{"type":"LineString","coordinates":[[39.026351,45.0339942],[39.0275761,45.0344664]]}},{"type":"Feature","id":264859616,"properties":{"highway":"primary","name":"Северная улица"},"geometry":{"type":"LineString","coordinates":[[39.019722,45.0342574],[39.0202304,45.034165]]}},{"type":"Feature","id":264859618,"properties":{"highway":"primary","name":"Ставропольская улица"},"geometry":{"type":"LineString","coordinates":[[39.0466939,45.0148958],[39.0467595,45.0148654],[39.0468153,45.0148514],[39.0468878,45.0148373],[39.0469465,45.0148327],[39.0470276,45.0148317]]}},{"type":"Feature","id":264859620,"properties":{"highway":"primary","name":"Ставропольская улица"},"geometry":{"type":"LineString","coordinates":[[39.0466142,45.0154115],[39.046563,45.0153707]]}},{"type":"Feature","id":264859621,"properties":{"highway":"primary","name":null},"geometry":{"type":"LineString","coordinates":[[39.0497967,45.0220385],[39.0497551,45.0220602],[39.0497108,45.022079],[39.049664,45.0220947],[39.0496153,45.022107],[39.0495652,45.0221159],[39.049514,45.0221212],[39.0494624,45.022123],[39.0494107,45.0221212],[39.0493596,45.0221159]]}},{"type":"Feature","id":264859622,"properties":{"highway":"primary","name":null},"geometry":{"type":"LineString","coordinates":[[39.048938,45.0217871],[39.0489354,45.0217506],[39.048938,45.021714],[39.0489456,45.0216779],[39.0489581,45.0216424],[39.0489755,45.021608],[39.0489976,45.021575],[39.0490242,45.0215436],[39.049055,45.0215143],[39.0490898,45.0214872],[39.0491281,45.0214626],[39.0491696,45.0214409],[39.049214,45.0214221],[39.0492719,45.0214029]]}},{"type":"Feature","id":264859624,"properties":{"highway":"primary","name":null},"geometry":{"type":"LineString","coordinates":[[39.047404,45.0149801],[39.0474168,45.0149914],[39.0474434,45.0150318],[39.0474583,45.0150637],[39.0474662,45.0151171]]}},{"type":"Feature","id":264859625,"properties":{"highway":"primary","name":null},"geometry":{"type":"LineString","coordinates":[[39.0497967,45.0214626],[39.049835,45.0214872],[39.0498697,45.0215143],[39.0499005,45.0215436],[39.0499271,45.021575],[39.0499492,45.021608],[39.0499666,45.0216424],[39.0499792,45.0216779],[39.0499872,45.0217168]]}},{"type":"Feature","id":265734051,"properties":{"highway":"tertiary","name":"улица Ковтюха"},"geometry":{"type":"LineString","coordinates":[[39.0118181,45.0148768],[39.0108784,45.0148081]]}},{"type":"Feature","id":265935680,"properties":{"highway":"primary","name":"Трамвайная улица"},"geometry":{"type":"LineString","coordinates":[[39.0552547,45.0129509],[39.0552281,45.0129451]]}},{"type":"Feature","id":265935681,"properties":{"highway":"primary","name":"Трамвайная улица"},"geometry":{"type":"LineString","coordinates":[[39.0552281,45.0129451],[39.0549399,45.0128716]]}},{"type":"Feature","id":265935682,"properties":{"highway":"primary","name":"Северная улица"},"geometry":{"type":"LineString","coordinates":[[39.0279686,45.0316105],[39.0277258,45.0317546]]}},{"type":"Feature","id":270051205,"properties":{"highway":"footway","name":null},"geometry":{"type":"LineString","coordinates":[[39.0498539,45.0173339],[39.049859,45.0174286]]}},{"type":"Feature","id":270911189,"properties":{"highway":"footway","name":null},"geometry":{"type":"LineString","coordinates":[[39.0479156,45.0220648],[39.0476337,45.0220357],[39.0469301,45.0221982],[39.0449745,45.0227777],[39.0448143,45.0228228],[39.0445381,45.0228927]]}},{"type":"Feature","id":271710240,"properties":{"highway":"service","name":null},"geometry":{"type":"LineString","coordinates":[[39.044677,45.0318396],[39.0448026,45.0319127],[39.0450195,45.0319536],[39.0450583,45.0319577],[39.0454987,45.0320047],[39.0456215,45.0320178],[39.0459072,45.0320513],[39.0460244,45.0320651],[39.0471848,45.0322013],[39.0474859,45.0322367],[39.0479356,45.0322895]]}},{"type":"Feature","id":273917074,"properties":{"highway":"service","name":null},"geometry":{"type":"LineString","coordinates":[[39.0210115,45.0044919],[39.0211385,45.0037646],[39.0207726,45.0037373],[39.0207096,45.0041297],[39.0200568,45.0040887],[39.019862,45.0043639],[39.0196777,45.0045873],[39.0197947,45.0046044],[39.0205104,45.0046992],[39.0205436,45.0045504],[39.0209268,45.0045812],[39.0210115,45.0044919],[39.02116,45.0044945],[39.0214223,45.0045316],[39.0217762,45.0044906],[39.022167,45.0044138]]}},{"type":"Feature","id":274736740,"properties":{"highway":"service","name":null},"geometry":{"type":"LineString","coordinates":[[39.0145351,45.0367438],[39.0144427,45.0367255],[39.0143256,45.0364706],[39.0143363,45.0364024],[39.0143819,45.0363559],[39.0152058,45.0361597],[39.0152778,45.0362213],[39.0153909,45.0365548]]}},{"type":"Feature","id":274736742,"properties":{"highway":"service","name":null},"geometry":{"type":"LineString","coordinates":[[39.0152058,45.0361597],[39.0150826,45.0359807],[39.0150435,45.0358943]]}},{"type":"Feature","id":277969054,"properties":{"highway":"unclassified","name":null},"geometry":{"type":"LineString","coordinates":[[39.0082696,45.0009182],[39.0082937,45.0009666],[39.0084506,45.0012748],[39.0085298,45.0013573],[39.0087014,45.0013592],[39.0088422,45.0013137],[39.0089459,45.0014576]]}},{"type":"Feature","id":277969055,"properties":{"highway":"track","name":null},"geometry":{"type":"LineString","coordinates":[[39.0064833,45.000941],[39.0066273,45.0009505],[39.0070291,45.0010614],[39.0073349,45.0010899],[39.0076057,45.0010833],[39.0079572,45.0010425],[39.0082937,45.0009666]]}},{"type":"Feature","id":277997287,"properties":{"highway":"unclassified","name":null},"geometry":{"type":"LineString","coordinates":[[39.0135187,45.0037915],[39.0136143,45.00438]]}},{"type":"Feature","id":277999159,"properties":{"highway":"residential","name":"улица 6-я Линия поймы реки Кубань"},"geometry":{"type":"LineString","coordinates":[[39.0017708,45.0094728],[39.0019526,45.0094121],[39.0041767,45.0087877],[39.0048937,45.0086105],[39.0061296,45.0083693],[39.0076862,45.0081591],[39.0083741,45.008087],[39.0084413,45.0081411],[39.0084755,45.0082246]]}},{"type":"Feature","id":277999160,"properties":{"highway":"service","name":null},"geometry":{"type":"LineString","coordinates":[[39.00587,45.0095489],[39.0056796,45.0093272],[39.0055536,45.0091494]]}},{"type":"Feature","id":277999161,"properties":{"highway":"unclassified","name":null},"geometry":{"type":"LineString","coordinates":[[39.0083112,45.0109436],[39.0081579,45.010797],[39.0080148,45.0106716]]}},{"type":"Feature","id":277999163,"properties":{"highway":"path","name":null},"geometry":{"type":"LineString","coordinates":[[39.0117472,45.0079173],[39.011684,45.0078321],[39.0116625,45.0077934],[39.0116257,45.007727],[39.0116199,45.0076919]]}},{"type":"Feature","id":277999164,"properties":{"highway":"path","name":null},"geometry":{"type":"LineString","coordinates":[[39.0118094,45.0074096],[39.0117219,45.0074694],[39.0116286,45.0075909]]}},{"type":"Feature","id":278032003,"properties":{"highway":"footway","name":"Карасунский проезд"},"geometry":{"type":"LineString","coordinates":[[39.0274252,45.025182],[39.0273488,45.0249829]]}},{"type":"Feature","id":278032004,"properties":{"highway":"footway","name":null},"geometry":{"type":"LineString","coordinates":[[39.03294,45.0051596],[39.0320233,45.0057101],[39.0319863,45.0058328]]}},{"type":"Feature","id":278032006,"properties":{"highway":"service","name":null},"geometry":{"type":"LineString","coordinates":[[39.0320167,45.0032349],[39.0317273,45.003458],[39.0316871,45.003553],[39.0320819,45.0038797],[39.0323525,45.0041036]]}},{"type":"Feature","id":278032007,"properties":{"highway":"path","name":null},"geometry":{"type":"LineString","coordinates":[[39.031673,45.0041436],[39.0320819,45.0038797]]}},{"type":"Feature","id":278032008,"properties":{"highway":"footway","name":null},"geometry":{"type":"LineString","coordinates":[[39.0309487,45.0035672],[39.0301896,45.0040256],[39.0292249,45.0046441],[39.0284592,45.0051409],[39.0283957,45.0051821]]}},{"type":"Feature","id":278088421,"properties":{"highway":"footway","name":null},"geometry":{"type":"LineString","coordinates":[[39.0313443,45.0213106],[39.0314665,45.0212847],[39.0321553,45.0211356],[39.0321919,45.0211668],[39.0322592,45.0213467]]}},{"type":"Feature","id":278088422,"properties":{"highway":"footway","name":null},"geometry":{"type":"LineString","coordinates":[[39.0311609,45.0203793],[39.0312132,45.0204869]]}},{"type":"Feature","id":278088423,"properties":{"highway":"footway","name":null},"geometry":{"type":"LineString","coordinates":[[39.0312132,45.0204869],[39.0312805,45.0206321]]}},{"type":"Feature","id":278088424,"properties":{"highway":"service","name":null},"geometry":{"type":"LineString","coordinates":[[39.0311609,45.0203793],[39.0311258,45.0203001],[39.0310701,45.0201728],[39.0309329,45.0198592]]}},{"type":"Feature","id":278500579,"properties":{"highway":"service","name":null},"geometry":{"type":"LineString","coordinates":[[39.0354367,44.9999649],[39.0341187,45.0006507],[39.0340683,45.0008548],[39.0339382,45.0009536],[39.0338719,45.0010408],[39.0338695,45.0012366],[39.0339232,45.0014303]]}},{"type":"Feature","id":278500582,"properties":{"highway":"service","name":null},"geometry":{"type":"LineString","coordinates":[[39.037158,45.001698],[39.0369622,45.0016343],[39.0365937,45.0011989],[39.0362837,45.001006],[39.0353479,45.0013537],[39.0351479,45.0012912],[39.0344612,45.0008967],[39.0342799,45.0008431],[39.0340683,45.0008548]]}},{"type":"Feature","id":278504106,"properties":{"highway":"tertiary","name":null},"geometry":{"type":"LineString","coordinates":[[39.0348724,44.9990493],[39.0329184,44.9999657],[39.0327771,45.0000134],[39.0327056,45.0000184],[39.0326667,44.9999969],[39.0315678,44.9982879],[39.0308562,44.9974132],[39.0304466,44.996654],[39.0302489,44.9961819],[39.0301542,44.9959433],[39.0300613,44.9955255],[39.0299785,44.9951488],[39.0299122,44.9948398],[39.0299076,44.994644],[39.0299676,44.9944841],[39.0300656,44.9943252],[39.0303496,44.9940884],[39.0305875,44.9939126],[39.0307338,44.9937944],[39.0311198,44.9936911],[39.0313534,44.9936608],[39.0325549,44.9935758],[39.0327228,44.9935635],[39.0327998,44.9935642],[39.0328555,44.9935703],[39.0328855,44.9936186],[39.0328836,44.9937298],[39.0328405,44.9958729],[39.0328704,44.9960522],[39.032994,44.9962711],[39.03366,44.9971988],[39.034906,44.9989283],[39.03493,44.9989821],[39.0349137,44.9990131],[39.0348724,44.9990493]]}},{"type":"Feature","id":278894506,"properties":{"highway":"service","name":null},"geometry":{"type":"LineString","coordinates":[[39.0363748,45.0026509],[39.0365621,45.0024983],[39.03693,45.0022215]]}},{"type":"Feature","id":278894508,"properties":{"highway":"service","name":null},"geometry":{"type":"LineString","coordinates":[[39.033511,45.0017754],[39.0333359,45.0015654],[39.0333333,45.0015058],[39.0334007,45.0013878],[39.0335895,45.001216],[39.0336571,45.0011909],[39.0337321,45.0011842],[39.0338165,45.0011999],[39.0338695,45.0012366]]}},{"type":"Feature","id":279536200,"properties":{"highway":"footway","name":null},"geometry":{"type":"LineString","coordinates":[[39.0134979,45.0089955],[39.013109,45.00883],[39.0130011,45.0087834],[39.0129592,45.0087029],[39.0129412,45.0085842],[39.0128693,45.0085037],[39.0128337,45.0084778]]}},{"type":"Feature","id":279536201,"properties":{"highway":"steps","name":"1-й Адыгейский переулок"},"geometry":{"type":"LineString","coordinates":[[39.0113025,45.0086361],[39.011455,45.0087628],[39.011582,45.0089343]]}},{"type":"Feature","id":279536202,"properties":{"highway":"residential","name":"1-й Адыгейский переулок"},"geometry":{"type":"LineString","coordinates":[[39.011582,45.0089343],[39.0118159,45.0090365],[39.0125168,45.0093625],[39.0129677,45.0095797],[39.0135467,45.0098464]]}},{"type":"Feature","id":279536203,"properties":{"highway":"footway","name":null},"geometry":{"type":"LineString","coordinates":[[39.0104965,45.0079348],[39.0116625,45.0077934]]}},{"type":"Feature","id":280960821,"properties":{"highway":"tertiary","name":"Майкопская улица"},"geometry":{"type":"LineString","coordinates":[[39.0220293,45.0120855],[39.0222786,45.0121025],[39.0228981,45.0121462],[39.0232807,45.0121736],[39.0237475,45.0122045]]}},{"type":"Feature","id":280960822,"properties":{"highway":"tertiary","name":"Майкопская улица"},"geometry":{"type":"LineString","coordinates":[[39.0237475,45.0122045],[39.0255234,45.0122888]]}},{"type":"Feature","id":280960823,"properties":{"highway":"tertiary","name":"Майкопская улица"},"geometry":{"type":"LineString","coordinates":[[39.0185727,45.0118323],[39.0197576,45.0119164]]}},{"type":"Feature","id":280960824,"properties":{"highway":"tertiary","name":"Майкопская улица"},"geometry":{"type":"LineString","coordinates":[[39.0197576,45.0119164],[39.0203233,45.0119517],[39.0220293,45.0120855]]}},{"type":"Feature","id":280960825,"properties":{"highway":"tertiary","name":"Бургасская улица"},"geometry":{"type":"LineString","coordinates":[[39.037021,45.0124182],[39.0363132,45.0125792],[39.0362225,45.0126009],[39.0351296,45.012832],[39.0343351,45.0129967]]}},{"type":"Feature","id":280960826,"properties":{"highway":"tertiary","name":"Бургасская улица"},"geometry":{"type":"LineString","coordinates":[[39.0343351,45.0129967],[39.0328184,45.0133182],[39.0324459,45.0133938],[39.0309453,45.013723],[39.0309025,45.0137321],[39.0308169,45.0137503],[39.0294446,45.014042],[39.0287209,45.0141988],[39.0280223,45.014344],[39.0275312,45.0144541],[39.027524,45.0144557],[39.0269249,45.0145845],[39.0266365,45.0146526],[39.0264781,45.0146926]]}},{"type":"Feature","id":280960827,"properties":{"highway":"tertiary","name":"Бургасская улица"},"geometry":{"type":"LineString","coordinates":[[39.0383783,45.0115761],[39.0382738,45.0116452],[39.0380109,45.0118158],[39.0373296,45.0122347],[39.0372669,45.0122838],[39.0372306,45.0122991],[39.0371875,45.0123235],[39.0370638,45.0123917],[39.037021,45.0124182]]}},{"type":"Feature","id":281523606,"properties":{"highway":"service","name":null},"geometry":{"type":"LineString","coordinates":[[39.0122125,45.0025464],[39.0125746,45.0022705],[39.0129179,45.0019784],[39.0132424,45.0015764],[39.0135337,45.0011405],[39.0135946,45.0010021],[39.0137448,45.0007745],[39.0140613,45.0002113],[39.0147646,44.9989771],[39.0147792,44.99894]]}},{"type":"Feature","id":283658831,"properties":{"highway":"service","name":null},"geometry":{"type":"LineString","coordinates":[[39.0594391,45.0199147],[39.0593737,45.0196856],[39.0589201,45.0196763],[39.0588132,45.0197709],[39.0585513,45.0197868],[39.0582177,45.019807],[39.0572761,45.0198084],[39.0571612,45.0197982],[39.0567308,45.0197861],[39.0567302,45.0204617],[39.0556997,45.020478],[39.0557037,45.0209675],[39.0569172,45.0212125],[39.0569589,45.0212131],[39.0569528,45.0212913],[39.0569423,45.0215465],[39.0568693,45.0216558],[39.0566402,45.0217079],[39.0563125,45.0218338]]}},{"type":"Feature","id":286026187,"properties":{"highway":"service","name":null},"geometry":{"type":"LineString","coordinates":[[39.054862,45.0376649],[39.0547496,45.0375787],[39.0546815,45.0374901],[39.0546809,45.0374046],[39.0548089,45.0364848],[39.0548046,45.0364576],[39.0547751,45.0364297],[39.0547189,45.0364101],[39.0541175,45.0363439]]}},{"type":"Feature","id":286026189,"properties":{"highway":"service","name":null},"geometry":{"type":"LineString","coordinates":[[39.0505138,45.0372103],[39.0506068,45.0368389]]}},{"type":"Feature","id":286026190,"properties":{"highway":"service","name":null},"geometry":{"type":"LineString","coordinates":[[39.0499078,45.0367589],[39.0506068,45.0368389],[39.050828,45.0368636],[39.0509446,45.036338],[39.0509649,45.0362425]]}},{"type":"Feature","id":286026192,"properties":{"highway":"service","name":null},"geometry":{"type":"LineString","coordinates":[[39.0509446,45.036338],[39.0507181,45.0363183]]}},{"type":"Feature","id":286248299,"properties":{"highway":"service","name":null},"geometry":{"type":"LineString","coordinates":[[39.0575902,45.0303421],[39.0570801,45.0304076],[39.0569561,45.0304235]]}},{"type":"Feature","id":286248760,"properties":{"highway":"service","name":null},"geometry":{"type":"LineString","coordinates":[[39.0569639,45.0308298],[39.0568629,45.030842],[39.05678,45.030852],[39.056647,45.030857],[39.0547632,45.0307565],[39.0540264,45.0307092],[39.053308,45.030663],[39.0524895,45.0306442]]}},{"type":"Feature","id":286371976,"properties":{"highway":"service","name":null},"geometry":{"type":"LineString","coordinates":[[39.049037,45.0349049],[39.0500272,45.0350125]]}},{"type":"Feature","id":286371977,"properties":{"highway":"service","name":null},"geometry":{"type":"LineString","coordinates":[[39.0509363,45.0358612],[39.0493401,45.035678],[39.0492669,45.0358623],[39.0489752,45.0358373],[39.0488352,45.0358242]]}},{"type":"Feature","id":286371978,"properties":{"highway":"service","name":null},"geometry":{"type":"LineString","coordinates":[[39.0508178,45.0351779],[39.0507633,45.035415],[39.0506978,45.0356992],[39.0490456,45.0355249],[39.0489927,45.0357638]]}},{"type":"Feature","id":286371979,"properties":{"highway":"service","name":null},"geometry":{"type":"LineString","coordinates":[[39.0489927,45.0357638],[39.0489752,45.0358373]]}},{"type":"Feature","id":286371980,"properties":{"highway":"service","name":null},"geometry":{"type":"LineString","coordinates":[[39.049525,45.0326529],[39.0495182,45.0327388],[39.0494402,45.0329387],[39.0493852,45.033081],[39.049037,45.0349049],[39.0488648,45.035185],[39.0487451,45.035816],[39.0488352,45.0358242]]}},{"type":"Feature","id":286371981,"properties":{"highway":"service","name":null},"geometry":{"type":"LineString","coordinates":[[39.0490456,45.0355249],[39.04911,45.0352254],[39.0507633,45.035415]]}},{"type":"Feature","id":286371982,"properties":{"highway":"service","name":null},"geometry":{"type":"LineString","coordinates":[[39.0508349,45.0351087],[39.0508263,45.0351435],[39.0508178,45.0351779]]}},{"type":"Feature","id":286371983,"properties":{"highway":"service","name":null},"geometry":{"type":"LineString","coordinates":[[39.0510133,45.0355511],[39.0509769,45.0357038],[39.0509363,45.0358612]]}},{"type":"Feature","id":287022325,"properties":{"highway":"service","name":null},"geometry":{"type":"LineString","coordinates":[[39.0443132,45.0161139],[39.0443514,45.0161807],[39.0444517,45.0164064],[39.0448651,45.0163146],[39.0454878,45.0161763],[39.0454969,45.0160182]]}},{"type":"Feature","id":287022327,"properties":{"highway":"service","name":null},"geometry":{"type":"LineString","coordinates":[[39.0439508,45.0169939],[39.0427857,45.0165205],[39.0426722,45.0164746]]}},{"type":"Feature","id":287022328,"properties":{"highway":"service","name":null},"geometry":{"type":"LineString","coordinates":[[39.0446255,45.0168532],[39.0436886,45.0164588]]}},{"type":"Feature","id":287022330,"properties":{"highway":"service","name":null},"geometry":{"type":"LineString","coordinates":[[39.0462931,45.0162838],[39.0459836,45.0163343],[39.0454207,45.0164399]]}},{"type":"Feature","id":287022331,"properties":{"highway":"service","name":null},"geometry":{"type":"LineString","coordinates":[[39.0424304,45.0168577],[39.0432629,45.0171328],[39.0439508,45.0169939],[39.0446255,45.0168532],[39.0447952,45.0168185],[39.0449031,45.0166489],[39.0448651,45.0163146]]}},{"type":"Feature","id":287658820,"properties":{"highway":"service","name":null},"geometry":{"type":"LineString","coordinates":[[39.0490438,45.0279284],[39.049208,45.0279288],[39.0492109,45.02908]]}},{"type":"Feature","id":287658821,"properties":{"highway":"service","name":null},"geometry":{"type":"LineString","coordinates":[[39.049208,45.0279288],[39.0492337,45.0261133]]}},{"type":"Feature","id":287658823,"properties":{"highway":"service","name":null},"geometry":{"type":"LineString","coordinates":[[39.0479118,45.0279208],[39.0480983,45.0279229],[39.0482739,45.0279246]]}},{"type":"Feature","id":287658824,"properties":{"highway":"service","name":null},"geometry":{"type":"LineString","coordinates":[[39.0482739,45.0279246],[39.0490438,45.0279284]]}},{"type":"Feature","id":288790531,"properties":{"highway":"tertiary","name":"Старокубанская улица"},"geometry":{"type":"LineString","coordinates":[[39.0424721,45.0113849],[39.0409699,45.0101759],[39.0408179,45.0100558]]}},{"type":"Feature","id":291188185,"properties":{"highway":"service","name":null},"geometry":{"type":"LineString","coordinates":[[39.0542697,45.0228463],[39.0542519,45.0229328],[39.0540839,45.0235161],[39.0541377,45.0254768],[39.0544302,45.0254741],[39.0545545,45.0261993],[39.0565068,45.0261841]]}},{"type":"Feature","id":291188187,"properties":{"highway":"service","name":null},"geometry":{"type":"LineString","coordinates":[[39.0527797,45.0293214],[39.0528673,45.029302],[39.0533009,45.0292153]]}},{"type":"Feature","id":291190132,"properties":{"highway":"service","name":null},"geometry":{"type":"LineString","coordinates":[[39.053308,45.030663],[39.0533118,45.0306083],[39.0533867,45.0302257],[39.0531802,45.0302029]]}},{"type":"Feature","id":292059999,"properties":{"highway":"primary","name":"Ставропольская улица"},"geometry":{"type":"LineString","coordinates":[[39.0465816,45.0149761],[39.0466336,45.0149337],[39.0466939,45.0148958]]}},{"type":"Feature","id":292060000,"properties":{"highway":"primary","name":null},"geometry":{"type":"LineString","coordinates":[[39.0471928,45.0148647],[39.0472692,45.014888]]}},{"type":"Feature","id":292163348,"properties":{"highway":"footway","name":null},"geometry":{"type":"LineString","coordinates":[[39.0503047,45.012735],[39.0502896,45.012786]]}},{"type":"Feature","id":292163349,"properties":{"highway":"service","name":null},"geometry":{"type":"LineString","coordinates":[[39.0543398,45.0124388],[39.0544115,45.012498]]}},{"type":"Feature","id":292163350,"properties":{"highway":"footway","name":null},"geometry":{"type":"LineString","coordinates":[[39.0502371,45.012945],[39.0502896,45.012786]]}},{"type":"Feature","id":292163351,"properties":{"highway":"footway","name":null},"geometry":{"type":"LineString","coordinates":[[39.0502077,45.0130414],[39.0502371,45.012945]]}},{"type":"Feature","id":292163352,"properties":{"highway":"service","name":null},"geometry":{"type":"LineString","coordinates":[[39.0544115,45.012498],[39.0545079,45.012574]]}},{"type":"Feature","id":292163353,"properties":{"highway":"service","name":null},"geometry":{"type":"LineString","coordinates":[[39.0520382,45.0127785],[39.0521808,45.0125178],[39.0519992,45.0122833],[39.0506249,45.0119416],[39.0507521,45.0117066],[39.0509208,45.0116722],[39.0519434,45.011926],[39.0524248,45.0118782],[39.0525215,45.0119603],[39.0525368,45.0121459],[39.0524476,45.012206],[39.0520561,45.0122269],[39.0519992,45.0122833]]}},{"type":"Feature","id":292163354,"properties":{"highway":"service","name":null},"geometry":{"type":"LineString","coordinates":[[39.0517034,45.0125474],[39.0518293,45.0125543],[39.0520382,45.0127785]]}},{"type":"Feature","id":292163355,"properties":{"highway":"service","name":null},"geometry":{"type":"LineString","coordinates":[[39.0520382,45.0127785],[39.0520662,45.0128618],[39.0520581,45.0129293]]}},{"type":"Feature","id":292163356,"properties":{"highway":"service","name":null},"geometry":{"type":"LineString","coordinates":[[39.0543398,45.0124388],[39.0543988,45.0124208],[39.0546072,45.0123385]]}},{"type":"Feature","id":292163357,"properties":{"highway":"footway","name":null},"geometry":{"type":"LineString","coordinates":[[39.0495032,45.0129167],[39.0502077,45.0130414],[39.051059,45.0132011]]}},{"type":"Feature","id":292163358,"properties":{"highway":"pedestrian","name":null},"geometry":{"type":"LineString","coordinates":[[39.0534886,45.0125083],[39.0534886,45.0122228],[39.0534004,45.0121571],[39.0532356,45.0122228],[39.0532404,45.0125579],[39.0534886,45.0125083]]}},{"type":"Feature","id":292163359,"properties":{"highway":"service","name":null},"geometry":{"type":"LineString","coordinates":[[39.0494696,45.0130196],[39.0495032,45.0129167],[39.0497204,45.0122707],[39.0500881,45.012338],[39.0499699,45.0126768],[39.0503047,45.012735],[39.0503704,45.0127465]]}},{"type":"Feature","id":292301387,"properties":{"highway":"primary","name":"Северная улица"},"geometry":{"type":"LineString","coordinates":[[39.0277258,45.0317546],[39.0271643,45.0320187],[39.026697,45.0322264]]}},{"type":"Feature","id":292593122,"properties":{"highway":"service","name":null},"geometry":{"type":"LineString","coordinates":[[39.0491058,45.0290803],[39.0492109,45.02908]]}},{"type":"Feature","id":292593124,"properties":{"highway":"service","name":null},"geometry":{"type":"LineString","coordinates":[[39.0480983,45.0279229],[39.0480987,45.0279884],[39.0481044,45.0290765],[39.0487856,45.0290792]]}},{"type":"Feature","id":292593126,"properties":{"highway":"service","name":null},"geometry":{"type":"LineString","coordinates":[[39.0487856,45.0290792],[39.0491058,45.0290803]]}},{"type":"Feature","id":292674182,"properties":{"highway":"footway","name":null},"geometry":{"type":"LineString","coordinates":[[39.0189585,45.0216003],[39.0189209,45.0214641],[39.0189114,45.0214043],[39.0188913,45.0213165],[39.0188636,45.0211871]]}},{"type":"Feature","id":292726910,"properties":{"highway":"footway","name":null},"geometry":{"type":"LineString","coordinates":[[39.0496574,45.0122258],[39.0494517,45.0121871],[39.0494148,45.0123752]]}},{"type":"Feature","id":292726911,"properties":{"highway":"steps","name":null},"geometry":{"type":"LineString","coordinates":[[39.0497204,45.0122707],[39.0496947,45.0122671],[39.0496574,45.0122258]]}},{"type":"Feature","id":293151937,"properties":{"highway":"primary","name":"Северная улица"},"geometry":{"type":"LineString","coordinates":[[39.0158523,45.0342442],[39.0160526,45.0342602]]}},{"type":"Feature","id":293181761,"properties":{"highway":"primary","name":"Ставропольская улица"},"geometry":{"type":"LineString","coordinates":[[39.0503026,45.0135991],[39.0510685,45.0132743]]}},{"type":"Feature","id":293181762,"properties":{"highway":"primary","name":"Ставропольская улица"},"geometry":{"type":"LineString","coordinates":[[39.0536316,45.0125626],[39.0538788,45.0125438],[39.0541685,45.0125422]]}},{"type":"Feature","id":293181763,"properties":{"highway":"primary","name":"Ставропольская улица"},"geometry":{"type":"LineString","coordinates":[[39.0529508,45.0126981],[39.0532138,45.0126266],[39.0533053,45.0126018],[39.0536316,45.0125626]]}},{"type":"Feature","id":293181764,"properties":{"highway":"primary","name":"Трамвайная улица"},"geometry":{"type":"LineString","coordinates":[[39.0545079,45.012574],[39.054755,45.012612],[39.0549829,45.0126602]]}},{"type":"Feature","id":293334775,"properties":{"highway":"footway","name":null},"geometry":{"type":"LineString","coordinates":[[39.0122427,45.0363829],[39.0122574,45.036397],[39.0122617,45.0364067],[39.0122648,45.0364138],[39.0122642,45.0364313],[39.0122556,45.0364478],[39.0122399,45.0364615],[39.0122209,45.0364717],[39.0121944,45.0364748],[39.0121694,45.036473],[39.0121466,45.0364655],[39.0121285,45.0364532],[39.0121171,45.0364373],[39.0121137,45.0364197],[39.0121185,45.0364023],[39.0121312,45.036387],[39.0121502,45.0363754],[39.0121736,45.0363688],[39.0121984,45.0363679],[39.0122223,45.0363728],[39.0122427,45.0363829]]}},{"type":"Feature","id":293334776,"properties":{"highway":"footway","name":null},"geometry":{"type":"LineString","coordinates":[[39.0122617,45.0364067],[39.0126586,45.0363632]]}},{"type":"Feature","id":293334777,"properties":{"highway":"service","name":null},"geometry":{"type":"LineString","coordinates":[[39.0127527,45.0365909],[39.0122759,45.0366915],[39.0118787,45.0367719],[39.0120048,45.0370487],[39.0120605,45.0370731],[39.0121389,45.0371074],[39.0122258,45.0373295]]}},{"type":"Feature","id":293334778,"properties":{"highway":"footway","name":null},"geometry":{"type":"LineString","coordinates":[[39.0120605,45.0370731],[39.0122383,45.0370008],[39.0123,45.0369439],[39.0124958,45.0368965],[39.0125924,45.0368302],[39.0128297,45.0367809]]}},{"type":"Feature","id":293334779,"properties":{"highway":"service","name":null},"geometry":{"type":"LineString","coordinates":[[39.0118787,45.0367719],[39.0113773,45.0368719],[39.0111248,45.0369273],[39.0107497,45.0373706]]}},{"type":"Feature","id":293334781,"properties":{"highway":"footway","name":null},"geometry":{"type":"LineString","coordinates":[[39.0129217,45.0371554],[39.0130215,45.037359],[39.0131818,45.0373215],[39.0135523,45.0372348]]}},{"type":"Feature","id":293334782,"properties":{"highway":"footway","name":null},"geometry":{"type":"LineString","coordinates":[[39.0130781,45.037113],[39.0131818,45.0373215]]}},{"type":"Feature","id":293334783,"properties":{"highway":"footway","name":null},"geometry":{"type":"LineString","coordinates":[[39.0128876,45.0369239],[39.0130162,45.0368965]]}},{"type":"Feature","id":293334784,"properties":{"highway":"footway","name":null},"geometry":{"type":"LineString","coordinates":[[39.0133699,45.0370305],[39.0133045,45.0368652],[39.0132804,45.0368046],[39.0132173,45.0366407]]}},{"type":"Feature","id":293341391,"properties":{"highway":"path","name":null},"geometry":{"type":"LineString","coordinates":[[39.020379,45.0369442],[39.0203872,45.0369413],[39.0206446,45.0368484],[39.0206879,45.0368482],[39.0211065,45.0369671],[39.0211907,45.0371837]]}},{"type":"Feature","id":293402477,"properties":{"highway":"service","name":null},"geometry":{"type":"LineString","coordinates":[[39.0435658,45.0320349],[39.0436259,45.0321166],[39.0436707,45.0321777],[39.0436732,45.0322126],[39.0434355,45.0334474],[39.0433621,45.0338282]]}},{"type":"Feature","id":293835514,"properties":{"highway":"secondary","name":"улица Филатова"},"geometry":{"type":"LineString","coordinates":[[39.0180652,45.0347993],[39.0175745,45.0349134]]}},{"type":"Feature","id":294171555,"properties":{"highway":"footway","name":null},"geometry":{"type":"LineString","coordinates":[[39.0431255,45.025342],[39.0432135,45.0253403],[39.0432678,45.0253403],[39.0432702,45.0249676],[39.0433487,45.0249138],[39.0433389,45.0245186],[39.04328,45.0244822],[39.0431746,45.0234196],[39.0430781,45.0234464],[39.0429882,45.0234699],[39.0430078,45.0244545],[39.0431329,45.0244666],[39.0431373,45.0246382],[39.0431765,45.0246408],[39.0431704,45.0248402],[39.0431201,45.0248454],[39.0431255,45.025342]]}},{"type":"Feature","id":294171564,"properties":{"highway":"footway","name":null},"geometry":{"type":"LineString","coordinates":[[39.0437759,45.0246388],[39.0444026,45.0246384],[39.0444593,45.0246388]]}},{"type":"Feature","id":294171566,"properties":{"highway":"footway","name":null},"geometry":{"type":"LineString","coordinates":[[39.0437641,45.0259788],[39.0436218,45.0259788],[39.0434656,45.0259827],[39.0434244,45.0259837],[39.0432265,45.0259837],[39.0432155,45.0254398],[39.0432135,45.0253403],[39.0432215,45.024556],[39.0431653,45.0239309],[39.0430781,45.0234464],[39.0430704,45.0234069],[39.0430627,45.0234033]]}},{"type":"Feature","id":294171572,"properties":{"highway":"residential","name":"улица Стасова"},"geometry":{"type":"LineString","coordinates":[[39.0436171,45.02648],[39.0436218,45.0259788],[39.0436202,45.0258557]]}},{"type":"Feature","id":294836182,"properties":{"highway":"footway","name":null},"geometry":{"type":"LineString","coordinates":[[39.0094874,45.0269221],[39.0095225,45.026872],[39.0095617,45.0268146],[39.0096081,45.0267677],[39.0096825,45.026686],[39.0105508,45.0270367]]}},{"type":"Feature","id":295738824,"properties":{"highway":"service","name":null},"geometry":{"type":"LineString","coordinates":[[39.0204315,45.0251298],[39.0205147,45.0254527],[39.0205898,45.025715],[39.020742,45.0262782],[39.0218419,45.0261182]]}},{"type":"Feature","id":295738826,"properties":{"highway":"service","name":null},"geometry":{"type":"LineString","coordinates":[[39.0205898,45.025715],[39.0215662,45.025587],[39.0214955,45.0253184],[39.0205147,45.0254527]]}},{"type":"Feature","id":295738827,"properties":{"highway":"service","name":null},"geometry":{"type":"LineString","coordinates":[[39.0214955,45.0253184],[39.021416,45.025003],[39.0204315,45.0251298],[39.0201369,45.0251692],[39.0200793,45.0251769],[39.0195459,45.0252483],[39.0193484,45.0252747]]}},{"type":"Feature","id":295738828,"properties":{"highway":"service","name":null},"geometry":{"type":"LineString","coordinates":[[39.0176099,45.0250282],[39.018962,45.0248276],[39.0189992,45.0248221],[39.0192138,45.0247902],[39.0200111,45.024672]]}},{"type":"Feature","id":295741525,"properties":{"highway":"service","name":null},"geometry":{"type":"LineString","coordinates":[[39.021416,45.025003],[39.0212967,45.0245034],[39.0210577,45.0245206]]}},{"type":"Feature","id":298985955,"properties":{"highway":"footway","name":null},"geometry":{"type":"LineString","coordinates":[[39.0335519,45.024537],[39.0331795,45.0243025]]}},{"type":"Feature","id":299486045,"properties":{"highway":"footway","name":null},"geometry":{"type":"LineString","coordinates":[[39.0305006,45.0267916],[39.029314,45.0269747]]}},{"type":"Feature","id":299487381,"properties":{"highway":"footway","name":null},"geometry":{"type":"LineString","coordinates":[[39.0315404,45.026622],[39.0316295,45.0266065],[39.0325708,45.0264314],[39.0333745,45.0262348],[39.033674,45.0261384],[39.0344041,45.0259297],[39.0353653,45.0256503]]}},{"type":"Feature","id":299487383,"properties":{"highway":"footway","name":null},"geometry":{"type":"LineString","coordinates":[[39.0353653,45.0256503],[39.0353254,45.025589],[39.0352828,45.0255234],[39.0352413,45.0254597]]}},{"type":"Feature","id":299487386,"properties":{"highway":"footway","name":null},"geometry":{"type":"LineString","coordinates":[[39.0388944,45.0246103],[39.0388625,45.0245514],[39.0388252,45.0244825],[39.0388037,45.0244427]]}},{"type":"Feature","id":299487388,"properties":{"highway":"footway","name":null},"geometry":{"type":"LineString","coordinates":[[39.0382304,45.0247975],[39.0382015,45.02475],[39.0381594,45.0246807],[39.0381422,45.0246525]]}},{"type":"Feature","id":299487390,"properties":{"highway":"footway","name":null},"geometry":{"type":"LineString","coordinates":[[39.0356486,45.0255643],[39.0368645,45.0251832],[39.0382304,45.0247975],[39.0383505,45.0247636]]}},{"type":"Feature","id":302715064,"properties":{"highway":"service","name":null},"geometry":{"type":"LineString","coordinates":[[39.0389578,45.036042],[39.0389848,45.0359081],[39.0390668,45.0355009],[39.0391463,45.0351058],[39.0397542,45.0351617],[39.0396702,45.0355529],[39.0390668,45.0355009]]}},{"type":"Feature","id":305767954,"properties":{"highway":"service","name":null},"geometry":{"type":"LineString","coordinates":[[39.0118273,45.0373461],[39.0118485,45.0377159],[39.0118544,45.0378181],[39.0119214,45.0378598],[39.012077,45.0378636],[39.0121977,45.0379091],[39.0122916,45.0379735],[39.0123747,45.0380588],[39.0124311,45.038137]]}},{"type":"Feature","id":305770160,"properties":{"highway":"service","name":null},"geometry":{"type":"LineString","coordinates":[[39.0143083,45.0367747],[39.0137825,45.036896],[39.0136219,45.036933],[39.0134557,45.0370063],[39.0133699,45.0370305],[39.0130781,45.037113],[39.0129759,45.0371419],[39.0129217,45.0371554],[39.0122258,45.0373295],[39.0121843,45.0373399],[39.0118273,45.0373461],[39.0115119,45.0373516],[39.0107497,45.0373706]]}},{"type":"Feature","id":305770162,"properties":{"highway":"service","name":null},"geometry":{"type":"LineString","coordinates":[[39.0153909,45.0365548],[39.0145351,45.0367438]]}},{"type":"Feature","id":305770163,"properties":{"highway":"service","name":null},"geometry":{"type":"LineString","coordinates":[[39.0162679,45.0362365],[39.016174,45.0359872],[39.0162156,45.0359474],[39.0163323,45.0359227],[39.0164557,45.0362288],[39.0163457,45.0362535],[39.0162679,45.0362365],[39.0161915,45.0363189],[39.0155612,45.0364591],[39.0153909,45.0365548]]}},{"type":"Feature","id":305770164,"properties":{"highway":"service","name":null},"geometry":{"type":"LineString","coordinates":[[39.0159197,45.0365726],[39.0165286,45.0364218],[39.0167298,45.0361282]]}},{"type":"Feature","id":305770791,"properties":{"highway":"service","name":null},"geometry":{"type":"LineString","coordinates":[[39.0150826,45.0359807],[39.0160128,45.0357674],[39.0159837,45.0357015],[39.0159726,45.0356765]]}},{"type":"Feature","id":306682077,"properties":{"highway":"primary","name":"Старокубанская улица"},"geometry":{"type":"LineString","coordinates":[[39.0494019,45.0201663],[39.049337,45.0200412]]}},{"type":"Feature","id":306682078,"properties":{"highway":"primary","name":"Старокубанская улица"},"geometry":{"type":"LineString","coordinates":[[39.0477507,45.0166976],[39.0475868,45.0163352]]}},{"type":"Feature","id":306682079,"properties":{"highway":"primary","name":"Старокубанская улица"},"geometry":{"type":"LineString","coordinates":[[39.0472573,45.0156365],[39.0472292,45.0155995],[39.0471967,45.015576],[39.0471539,45.0155568],[39.0470752,45.0155337],[39.0467572,45.0154742]]}},{"type":"Feature","id":306682083,"properties":{"highway":"primary","name":"Старокубанская улица"},"geometry":{"type":"LineString","coordinates":[[39.048892,45.0191214],[39.0488308,45.0190083],[39.0483207,45.0179343]]}},{"type":"Feature","id":309919868,"properties":{"highway":"primary","name":"Старокубанская улица"},"geometry":{"type":"LineString","coordinates":[[39.0489918,45.0190951],[39.0494759,45.0200707]]}},{"type":"Feature","id":309919869,"properties":{"highway":"primary","name":"Старокубанская улица"},"geometry":{"type":"LineString","coordinates":[[39.0483207,45.0179343],[39.0481812,45.0176337],[39.0477507,45.0166976]]}},{"type":"Feature","id":309919870,"properties":{"highway":"primary","name":"Старокубанская улица"},"geometry":{"type":"LineString","coordinates":[[39.0483951,45.0178083],[39.048554,45.0181492],[39.0488908,45.0188717],[39.0489427,45.0189844],[39.0489918,45.0190951]]}},{"type":"Feature","id":312748496,"properties":{"highway":"service","name":null},"geometry":{"type":"LineString","coordinates":[[39.0372318,45.0162364],[39.0372612,45.0155108]]}},{"type":"Feature","id":312748497,"properties":{"highway":"service","name":null},"geometry":{"type":"LineString","coordinates":[[39.0326592,45.0164171],[39.0324129,45.0157902]]}},{"type":"Feature","id":312748498,"properties":{"highway":"service","name":null},"geometry":{"type":"LineString","coordinates":[[39.0319923,45.0156948],[39.0317902,45.015717]]}},{"type":"Feature","id":312748499,"properties":{"highway":"footway","name":null},"geometry":{"type":"LineString","coordinates":[[39.0331481,45.0157077],[39.0330441,45.0157065]]}},{"type":"Feature","id":312748500,"properties":{"highway":"service","name":null},"geometry":{"type":"LineString","coordinates":[[39.0329225,45.0153292],[39.0318463,45.0153174],[39.0316397,45.0153572]]}},{"type":"Feature","id":312748501,"properties":{"highway":"service","name":null},"geometry":{"type":"LineString","coordinates":[[39.0314744,45.0149694],[39.0317462,45.0149488],[39.0332037,45.0149665]]}},{"type":"Feature","id":313112515,"properties":{"highway":"residential","name":null},"geometry":{"type":"LineString","coordinates":[[39.0103102,45.0059674],[39.0114174,45.0056356],[39.0131181,45.0051258],[39.0135203,45.0050855]]}},{"type":"Feature","id":313112516,"properties":{"highway":"path","name":null},"geometry":{"type":"LineString","coordinates":[[39.0046863,45.0085144],[39.0052117,45.0084164],[39.0054585,45.0083709],[39.0057374,45.0083254],[39.0064026,45.0081585],[39.0066708,45.0081813]]}},{"type":"Feature","id":313350377,"properties":{"highway":"secondary","name":"Уральская улица"},"geometry":{"type":"LineString","coordinates":[[39.0567419,45.0341235],[39.0571789,45.0343616]]}},{"type":"Feature","id":313350378,"properties":{"highway":"secondary","name":"Уральская улица"},"geometry":{"type":"LineString","coordinates":[[39.0567144,45.0342641],[39.0572057,45.0345329]]}},{"type":"Feature","id":313350381,"properties":{"highway":"secondary","name":"Уральская улица"},"geometry":{"type":"LineString","coordinates":[[39.0548865,45.0332852],[39.0554292,45.0335141],[39.0558426,45.0336893],[39.0563205,45.0339127],[39.0564378,45.033978],[39.0567419,45.0341235]]}},{"type":"Feature","id":313350383,"properties":{"highway":"secondary","name":"Уральская улица"},"geometry":{"type":"LineString","coordinates":[[39.054468,45.0333044],[39.0548409,45.0334216],[39.0557228,45.0337778],[39.056096,45.0339456],[39.0561935,45.0339951],[39.0567144,45.0342641]]}},{"type":"Feature","id":313377275,"properties":{"highway":"secondary","name":"Сормовская улица"},"geometry":{"type":"LineString","coordinates":[[39.0501098,45.0222755],[39.0496024,45.0221734]]}},{"type":"Feature","id":313377276,"properties":{"highway":"secondary","name":"Сормовская улица"},"geometry":{"type":"LineString","coordinates":[[39.0536506,45.0227701],[39.0529207,45.0226826],[39.0520743,45.0225659],[39.0517137,45.0225162]]}},{"type":"Feature","id":313377277,"properties":{"highway":"service","name":null},"geometry":{"type":"LineString","coordinates":[[39.0537324,45.0222349],[39.053961,45.0210578],[39.0540248,45.0207638],[39.0540868,45.0204681],[39.0522927,45.0202393],[39.052217,45.0205416],[39.0521435,45.0208346],[39.052013,45.021355],[39.052081,45.0215131],[39.052025,45.0217532],[39.0518412,45.0220088]]}},{"type":"Feature","id":313377285,"properties":{"highway":"service","name":null},"geometry":{"type":"LineString","coordinates":[[39.0517396,45.0224506],[39.051812,45.0221355],[39.0518412,45.0220088],[39.0537324,45.0222349]]}},{"type":"Feature","id":313377295,"properties":{"highway":"secondary","name":"улица Лизы Чайкиной"},"geometry":{"type":"LineString","coordinates":[[39.0568832,45.0295627],[39.0570017,45.0292483]]}},{"type":"Feature","id":313377297,"properties":{"highway":"secondary","name":"улица Лизы Чайкиной"},"geometry":{"type":"LineString","coordinates":[[39.057114,45.029264],[39.0569918,45.0295752],[39.0569603,45.0296955],[39.0569324,45.0298781],[39.0569309,45.0302347],[39.0569561,45.0304235],[39.0570684,45.0308124],[39.057729,45.033149]]}},{"type":"Feature","id":313406262,"properties":{"highway":"secondary","name":"Новороссийская улица"},"geometry":{"type":"LineString","coordinates":[[39.0270621,45.0335253],[39.0264357,45.0332184]]}},{"type":"Feature","id":313406264,"properties":{"highway":"secondary","name":"Новороссийская улица"},"geometry":{"type":"LineString","coordinates":[[39.0276577,45.0338292],[39.0270621,45.0335253]]}},{"type":"Feature","id":313406265,"properties":{"highway":"secondary","name":"Новороссийская улица"},"geometry":{"type":"LineString","coordinates":[[39.0160303,45.0290477],[39.0165287,45.0292373]]}},{"type":"Feature","id":313406266,"properties":{"highway":"secondary","name":"Новороссийская улица"},"geometry":{"type":"LineString","coordinates":[[39.0165287,45.0292373],[39.01724,45.0295135],[39.0190853,45.0302205],[39.0202884,45.0306892],[39.0203555,45.0307159],[39.0225104,45.0315434],[39.0238037,45.0320387],[39.0246038,45.0323413]]}},{"type":"Feature","id":313419497,"properties":{"highway":"service","name":null},"geometry":{"type":"LineString","coordinates":[[39.0150618,45.0252666],[39.0151668,45.0253186],[39.0152717,45.0253705],[39.0153412,45.0254119],[39.0155205,45.0254421],[39.0156684,45.0255326],[39.0158249,45.0255829],[39.0159672,45.0256512],[39.0163922,45.0257551],[39.0165022,45.025782]]}},{"type":"Feature","id":313419498,"properties":{"highway":"service","name":null},"geometry":{"type":"LineString","coordinates":[[39.0148956,45.0238185],[39.0147266,45.0244496],[39.0146931,45.0246298],[39.0148299,45.0247715],[39.0149003,45.0248129],[39.0149935,45.0248678],[39.0151024,45.0248943],[39.0158399,45.0250782],[39.0160827,45.0250934]]}},{"type":"Feature","id":313810953,"properties":{"highway":"primary","name":"Ставропольская улица"},"geometry":{"type":"LineString","coordinates":[[39.0141398,45.0210904],[39.0143085,45.0211074],[39.0144551,45.0211221]]}},{"type":"Feature","id":313810954,"properties":{"highway":"primary","name":"Ставропольская улица"},"geometry":{"type":"LineString","coordinates":[[39.0278948,45.019637],[39.0242314,45.0204058]]}},{"type":"Feature","id":313810955,"properties":{"highway":"primary","name":"Ставропольская улица"},"geometry":{"type":"LineString","coordinates":[[39.0240885,45.0202624],[39.0241626,45.0202476],[39.0243403,45.020212]]}},{"type":"Feature","id":313810957,"properties":{"highway":"primary","name":"Ставропольская улица"},"geometry":{"type":"LineString","coordinates":[[39.0291064,45.0193762],[39.0286777,45.0194677],[39.0285111,45.0195043]]}},{"type":"Feature","id":313810958,"properties":{"highway":"primary","name":"Ставропольская улица"},"geometry":{"type":"LineString","coordinates":[[39.0190206,45.021299],[39.0193037,45.0212584],[39.0195646,45.0212084],[39.0199236,45.0211396]]}},{"type":"Feature","id":313810959,"properties":{"highway":"primary","name":"Ставропольская улица"},"geometry":{"type":"LineString","coordinates":[[39.0243403,45.020212],[39.0262177,45.019819],[39.02764,45.019515],[39.0278884,45.019462],[39.0282788,45.0193786]]}},{"type":"Feature","id":313810960,"properties":{"highway":"primary","name":"Ставропольская улица"},"geometry":{"type":"LineString","coordinates":[[39.0187411,45.0213322],[39.0188913,45.0213165],[39.0190206,45.021299]]}},{"type":"Feature","id":313810961,"properties":{"highway":"primary","name":"Ставропольская улица"},"geometry":{"type":"LineString","coordinates":[[39.0242314,45.0204058],[39.0237504,45.0205063],[39.0236574,45.020526]]}},{"type":"Feature","id":313810962,"properties":{"highway":"primary","name":"Ставропольская улица"},"geometry":{"type":"LineString","coordinates":[[39.017708,45.0213855],[39.0180338,45.0213831],[39.0182438,45.0213746],[39.0184951,45.0213553],[39.0187411,45.0213322]]}},{"type":"Feature","id":313810963,"properties":{"highway":"primary","name":"Ставропольская улица"},"geometry":{"type":"LineString","coordinates":[[39.0199236,45.0211396],[39.020387,45.0210392],[39.0206321,45.0209851],[39.0236852,45.0203459],[39.0240019,45.0202794],[39.0240885,45.0202624]]}},{"type":"Feature","id":313810964,"properties":{"highway":"primary","name":"Ставропольская улица"},"geometry":{"type":"LineString","coordinates":[[39.0187022,45.0214845],[39.0185102,45.0214993],[39.0182772,45.0215127],[39.0179023,45.0215225],[39.0178145,45.0215233],[39.0175828,45.02152],[39.0172823,45.0215064],[39.0167339,45.0214586]]}},{"type":"Feature","id":313810965,"properties":{"highway":"primary","name":"Ставропольская улица"},"geometry":{"type":"LineString","coordinates":[[39.0198578,45.0213172],[39.0193443,45.0214089],[39.0190187,45.0214535],[39.0189209,45.0214641],[39.0187676,45.0214787],[39.0187022,45.0214845]]}},{"type":"Feature","id":313810966,"properties":{"highway":"residential","name":"улица Фурманова"},"geometry":{"type":"LineString","coordinates":[[39.0068408,45.0205584],[39.0068307,45.0206272],[39.0065974,45.0220584]]}},{"type":"Feature","id":313810967,"properties":{"highway":"footway","name":null},"geometry":{"type":"LineString","coordinates":[[39.0193831,45.0215402],[39.0193443,45.0214089],[39.019329,45.0213477],[39.0193037,45.0212584],[39.0192675,45.0211235]]}},{"type":"Feature","id":314394626,"properties":{"highway":"primary","name":"Северная улица"},"geometry":{"type":"LineString","coordinates":[[39.0199322,45.0343814],[39.0196962,45.03443]]}},{"type":"Feature","id":314394627,"properties":{"highway":"primary","name":"Северная улица"},"geometry":{"type":"LineString","coordinates":[[39.0230216,45.033583],[39.0234698,45.0334673]]}},{"type":"Feature","id":314394628,"properties":{"highway":"primary","name":"Северная улица"},"geometry":{"type":"LineString","coordinates":[[39.0141408,45.0341681],[39.0150062,45.0341817]]}},{"type":"Feature","id":314394629,"properties":{"highway":"primary","name":"Северная улица"},"geometry":{"type":"LineString","coordinates":[[39.020914,45.0340154],[39.0215513,45.0338868]]}},{"type":"Feature","id":314394630,"properties":{"highway":"primary","name":"Северная улица"},"geometry":{"type":"LineString","coordinates":[[39.0234698,45.0334673],[39.0238316,45.0333472]]}},{"type":"Feature","id":314394631,"properties":{"highway":"primary","name":"Северная улица"},"geometry":{"type":"LineString","coordinates":[[39.0265939,45.032271],[39.0244918,45.0332237]]}},{"type":"Feature","id":314394633,"properties":{"highway":"secondary","name":"Школьная улица"},"geometry":{"type":"LineString","coordinates":[[39.0192609,45.0355738],[39.0191151,45.0355337],[39.018546,45.0353772]]}},{"type":"Feature","id":315417216,"properties":{"highway":"secondary","name":"Новороссийская улица"},"geometry":{"type":"LineString","coordinates":[[39.0145471,45.0284803],[39.0149626,45.0286454]]}},{"type":"Feature","id":315417217,"properties":{"highway":"secondary","name":"Новороссийская улица"},"geometry":{"type":"LineString","coordinates":[[39.0149626,45.0286454],[39.0153978,45.0288007]]}},{"type":"Feature","id":315417218,"properties":{"highway":"service","name":null},"geometry":{"type":"LineString","coordinates":[[39.0151711,45.0281354],[39.0150444,45.0283199]]}},{"type":"Feature","id":315417219,"properties":{"highway":"service","name":null},"geometry":{"type":"LineString","coordinates":[[39.0145471,45.0284803],[39.0145844,45.0284467],[39.0145976,45.0284382],[39.0148234,45.0282927]]}},{"type":"Feature","id":315744745,"properties":{"highway":"primary","name":"Сормовская улица"},"geometry":{"type":"LineString","coordinates":[[39.0493596,45.0221159],[39.0489853,45.0221121],[39.0485689,45.0220574],[39.0479432,45.0219687]]}},{"type":"Feature","id":315744746,"properties":{"highway":"primary","name":"Старокубанская улица"},"geometry":{"type":"LineString","coordinates":[[39.0494759,45.0200707],[39.0495558,45.0202472]]}},{"type":"Feature","id":315744747,"properties":{"highway":"tertiary","name":"Старокубанская улица"},"geometry":{"type":"LineString","coordinates":[[39.046522,45.0150465],[39.0465425,45.0148871],[39.0465374,45.0148022],[39.0465162,45.0147248],[39.0464676,45.0146377]]}},{"type":"Feature","id":315744749,"properties":{"highway":"primary","name":"улица Селезнёва"},"geometry":{"type":"LineString","coordinates":[[39.0481862,45.0217093],[39.0490177,45.0214737],[39.0492719,45.0214029]]}},{"type":"Feature","id":316378846,"properties":{"highway":"tertiary","name":"Волжская улица"},"geometry":{"type":"LineString","coordinates":[[39.0364989,45.0352344],[39.0364739,45.0353577]]}},{"type":"Feature","id":316378847,"properties":{"highway":"tertiary","name":"Волжская улица"},"geometry":{"type":"LineString","coordinates":[[39.0364739,45.0353577],[39.0364169,45.0356605],[39.0363946,45.0357683]]}},{"type":"Feature","id":316378858,"properties":{"highway":"tertiary","name":"Старокубанская улица"},"geometry":{"type":"LineString","coordinates":[[39.0501801,45.0298509],[39.050176,45.0305862],[39.0501676,45.03211]]}},{"type":"Feature","id":316378860,"properties":{"highway":"secondary","name":"Уральская улица"},"geometry":{"type":"LineString","coordinates":[[39.0547956,45.0332571],[39.0548865,45.0332852]]}},{"type":"Feature","id":316378861,"properties":{"highway":"secondary","name":"Уральская улица"},"geometry":{"type":"LineString","coordinates":[[39.0498599,45.0326864],[39.0499517,45.032696],[39.0501642,45.0327168]]}},{"type":"Feature","id":316378862,"properties":{"highway":"secondary","name":"Уральская улица"},"geometry":{"type":"LineString","coordinates":[[39.0504237,45.0327428],[39.0508066,45.0327822]]}},{"type":"Feature","id":316378863,"properties":{"highway":"secondary","name":"Уральская улица"},"geometry":{"type":"LineString","coordinates":[[39.0501642,45.0327168],[39.0504237,45.0327428]]}},{"type":"Feature","id":316378864,"properties":{"highway":"secondary","name":"Уральская улица"},"geometry":{"type":"LineString","coordinates":[[39.053937,45.0331549],[39.0540445,45.0331852],[39.054246,45.0332419],[39.0543251,45.0332642],[39.054468,45.0333044]]}},{"type":"Feature","id":316378866,"properties":{"highway":"secondary","name":"Уральская улица"},"geometry":{"type":"LineString","coordinates":[[39.0508536,45.0327866],[39.0518836,45.0328834],[39.0520099,45.0328953],[39.0521341,45.032907]]}},{"type":"Feature","id":316378869,"properties":{"highway":"service","name":null},"geometry":{"type":"LineString","coordinates":[[39.0510993,45.0351381],[39.0510912,45.035177],[39.0510686,45.0352856],[39.0510423,45.0354121],[39.0510133,45.0355511],[39.0511217,45.0355638]]}},{"type":"Feature","id":316378871,"properties":{"highway":"service","name":null},"geometry":{"type":"LineString","coordinates":[[39.0515251,45.0351777],[39.051551,45.0350558],[39.0515825,45.0349081],[39.0516117,45.034771],[39.0516397,45.0346391],[39.0516695,45.0344993],[39.0517015,45.0343489],[39.0517318,45.0342063],[39.0517609,45.0340697],[39.0517914,45.0339265],[39.0518272,45.0337585],[39.051853,45.0336371],[39.0518611,45.033599],[39.0518835,45.0334937]]}},{"type":"Feature","id":316378873,"properties":{"highway":"service","name":null},"geometry":{"type":"LineString","coordinates":[[39.051044,45.0332569],[39.0510139,45.0334036],[39.0509835,45.0335516],[39.0509561,45.0336852],[39.0509271,45.0338269],[39.0508968,45.0339746],[39.0508664,45.0341225],[39.0508392,45.0342551],[39.0508093,45.0344009],[39.0507798,45.0345448],[39.0507512,45.0346839],[39.0507215,45.0348289],[39.0506926,45.0349695],[39.0506733,45.0350637]]}},{"type":"Feature","id":316378889,"properties":{"highway":"primary","name":"улица Селезнёва"},"geometry":{"type":"LineString","coordinates":[[39.0426128,45.023333],[39.0429595,45.0232342],[39.0431323,45.0231859]]}},{"type":"Feature","id":316657775,"properties":{"highway":"footway","name":null},"geometry":{"type":"LineString","coordinates":[[39.0077415,45.0367318],[39.0081834,45.0367452],[39.0082288,45.0367484],[39.0084737,45.0368063]]}},{"type":"Feature","id":316657777,"properties":{"highway":"footway","name":null},"geometry":{"type":"LineString","coordinates":[[39.0075671,45.0377689],[39.0079265,45.037833]]}},{"type":"Feature","id":316657782,"properties":{"highway":"path","name":null},"geometry":{"type":"LineString","coordinates":[[39.0080173,45.0375553],[39.0080742,45.0375628],[39.0081515,45.0375485],[39.0082185,45.0374802],[39.0082883,45.0374308]]}},{"type":"Feature","id":316727864,"properties":{"highway":"residential","name":"1-й Верхний проезд"},"geometry":{"type":"LineString","coordinates":[[39.0223541,45.0024615],[39.0225078,45.0024014],[39.0229715,45.0028005]]}},{"type":"Feature","id":316727865,"properties":{"highway":"residential","name":"1-й Западный проезд"},"geometry":{"type":"LineString","coordinates":[[39.0214244,45.0026225],[39.0216255,45.0024813],[39.0217847,45.0024488],[39.0220475,45.002472],[39.0223541,45.0024615],[39.0227117,45.0033131],[39.0227888,45.003503],[39.0218667,45.0036996]]}},{"type":"Feature","id":316727866,"properties":{"highway":"service","name":null},"geometry":{"type":"LineString","coordinates":[[39.0227117,45.0033131],[39.0232604,45.0031998]]}},{"type":"Feature","id":317091103,"properties":{"highway":"service","name":null},"geometry":{"type":"LineString","coordinates":[[39.0316763,45.0200554],[39.0319504,45.0199957],[39.0324485,45.0198931],[39.0325322,45.0198759],[39.0326725,45.0198464],[39.0327855,45.0198213],[39.0328714,45.0198023]]}},{"type":"Feature","id":317091104,"properties":{"highway":"steps","name":null},"geometry":{"type":"LineString","coordinates":[[39.0392524,45.0214972],[39.0391158,45.0213801],[39.0391199,45.0211006]]}},{"type":"Feature","id":317091107,"properties":{"highway":"service","name":null},"geometry":{"type":"LineString","coordinates":[[39.0373897,45.0196173],[39.0376328,45.0196996],[39.0376779,45.0197202],[39.0378996,45.0198663]]}},{"type":"Feature","id":317093043,"properties":{"highway":"service","name":null},"geometry":{"type":"LineString","coordinates":[[39.016868,45.0186258],[39.0168818,45.0185579],[39.0168872,45.0185313]]}},{"type":"Feature","id":317093044,"properties":{"highway":"service","name":null},"geometry":{"type":"LineString","coordinates":[[39.0168276,45.0188246],[39.0168565,45.0186822]]}},{"type":"Feature","id":317093045,"properties":{"highway":"service","name":null},"geometry":{"type":"LineString","coordinates":[[39.0185858,45.0209033],[39.0181417,45.0208785],[39.0182118,45.0204129],[39.0186682,45.0204424]]}},{"type":"Feature","id":317093046,"properties":{"highway":"service","name":null},"geometry":{"type":"LineString","coordinates":[[39.0187017,45.0202553],[39.0181642,45.0202203]]}},{"type":"Feature","id":317093047,"properties":{"highway":"service","name":null},"geometry":{"type":"LineString","coordinates":[[39.0168565,45.0186822],[39.016868,45.0186258]]}},{"type":"Feature","id":317093050,"properties":{"highway":"service","name":null},"geometry":{"type":"LineString","coordinates":[[39.0146645,45.0198395],[39.0153272,45.0198926],[39.0155784,45.0199126]]}},{"type":"Feature","id":317093051,"properties":{"highway":"service","name":null},"geometry":{"type":"LineString","coordinates":[[39.0168818,45.0185579],[39.0164952,45.018534]]}},{"type":"Feature","id":317093052,"properties":{"highway":"footway","name":null},"geometry":{"type":"LineString","coordinates":[[39.0181212,45.0200592],[39.018155,45.0197904]]}},{"type":"Feature","id":317093053,"properties":{"highway":"service","name":null},"geometry":{"type":"LineString","coordinates":[[39.0169116,45.019259],[39.0169921,45.0188362],[39.0168276,45.0188246],[39.0166166,45.0188097],[39.0165495,45.0192401]]}},{"type":"Feature","id":317093054,"properties":{"highway":"service","name":null},"geometry":{"type":"LineString","coordinates":[[39.0139794,45.0199558],[39.0139983,45.0198366],[39.0141156,45.0188914]]}},{"type":"Feature","id":317093055,"properties":{"highway":"service","name":null},"geometry":{"type":"LineString","coordinates":[[39.0163095,45.0184052],[39.0162921,45.0184956],[39.0161543,45.0192691],[39.0161044,45.0195341]]}},{"type":"Feature","id":317093058,"properties":{"highway":"service","name":null},"geometry":{"type":"LineString","coordinates":[[39.0155784,45.0199126],[39.0176373,45.0200764],[39.0175166,45.0207229],[39.0154728,45.0205523],[39.0155784,45.0199126]]}},{"type":"Feature","id":317094794,"properties":{"highway":"footway","name":null},"geometry":{"type":"LineString","coordinates":[[39.0144745,45.0210082],[39.0145789,45.0210361],[39.0159809,45.021164],[39.0170309,45.0212423],[39.0176949,45.021279],[39.0184279,45.0212188],[39.0186941,45.0212026],[39.0188636,45.0211871],[39.0190362,45.0211713],[39.0192675,45.0211235],[39.0204516,45.0208803],[39.0204932,45.0208718],[39.0236377,45.0202259],[39.0240106,45.0201493],[39.0240245,45.0201465],[39.0241251,45.0201259],[39.0243553,45.0200786],[39.0262296,45.0197187],[39.0278457,45.0193643],[39.0282355,45.0192788],[39.0284004,45.0192454],[39.0285705,45.0192065],[39.029642,45.0189797],[39.0317408,45.0185315],[39.0326838,45.018328],[39.0327561,45.0183109],[39.0328837,45.0182852],[39.03301,45.0182563],[39.0342396,45.0179933],[39.0353917,45.0177466],[39.0365865,45.0174785],[39.0371035,45.0173691],[39.0371946,45.0173503],[39.0373662,45.0173131],[39.0373863,45.0173088],[39.0374941,45.0172856],[39.0376631,45.0172488],[39.0391079,45.016937],[39.0401633,45.0166922],[39.0415261,45.0164111]]}},{"type":"Feature","id":317094814,"properties":{"highway":"service","name":null},"geometry":{"type":"LineString","coordinates":[[39.0069305,45.0199398],[39.0068996,45.0201089],[39.0068932,45.0201439],[39.0068577,45.0203385],[39.0068396,45.0204198]]}},{"type":"Feature","id":317094817,"properties":{"highway":"service","name":null},"geometry":{"type":"LineString","coordinates":[[39.0076884,45.0196663],[39.0075994,45.0196995],[39.0075089,45.0197333],[39.0074821,45.0198584],[39.0075799,45.0199315]]}},{"type":"Feature","id":317094819,"properties":{"highway":"service","name":null},"geometry":{"type":"LineString","coordinates":[[39.0075799,45.0199315],[39.007538,45.0201849],[39.0075356,45.0201996],[39.0075287,45.0202411],[39.0075254,45.020261],[39.0075119,45.0203427],[39.0075045,45.0203872],[39.0074887,45.0204829]]}},{"type":"Feature","id":317094820,"properties":{"highway":"service","name":null},"geometry":{"type":"LineString","coordinates":[[39.0063748,45.019639],[39.0066445,45.0196663],[39.006597,45.0199024],[39.0069305,45.0199398]]}},{"type":"Feature","id":317439528,"properties":{"highway":"service","name":null},"geometry":{"type":"LineString","coordinates":[[39.0085528,45.0202835],[39.0085612,45.0202416],[39.0085688,45.0202036]]}},{"type":"Feature","id":317439757,"properties":{"highway":"service","name":null},"geometry":{"type":"LineString","coordinates":[[39.0085342,45.0203676],[39.0090059,45.0204032],[39.0089854,45.0205002]]}},{"type":"Feature","id":317439758,"properties":{"highway":"service","name":null},"geometry":{"type":"LineString","coordinates":[[39.0085528,45.0202835],[39.0085342,45.0203676],[39.0085128,45.0204642]]}},{"type":"Feature","id":317678565,"properties":{"highway":"service","name":null},"geometry":{"type":"LineString","coordinates":[[39.0217792,45.0014684],[39.0220185,45.0012635]]}},{"type":"Feature","id":317680422,"properties":{"highway":"residential","name":"3-й проезд имени Болотникова"},"geometry":{"type":"LineString","coordinates":[[39.0231451,45.0089526],[39.0228977,45.0083287],[39.0223085,45.0068431]]}},{"type":"Feature","id":317680423,"properties":{"highway":"service","name":null},"geometry":{"type":"LineString","coordinates":[[39.0226734,45.0056572],[39.0224771,45.005705],[39.0207701,45.0056002],[39.0199761,45.005466],[39.0199091,45.0053427],[39.0194585,45.0052555]]}},{"type":"Feature","id":317680425,"properties":{"highway":"service","name":null},"geometry":{"type":"LineString","coordinates":[[39.019323,45.0067684],[39.0205063,45.0068844],[39.0216847,45.0069717],[39.0223085,45.0068431]]}},{"type":"Feature","id":317742981,"properties":{"highway":"service","name":null},"geometry":{"type":"LineString","coordinates":[[39.0533592,45.0175554],[39.0537035,45.0176645],[39.0536225,45.0177928],[39.0532829,45.017686]]}},{"type":"Feature","id":319339851,"properties":{"highway":"service","name":null},"geometry":{"type":"LineString","coordinates":[[39.0294427,45.0208186],[39.0293461,45.0209172],[39.0291262,45.0209892],[39.0290967,45.0209968],[39.0290426,45.0210077],[39.0288826,45.0210412],[39.0285118,45.0211189]]}},{"type":"Feature","id":319339859,"properties":{"highway":"service","name":null},"geometry":{"type":"LineString","coordinates":[[39.0290262,45.0223692],[39.0296765,45.0222296],[39.030065,45.0223716],[39.0301848,45.022564]]}},{"type":"Feature","id":321546002,"properties":{"highway":"service","name":null},"geometry":{"type":"LineString","coordinates":[[39.0330441,45.0157065],[39.0319923,45.0156948]]}},{"type":"Feature","id":321546005,"properties":{"highway":"footway","name":null},"geometry":{"type":"LineString","coordinates":[[39.0332448,45.0145442],[39.0335155,45.0146576]]}},{"type":"Feature","id":321546009,"properties":{"highway":"footway","name":null},"geometry":{"type":"LineString","coordinates":[[39.0332037,45.0149665],[39.0332448,45.0145442]]}},{"type":"Feature","id":323000954,"properties":{"highway":"service","name":null},"geometry":{"type":"LineString","coordinates":[[39.0134437,45.021033],[39.0135427,45.020924],[39.0135871,45.0208801],[39.0137008,45.0208895],[39.0142684,45.020936],[39.0144031,45.0209328],[39.0144829,45.0209391]]}},{"type":"Feature","id":325205403,"properties":{"highway":"service","name":null},"geometry":{"type":"LineString","coordinates":[[39.0453243,45.0158916],[39.0453485,45.0159643],[39.0454969,45.0160182],[39.0456459,45.0162336]]}},{"type":"Feature","id":325205404,"properties":{"highway":"service","name":null},"geometry":{"type":"LineString","coordinates":[[39.0462931,45.0162838],[39.0466027,45.0162023],[39.0468452,45.0161649],[39.046946,45.0163552],[39.0470594,45.0166295],[39.0472892,45.0167928]]}},{"type":"Feature","id":325205405,"properties":{"highway":"service","name":null},"geometry":{"type":"LineString","coordinates":[[39.0453685,45.0162893],[39.0456459,45.0162336],[39.0459032,45.0161784]]}},{"type":"Feature","id":325205406,"properties":{"highway":"service","name":null},"geometry":{"type":"LineString","coordinates":[[39.0459032,45.0161784],[39.0459355,45.016241],[39.0459836,45.0163343]]}},{"type":"Feature","id":325205407,"properties":{"highway":"service","name":null},"geometry":{"type":"LineString","coordinates":[[39.0454207,45.0164399],[39.0453685,45.0162893]]}},{"type":"Feature","id":325205408,"properties":{"highway":"service","name":null},"geometry":{"type":"LineString","coordinates":[[39.0454969,45.0160182],[39.0460812,45.0158603]]}},{"type":"Feature","id":325906911,"properties":{"highway":"footway","name":null},"geometry":{"type":"LineString","coordinates":[[39.0077926,45.0202517],[39.0079099,45.0202624]]}},{"type":"Feature","id":328524701,"properties":{"highway":"service","name":null},"geometry":{"type":"LineString","coordinates":[[39.0167298,45.0361282],[39.0169625,45.0360765],[39.0171699,45.036106],[39.0173487,45.036198],[39.0174194,45.0363654],[39.0175445,45.036878]]}},{"type":"Feature","id":328524702,"properties":{"highway":"service","name":null},"geometry":{"type":"LineString","coordinates":[[39.0150757,45.0386426],[39.0151157,45.0387999],[39.0151807,45.0389682],[39.0153323,45.039106],[39.0153963,45.0391833],[39.0154623,45.0392629],[39.0155706,45.0394351],[39.0156193,45.0396608],[39.0156518,45.0398636]]}},{"type":"Feature","id":329263951,"properties":{"highway":"footway","name":null},"geometry":{"type":"LineString","coordinates":[[39.0518589,45.0329951],[39.0519863,45.0330069],[39.0521151,45.0330191],[39.0521421,45.0330219]]}},{"type":"Feature","id":329263952,"properties":{"highway":"footway","name":null},"geometry":{"type":"LineString","coordinates":[[39.0516538,45.0352379],[39.0515341,45.0352162],[39.0510912,45.035177],[39.0508263,45.0351435],[39.0506328,45.0351218],[39.0505798,45.0350492],[39.050955,45.0332985]]}},{"type":"Feature","id":330037382,"properties":{"highway":"footway","name":null},"geometry":{"type":"LineString","coordinates":[[39.0407754,45.0099218],[39.0407068,45.00997],[39.0406384,45.010012],[39.0406121,45.0100307],[39.0405481,45.0100763],[39.0397911,45.0105693],[39.0393527,45.0108449],[39.0389156,45.0111042],[39.0381832,45.0115717],[39.0372279,45.0121599],[39.0371658,45.0121995],[39.0371327,45.0122191],[39.0370825,45.0122475],[39.0368918,45.0123518],[39.0361937,45.0125531]]}},{"type":"Feature","id":330037389,"properties":{"highway":"footway","name":null},"geometry":{"type":"LineString","coordinates":[[39.0473267,45.0147604],[39.0468958,45.0146953],[39.0467409,45.0146697],[39.0466507,45.0146184],[39.0465472,45.014559],[39.0461783,45.0142859],[39.0454842,45.0137191],[39.0449245,45.0132792],[39.044772,45.0131593],[39.0442466,45.0127463],[39.043493,45.0121151],[39.0425238,45.0112626],[39.0410554,45.0101182],[39.0407754,45.0099218],[39.0393413,45.0087148],[39.036367,45.0063664],[39.0349917,45.0052419]]}},{"type":"Feature","id":330037397,"properties":{"highway":"footway","name":null},"geometry":{"type":"LineString","coordinates":[[39.0463268,45.0151992],[39.046436,45.0147948],[39.0458358,45.0143028],[39.0450256,45.0136682],[39.0440003,45.0128435],[39.0436109,45.0125211],[39.0423169,45.0114735],[39.040779,45.0102442],[39.0406518,45.010153],[39.0405481,45.0100763]]}},{"type":"Feature","id":330037437,"properties":{"highway":"footway","name":null},"geometry":{"type":"LineString","coordinates":[[39.0130162,45.0368965],[39.0130376,45.0368586],[39.0132804,45.0368046]]}},{"type":"Feature","id":330037440,"properties":{"highway":"footway","name":null},"geometry":{"type":"LineString","coordinates":[[39.0133045,45.0368652],[39.0130618,45.0369174],[39.0130162,45.0368965]]}},{"type":"Feature","id":330210221,"properties":{"highway":"service","name":null},"geometry":{"type":"LineString","coordinates":[[39.0181987,45.0189096],[39.0177078,45.0188766],[39.0175926,45.0196423],[39.0180615,45.0196792],[39.0180675,45.0196516]]}},{"type":"Feature","id":330210389,"properties":{"highway":"service","name":null},"geometry":{"type":"LineString","coordinates":[[39.0177078,45.0188766],[39.0174184,45.0188595],[39.0171309,45.0184732]]}},{"type":"Feature","id":331385078,"properties":{"highway":"service","name":null},"geometry":{"type":"LineString","coordinates":[[39.0157894,45.0352979],[39.0158547,45.0354089],[39.0158741,45.0354532],[39.0159516,45.0356262],[39.0159726,45.0356765]]}},{"type":"Feature","id":333954826,"properties":{"highway":"service","name":null},"geometry":{"type":"LineString","coordinates":[[39.00944,45.0187329],[39.0094664,45.0185423]]}},{"type":"Feature","id":341822972,"properties":{"highway":"footway","name":null},"geometry":{"type":"LineString","coordinates":[[39.0216255,45.0024813],[39.0215904,45.0024624],[39.0215755,45.0024529],[39.0215473,45.0024332],[39.0215089,45.0024064],[39.0214578,45.0023653],[39.0213926,45.0023192],[39.0220164,45.001923],[39.0222165,45.001801],[39.0226924,45.0014949],[39.0233546,45.0010689],[39.0233687,45.0010584],[39.023473,45.0009797],[39.0237412,45.0007897],[39.0242643,45.0004476],[39.0244304,45.0003515],[39.0248836,45.0000895],[39.0252592,44.9999365],[39.0261577,44.9993624],[39.0271807,44.9987168],[39.0277818,44.9983489],[39.0280748,44.9981462],[39.0284558,44.9978467],[39.0285978,44.997641],[39.0285239,44.9973198],[39.0284345,44.997122],[39.0284445,44.9969514],[39.0283238,44.9966221]]}},{"type":"Feature","id":341824161,"properties":{"highway":"footway","name":null},"geometry":{"type":"LineString","coordinates":[[39.023473,45.0009797],[39.0235033,45.0010107],[39.0235686,45.0010546],[39.0235705,45.0011192]]}},{"type":"Feature","id":342861719,"properties":{"highway":"path","name":null},"geometry":{"type":"LineString","coordinates":[[39.0363344,45.019081],[39.0363343,45.0192527],[39.036331,45.0194431]]}},{"type":"Feature","id":342862885,"properties":{"highway":"footway","name":null},"geometry":{"type":"LineString","coordinates":[[39.0376328,45.0196996],[39.0381481,45.0196919]]}},{"type":"Feature","id":342864970,"properties":{"highway":"steps","name":null},"geometry":{"type":"LineString","coordinates":[[39.0395539,45.0204962],[39.0395988,45.0205516]]}},{"type":"Feature","id":342864971,"properties":{"highway":"footway","name":null},"geometry":{"type":"LineString","coordinates":[[39.0411596,45.0201518],[39.0411921,45.0201928],[39.041129,45.0203455],[39.0408605,45.0204952],[39.0406745,45.0205989],[39.0399311,45.0210134],[39.0397999,45.0210908]]}},{"type":"Feature","id":342864972,"properties":{"highway":"footway","name":null},"geometry":{"type":"LineString","coordinates":[[39.0411921,45.0201928],[39.0412443,45.0201061]]}},{"type":"Feature","id":342864973,"properties":{"highway":"footway","name":null},"geometry":{"type":"LineString","coordinates":[[39.0406745,45.0205989],[39.0412781,45.0211124],[39.0413423,45.021174]]}},{"type":"Feature","id":342864974,"properties":{"highway":"path","name":null},"geometry":{"type":"LineString","coordinates":[[39.0412781,45.0211124],[39.0413007,45.0210451],[39.0412377,45.0208981],[39.0410781,45.0207682],[39.0409051,45.0205986]]}},{"type":"Feature","id":342864975,"properties":{"highway":"footway","name":null},"geometry":{"type":"LineString","coordinates":[[39.0408605,45.0204952],[39.0409051,45.0205986]]}},{"type":"Feature","id":342864976,"properties":{"highway":"service","name":null},"geometry":{"type":"LineString","coordinates":[[39.0404213,45.0217072],[39.0413423,45.021174]]}},{"type":"Feature","id":342866088,"properties":{"highway":"footway","name":null},"geometry":{"type":"LineString","coordinates":[[39.0376219,45.0171552],[39.0376631,45.0172488]]}},{"type":"Feature","id":342866089,"properties":{"highway":"footway","name":null},"geometry":{"type":"LineString","coordinates":[[39.0376885,45.0164463],[39.0373513,45.0165262]]}},{"type":"Feature","id":342866090,"properties":{"highway":"path","name":null},"geometry":{"type":"LineString","coordinates":[[39.0360127,45.015377],[39.0360688,45.0154258],[39.0361283,45.0154775],[39.0363181,45.0158967]]}},{"type":"Feature","id":342866091,"properties":{"highway":"footway","name":null},"geometry":{"type":"LineString","coordinates":[[39.0363181,45.0158967],[39.0363762,45.0160127]]}},{"type":"Feature","id":342866092,"properties":{"highway":"path","name":null},"geometry":{"type":"LineString","coordinates":[[39.0361971,45.0153807],[39.0363181,45.0155111],[39.0364683,45.0155968],[39.0365052,45.0156974],[39.0363181,45.0158967]]}},{"type":"Feature","id":342866093,"properties":{"highway":"path","name":null},"geometry":{"type":"LineString","coordinates":[[39.0364683,45.0155968],[39.036687,45.0156117],[39.0368134,45.0157815]]}},{"type":"Feature","id":342866094,"properties":{"highway":"path","name":null},"geometry":{"type":"LineString","coordinates":[[39.036687,45.0156117],[39.0367735,45.0154408],[39.036798,45.0153925]]}},{"type":"Feature","id":342866095,"properties":{"highway":"service","name":null},"geometry":{"type":"LineString","coordinates":[[39.0363181,45.0158967],[39.0368134,45.0157815],[39.0369797,45.0157432]]}},{"type":"Feature","id":342987794,"properties":{"highway":"footway","name":null},"geometry":{"type":"LineString","coordinates":[[39.0376207,45.0190005],[39.0377396,45.019075],[39.0379408,45.019113],[39.0381339,45.0191509]]}},{"type":"Feature","id":342987795,"properties":{"highway":"footway","name":null},"geometry":{"type":"LineString","coordinates":[[39.0380373,45.0189158],[39.0379408,45.019113],[39.0378113,45.019326]]}},{"type":"Feature","id":343007487,"properties":{"highway":"footway","name":null},"geometry":{"type":"LineString","coordinates":[[39.0377338,45.0179399],[39.0376474,45.0178929]]}},{"type":"Feature","id":343007488,"properties":{"highway":"pedestrian","name":null},"geometry":{"type":"LineString","coordinates":[[39.0371276,45.0180244],[39.0372798,45.0179931],[39.0373026,45.0179879],[39.0372973,45.0179718],[39.037595,45.0179163],[39.0376474,45.0178929],[39.037693,45.0178726],[39.0376438,45.0177532],[39.0376474,45.0176977],[39.0372628,45.0177816],[39.0371205,45.0178126],[39.0371276,45.0180244]]}},{"type":"Feature","id":343089826,"properties":{"highway":"footway","name":null},"geometry":{"type":"LineString","coordinates":[[39.0369674,45.0163621],[39.0367931,45.0164028],[39.0365334,45.016463],[39.0362037,45.0165378]]}},{"type":"Feature","id":343089827,"properties":{"highway":"service","name":null},"geometry":{"type":"LineString","coordinates":[[39.0374058,45.0185481],[39.0374199,45.0185892]]}},{"type":"Feature","id":343097773,"properties":{"highway":"service","name":null},"geometry":{"type":"LineString","coordinates":[[39.0507512,45.0346839],[39.0516117,45.034771]]}},{"type":"Feature","id":343097774,"properties":{"highway":"service","name":null},"geometry":{"type":"LineString","coordinates":[[39.0507798,45.0345448],[39.0516397,45.0346391]]}},{"type":"Feature","id":343097775,"properties":{"highway":"service","name":null},"geometry":{"type":"LineString","coordinates":[[39.0508093,45.0344009],[39.0516695,45.0344993]]}},{"type":"Feature","id":343097776,"properties":{"highway":"service","name":null},"geometry":{"type":"LineString","coordinates":[[39.0508392,45.0342551],[39.0517015,45.0343489]]}},{"type":"Feature","id":343097777,"properties":{"highway":"service","name":null},"geometry":{"type":"LineString","coordinates":[[39.0508664,45.0341225],[39.0517318,45.0342063]]}},{"type":"Feature","id":343097778,"properties":{"highway":"service","name":null},"geometry":{"type":"LineString","coordinates":[[39.0508968,45.0339746],[39.0517609,45.0340697]]}},{"type":"Feature","id":343097779,"properties":{"highway":"service","name":null},"geometry":{"type":"LineString","coordinates":[[39.0509835,45.0335516],[39.051853,45.0336371]]}},{"type":"Feature","id":343097780,"properties":{"highway":"service","name":null},"geometry":{"type":"LineString","coordinates":[[39.051044,45.0332569],[39.0519164,45.0333382]]}},{"type":"Feature","id":343097781,"properties":{"highway":"service","name":null},"geometry":{"type":"LineString","coordinates":[[39.0510767,45.0331105],[39.0519488,45.0331846]]}},{"type":"Feature","id":343097782,"properties":{"highway":"service","name":null},"geometry":{"type":"LineString","coordinates":[[39.0506862,45.0332075],[39.0507583,45.0329184]]}},{"type":"Feature","id":343097783,"properties":{"highway":"service","name":null},"geometry":{"type":"LineString","coordinates":[[39.0505092,45.0331612],[39.0505853,45.0328967]]}},{"type":"Feature","id":343097784,"properties":{"highway":"service","name":null},"geometry":{"type":"LineString","coordinates":[[39.0503176,45.0330922],[39.0503787,45.0328777]]}},{"type":"Feature","id":343097785,"properties":{"highway":"service","name":null},"geometry":{"type":"LineString","coordinates":[[39.050191,45.0330275],[39.0502366,45.0328663]]}},{"type":"Feature","id":343097786,"properties":{"highway":"service","name":null},"geometry":{"type":"LineString","coordinates":[[39.0510897,45.0329742],[39.0519755,45.0330583]]}},{"type":"Feature","id":343097787,"properties":{"highway":"service","name":null},"geometry":{"type":"LineString","coordinates":[[39.0499922,45.032943],[39.0500542,45.0328417]]}},{"type":"Feature","id":343097790,"properties":{"highway":"service","name":null},"geometry":{"type":"LineString","coordinates":[[39.0509769,45.0357038],[39.0510921,45.035716]]}},{"type":"Feature","id":343097791,"properties":{"highway":"service","name":null},"geometry":{"type":"LineString","coordinates":[[39.052821,45.0360901],[39.0529612,45.0353844]]}},{"type":"Feature","id":343564995,"properties":{"highway":"footway","name":null},"geometry":{"type":"LineString","coordinates":[[39.0319929,45.0199069],[39.0321082,45.0197193]]}},{"type":"Feature","id":343564996,"properties":{"highway":"footway","name":null},"geometry":{"type":"LineString","coordinates":[[39.032166,45.0196542],[39.0321787,45.0196689],[39.0321815,45.0196859],[39.0321738,45.0197021],[39.0321565,45.0197149],[39.0321331,45.019721],[39.0321082,45.0197193],[39.0320874,45.0197105],[39.0320738,45.0196964],[39.03207,45.0196794],[39.0320766,45.0196629],[39.0320944,45.019649],[39.0321194,45.0196425],[39.0321457,45.0196448],[39.032166,45.0196542]]}},{"type":"Feature","id":343564997,"properties":{"highway":"footway","name":null},"geometry":{"type":"LineString","coordinates":[[39.0321738,45.0197021],[39.0324296,45.0198259],[39.0324485,45.0198931]]}},{"type":"Feature","id":343564998,"properties":{"highway":"footway","name":null},"geometry":{"type":"LineString","coordinates":[[39.0320766,45.0196629],[39.0318277,45.0195889]]}},{"type":"Feature","id":343564999,"properties":{"highway":"footway","name":null},"geometry":{"type":"LineString","coordinates":[[39.0321457,45.0196448],[39.0322773,45.0194892]]}},{"type":"Feature","id":343565001,"properties":{"highway":"footway","name":null},"geometry":{"type":"LineString","coordinates":[[39.0306738,45.0209892],[39.0310185,45.0210995],[39.0310807,45.0212229]]}},{"type":"Feature","id":343565002,"properties":{"highway":"service","name":null},"geometry":{"type":"LineString","coordinates":[[39.0307901,45.0207323],[39.0308576,45.0208688],[39.0306054,45.0209257]]}},{"type":"Feature","id":343565003,"properties":{"highway":"service","name":null},"geometry":{"type":"LineString","coordinates":[[39.0291262,45.0209892],[39.0295915,45.0209172],[39.0300643,45.0208847]]}},{"type":"Feature","id":343565004,"properties":{"highway":"service","name":null},"geometry":{"type":"LineString","coordinates":[[39.0300643,45.0208847],[39.0306177,45.0207685],[39.0307901,45.0207323],[39.0308541,45.0207188],[39.0312805,45.0206321],[39.0317646,45.0205289],[39.0317665,45.0205265],[39.031641,45.0201919]]}},{"type":"Feature","id":343565005,"properties":{"highway":"footway","name":null},"geometry":{"type":"LineString","coordinates":[[39.0292022,45.0194782],[39.0292134,45.0195],[39.0292893,45.0196851],[39.0293377,45.0197621],[39.0296696,45.0206045]]}},{"type":"Feature","id":343565008,"properties":{"highway":"pedestrian","name":null},"geometry":{"type":"LineString","coordinates":[[39.0295164,45.0208442],[39.0295835,45.0208319],[39.0296935,45.0208812],[39.0298692,45.0208669],[39.0298562,45.0208336],[39.0297641,45.0206186],[39.0297501,45.0205876],[39.0296696,45.0206045],[39.0296058,45.0206179],[39.0295835,45.0206764],[39.0296143,45.0207352],[39.0295647,45.0207902],[39.029499,45.0208006],[39.0295044,45.0208205],[39.0295164,45.0208442]]}},{"type":"Feature","id":343565012,"properties":{"highway":"service","name":null},"geometry":{"type":"LineString","coordinates":[[39.032719,45.0188771],[39.0327338,45.0189018],[39.0327861,45.0190231],[39.0329058,45.0193057]]}},{"type":"Feature","id":343565013,"properties":{"highway":"service","name":null},"geometry":{"type":"LineString","coordinates":[[39.0325696,45.0191085],[39.0325374,45.019116]]}},{"type":"Feature","id":343565018,"properties":{"highway":"service","name":null},"geometry":{"type":"LineString","coordinates":[[39.031641,45.0201919],[39.0316339,45.0201109],[39.0316763,45.0200554]]}},{"type":"Feature","id":343565022,"properties":{"highway":"footway","name":null},"geometry":{"type":"LineString","coordinates":[[39.0316376,45.0239689],[39.031648,45.0239925]]}},{"type":"Feature","id":345998476,"properties":{"highway":"path","name":null},"geometry":{"type":"LineString","coordinates":[[39.0173452,45.0387644],[39.0173285,45.0389829],[39.0173043,45.039307],[39.0169422,45.0393316],[39.0168618,45.0394169],[39.0168537,45.0396367],[39.0168805,45.0398642],[39.0169073,45.0400651],[39.0168591,45.040139],[39.0168859,45.0402527],[39.0169288,45.0403854],[39.0169315,45.0405882],[39.0169985,45.0407455],[39.0170629,45.0409331],[39.0171085,45.0411226],[39.0170267,45.0413292]]}},{"type":"Feature","id":347194379,"properties":{"highway":"footway","name":null},"geometry":{"type":"LineString","coordinates":[[39.0193196,45.0385051],[39.0202277,45.0382875]]}},{"type":"Feature","id":348762936,"properties":{"highway":"service","name":null},"geometry":{"type":"LineString","coordinates":[[39.0209268,45.0045812],[39.0208411,45.00492],[39.0206893,45.004901],[39.020623,45.0049917],[39.0196393,45.0048701]]}},{"type":"Feature","id":348763692,"properties":{"highway":"service","name":null},"geometry":{"type":"LineString","coordinates":[[39.0222439,45.0323014],[39.0219566,45.0326712],[39.0216667,45.0327701],[39.0215495,45.0329289],[39.021188,45.0327931]]}},{"type":"Feature","id":352689996,"properties":{"highway":"service","name":null},"geometry":{"type":"LineString","coordinates":[[39.0435906,45.0364902],[39.0436582,45.0363097],[39.0437231,45.0361364],[39.0439373,45.035897],[39.0441388,45.0358336],[39.0442687,45.0357927],[39.0443573,45.0357648],[39.0446687,45.0355628],[39.0448967,45.0352256],[39.0449905,45.0346814]]}},{"type":"Feature","id":366772481,"properties":{"highway":"service","name":null},"geometry":{"type":"LineString","coordinates":[[39.0247497,45.0356401],[39.0249625,45.0353934]]}},{"type":"Feature","id":366772482,"properties":{"highway":"service","name":null},"geometry":{"type":"LineString","coordinates":[[39.0225052,45.0358882],[39.0233616,45.0360839]]}},{"type":"Feature","id":366772483,"properties":{"highway":"service","name":null},"geometry":{"type":"LineString","coordinates":[[39.0271859,45.0353982],[39.027653,45.0355065],[39.0277518,45.0355266]]}},{"type":"Feature","id":368797848,"properties":{"highway":"service","name":null},"geometry":{"type":"LineString","coordinates":[[39.0097142,45.0239856],[39.0098709,45.0236377],[39.0099548,45.0235804],[39.0100633,45.0235387],[39.0106159,45.023602],[39.0109753,45.0235695],[39.011181,45.0236106],[39.0123503,45.0238098],[39.0125456,45.0238185],[39.0127929,45.0238282],[39.0131819,45.0239154]]}},{"type":"Feature","id":370680466,"properties":{"highway":"residential","name":"Кузнечная улица"},"geometry":{"type":"LineString","coordinates":[[39.0127632,45.0310932],[39.012138,45.0311944],[39.011187,45.0313382],[39.0103025,45.0314758],[39.0093563,45.0316135],[39.0085254,45.0317544],[39.0076447,45.0318928]]}},{"type":"Feature","id":370680467,"properties":{"highway":"service","name":null},"geometry":{"type":"LineString","coordinates":[[39.0090535,45.0304147],[39.009169,45.0303146],[39.0094284,45.0302485]]}},{"type":"Feature","id":370686519,"properties":{"highway":"service","name":null},"geometry":{"type":"LineString","coordinates":[[39.0184611,45.0317659],[39.0181987,45.0316672],[39.0179592,45.0314656],[39.016864,45.0309557],[39.0165189,45.0308731],[39.0159314,45.0308307],[39.0149903,45.0304982],[39.014206,45.030214],[39.014571,45.0297484],[39.0137982,45.029446],[39.0127003,45.029029],[39.0127427,45.0289769],[39.0126973,45.0288917],[39.0126203,45.0288272],[39.0120499,45.0285995],[39.0104728,45.0279565],[39.0090382,45.0274102],[39.0088648,45.0273467],[39.0085964,45.0273315],[39.0084675,45.0273068],[39.0076669,45.0269676],[39.0074646,45.0269751],[39.0063979,45.0269327],[39.0060585,45.026832],[39.0058247,45.0266808],[39.0055423,45.026322]]}},{"type":"Feature","id":370686520,"properties":{"highway":"service","name":null},"geometry":{"type":"LineString","coordinates":[[39.0123494,45.0295321],[39.0118275,45.0294031],[39.0113198,45.0292157]]}},{"type":"Feature","id":370686521,"properties":{"highway":"service","name":null},"geometry":{"type":"LineString","coordinates":[[39.0127003,45.029029],[39.0125804,45.0291653],[39.0123494,45.0295321],[39.012452,45.0296752],[39.0124292,45.0297962],[39.0119957,45.0303101],[39.0113398,45.0300743]]}},{"type":"Feature","id":371080354,"properties":{"highway":"primary","name":"Ялтинская улица"},"geometry":{"type":"LineString","coordinates":[[39.0283896,45.0274492],[39.0282479,45.0273183]]}},{"type":"Feature","id":371698607,"properties":{"highway":"primary","name":"Северная улица"},"geometry":{"type":"LineString","coordinates":[[39.0220325,45.0339567],[39.0212768,45.0341061]]}},{"type":"Feature","id":371698608,"properties":{"highway":"primary","name":"Северная улица"},"geometry":{"type":"LineString","coordinates":[[39.0212768,45.0341061],[39.0207945,45.0342033]]}},{"type":"Feature","id":371698609,"properties":{"highway":"primary","name":"Северная улица"},"geometry":{"type":"LineString","coordinates":[[39.0160526,45.0342602],[39.0162254,45.0342754]]}},{"type":"Feature","id":371698610,"properties":{"highway":"primary","name":"Северная улица"},"geometry":{"type":"LineString","coordinates":[[39.0118996,45.0345622],[39.0115838,45.0346133]]}},{"type":"Feature","id":371698612,"properties":{"highway":"primary","name":null},"geometry":{"type":"LineString","coordinates":[[39.0282375,45.0270329],[39.028287,45.0270141]]}},{"type":"Feature","id":372479864,"properties":{"highway":"primary","name":"Северная улица"},"geometry":{"type":"LineString","coordinates":[[39.0242961,45.0331404],[39.02589,45.0324289]]}},{"type":"Feature","id":372479865,"properties":{"highway":"primary","name":"Северная улица"},"geometry":{"type":"LineString","coordinates":[[39.0244918,45.0332237],[39.0238421,45.03351],[39.0233825,45.033665],[39.0230153,45.0337596]]}},{"type":"Feature","id":372479866,"properties":{"highway":"primary","name":"Ставропольская улица"},"geometry":{"type":"LineString","coordinates":[[39.046563,45.0153707],[39.0465413,45.0153434],[39.0465052,45.015285],[39.046487,45.015237],[39.0464721,45.015186]]}},{"type":"Feature","id":372479867,"properties":{"highway":"tertiary","name":"Таманская улица"},"geometry":{"type":"LineString","coordinates":[[39.0144423,45.0212091],[39.0144459,45.0211774],[39.0144551,45.0211221]]}},{"type":"Feature","id":372479869,"properties":{"highway":"primary","name":"Ставропольская улица"},"geometry":{"type":"LineString","coordinates":[[39.0511584,45.0133801],[39.0511356,45.0133531],[39.0510685,45.0132743]]}},{"type":"Feature","id":372479873,"properties":{"highway":"secondary","name":"улица Шевченко"},"geometry":{"type":"LineString","coordinates":[[39.0095339,45.0229461],[39.0094707,45.0230943],[39.0093444,45.0232572],[39.0092609,45.0233751],[39.0088869,45.0238655],[39.0087786,45.0240118],[39.0086229,45.0242184],[39.0084757,45.0244214],[39.0082864,45.0246752],[39.0080238,45.0250264]]}},{"type":"Feature","id":372560675,"properties":{"highway":"residential","name":"Черниговская улица"},"geometry":{"type":"LineString","coordinates":[[39.0193447,45.0410687],[39.0191477,45.0408558],[39.0190379,45.040739],[39.019002,45.0400863],[39.0189548,45.0392289],[39.0189456,45.0390623],[39.0189041,45.0385585],[39.018878,45.0383979]]}},{"type":"Feature","id":373220061,"properties":{"highway":"footway","name":null},"geometry":{"type":"LineString","coordinates":[[39.0059721,45.0133531],[39.0059107,45.0132257],[39.005877,45.0131373]]}},{"type":"Feature","id":373220062,"properties":{"highway":"footway","name":null},"geometry":{"type":"LineString","coordinates":[[39.0072382,45.0128711],[39.0071671,45.0127986],[39.0071119,45.0127333]]}},{"type":"Feature","id":373220063,"properties":{"highway":"footway","name":null},"geometry":{"type":"LineString","coordinates":[[39.0076466,45.0126832],[39.0075515,45.0125935],[39.0074876,45.0125396]]}},{"type":"Feature","id":373220066,"properties":{"highway":"footway","name":null},"geometry":{"type":"LineString","coordinates":[[38.9956171,45.0161352],[38.9962677,45.0160063],[38.9967695,45.0159039],[38.9977137,45.0157454],[38.9978182,45.0157339],[38.9978944,45.0157193],[38.9979747,45.0157018],[38.998096,45.0156743],[38.999916,45.0152081],[39.0000019,45.015183],[39.0000819,45.0151661],[39.0029352,45.0143074],[39.0030655,45.0142697],[39.0031791,45.0142311],[39.0053976,45.0135356],[39.0059721,45.0133531],[39.0067442,45.0130371],[39.0072382,45.0128711],[39.0073281,45.0128432],[39.0073995,45.0128079],[39.0075279,45.0127576],[39.0076466,45.0126832],[39.0077905,45.0126023],[39.0094896,45.011523],[39.0101093,45.0113235],[39.0103094,45.0113207],[39.0111542,45.0113715],[39.011411,45.0113859],[39.011588,45.011399],[39.0124985,45.0114664],[39.0125541,45.011471],[39.0125864,45.0114726],[39.0126275,45.0114761]]}},{"type":"Feature","id":373220068,"properties":{"highway":"footway","name":null},"geometry":{"type":"LineString","coordinates":[[38.9969899,45.0156925],[38.9970458,45.0156825],[38.9976413,45.0155511],[38.9980208,45.0154663],[39.0000377,45.0149611],[39.0007216,45.0147732],[39.0028337,45.0141477],[39.0030023,45.0140978],[39.0030711,45.0140747],[39.005877,45.0131373],[39.0059549,45.0131007],[39.0070677,45.0127495],[39.0071119,45.0127333],[39.0073296,45.0126502],[39.0074876,45.0125396],[39.0095877,45.0112193],[39.0098548,45.0111366],[39.0100988,45.0111291],[39.0116113,45.0112678],[39.0119498,45.0112868],[39.0120632,45.0112467],[39.0121609,45.011163],[39.0122482,45.011202],[39.0123037,45.0112263],[39.0122856,45.0113121],[39.0125133,45.0113343],[39.0125731,45.0113397],[39.0126048,45.0113426],[39.012644,45.0113466]]}},{"type":"Feature","id":373220069,"properties":{"highway":"footway","name":null},"geometry":{"type":"LineString","coordinates":[[39.0116113,45.0112678],[39.011601,45.0113267],[39.011588,45.011399]]}},{"type":"Feature","id":373220070,"properties":{"highway":"footway","name":null},"geometry":{"type":"LineString","coordinates":[[39.0124985,45.0114664],[39.0125041,45.0114037],[39.0125133,45.0113343]]}},{"type":"Feature","id":373220071,"properties":{"highway":"footway","name":null},"geometry":{"type":"LineString","coordinates":[[39.0111542,45.0113715],[39.0109363,45.0130393]]}},{"type":"Feature","id":374057240,"properties":{"highway":"service","name":null},"geometry":{"type":"LineString","coordinates":[[39.0094874,45.0269221],[39.0093148,45.0271106],[39.0092659,45.027164],[39.0092159,45.0272172],[39.0090382,45.0274102],[39.0088602,45.0275759],[39.008089,45.0285289]]}},{"type":"Feature","id":376528103,"properties":{"highway":"primary","name":"Ставропольская улица"},"geometry":{"type":"LineString","coordinates":[[39.0510107,45.0135495],[39.0508246,45.0136306],[39.049733,45.0141053],[39.0493273,45.0142772],[39.0489978,45.0144237]]}},{"type":"Feature","id":376642141,"properties":{"highway":"footway","name":null},"geometry":{"type":"LineString","coordinates":[[39.0462292,45.0193639],[39.0464025,45.0193372],[39.0469508,45.0194702],[39.0469133,45.0195276],[39.04687,45.0195859]]}},{"type":"Feature","id":378004775,"properties":{"highway":"residential","name":null},"geometry":{"type":"LineString","coordinates":[[39.0155196,45.0017698],[39.0145647,45.0006508]]}},{"type":"Feature","id":378004778,"properties":{"highway":"residential","name":null},"geometry":{"type":"LineString","coordinates":[[39.0138177,45.0024758],[39.0134902,45.0023412],[39.0134456,45.0023117],[39.0134195,45.0022705],[39.0134184,45.0022158],[39.0134422,45.0021596],[39.0135273,45.0020454],[39.013626,45.0019681],[39.0137439,45.0018853],[39.0140122,45.0016731],[39.0142885,45.0014796],[39.0143775,45.0013467],[39.014377,45.0012729],[39.0143448,45.0010245],[39.0145647,45.0006508],[39.0146759,45.0004118],[39.0147817,45.0002482],[39.0149129,44.9999315],[39.0151227,44.9995802],[39.0153602,44.9992194],[39.0157138,44.9990357],[39.0158693,44.9989578]]}},{"type":"Feature","id":388812752,"properties":{"highway":"unclassified","name":null},"geometry":{"type":"LineString","coordinates":[[39.0296244,45.0367645],[39.0296054,45.0369397],[39.0295997,45.0389171]]}},{"type":"Feature","id":388812755,"properties":{"highway":"service","name":null},"geometry":{"type":"LineString","coordinates":[[39.0296641,45.0369433],[39.029664,45.037012],[39.0296634,45.0375992],[39.0296585,45.0388666]]}},{"type":"Feature","id":397909728,"properties":{"highway":"footway","name":null},"geometry":{"type":"LineString","coordinates":[[39.0188541,45.0385612],[39.0189041,45.0385585],[39.0189737,45.0385547]]}},{"type":"Feature","id":397909729,"properties":{"highway":"footway","name":null},"geometry":{"type":"LineString","coordinates":[[39.0193283,45.0386465],[39.0193565,45.0386153],[39.0193842,45.0385846]]}},{"type":"Feature","id":397910846,"properties":{"highway":"footway","name":null},"geometry":{"type":"LineString","coordinates":[[39.0192841,45.0384305],[39.0191737,45.0384561],[39.0189402,45.0383406],[39.0189075,45.0382862],[39.018667,45.0375602],[39.018711,45.0373711],[39.0187207,45.037283],[39.0186838,45.0371824],[39.0186726,45.0371155],[39.0190095,45.0369698],[39.019022,45.0369455],[39.0193046,45.0364898],[39.0193546,45.0364092],[39.0195441,45.0359873],[39.0197247,45.0359811],[39.0198319,45.035779]]}},{"type":"Feature","id":397910847,"properties":{"highway":"footway","name":null},"geometry":{"type":"LineString","coordinates":[[39.019556,45.0357137],[39.0195069,45.0358875],[39.0194919,45.0359824],[39.019304,45.0364026],[39.0189474,45.0369328],[39.0185954,45.0369836]]}},{"type":"Feature","id":397910848,"properties":{"highway":"footway","name":null},"geometry":{"type":"LineString","coordinates":[[39.0184593,45.0370298],[39.0185406,45.0370366],[39.0185654,45.0371092],[39.018592,45.0372008],[39.0186338,45.0373044],[39.0186365,45.0373612],[39.0185992,45.0375203],[39.0185989,45.037572],[39.0188541,45.0385612]]}},{"type":"Feature","id":399430917,"properties":{"highway":"footway","name":null},"geometry":{"type":"LineString","coordinates":[[39.021466,45.0395974],[39.0214259,45.0395747],[39.0205966,45.0391897],[39.0193842,45.0385846],[39.0193222,45.0385506],[39.0193196,45.0385051],[39.0193014,45.0384634],[39.0192841,45.0384305]]}},{"type":"Feature","id":399431104,"properties":{"highway":"service","name":null},"geometry":{"type":"LineString","coordinates":[[39.020379,45.0369442],[39.0203689,45.0369796],[39.0190237,45.0372993],[39.018711,45.0373711],[39.0186766,45.037379]]}},{"type":"Feature","id":401149128,"properties":{"highway":"service","name":null},"geometry":{"type":"LineString","coordinates":[[39.0322971,45.0169335],[39.0321491,45.0169666],[39.031055,45.0172014],[39.0310845,45.0172763],[39.0299499,45.0175086],[39.029679,45.0168412],[39.0308082,45.0165909],[39.031055,45.0172014]]}},{"type":"Feature","id":402322046,"properties":{"highway":"service","name":null},"geometry":{"type":"LineString","coordinates":[[39.0084757,45.0244214],[39.0086257,45.0244727],[39.009222,45.0246861],[39.0105787,45.0251672],[39.0111905,45.0253842]]}},{"type":"Feature","id":402322138,"properties":{"highway":"service","name":null},"geometry":{"type":"LineString","coordinates":[[39.0290467,45.0046233],[39.0280509,45.0038667],[39.0277398,45.0034836],[39.0276333,45.003394],[39.0275466,45.0033053],[39.0274608,45.0029829],[39.0275306,45.0026985],[39.027257,45.0024443]]}},{"type":"Feature","id":402322139,"properties":{"highway":"service","name":null},"geometry":{"type":"LineString","coordinates":[[39.0280509,45.0038667],[39.0289468,45.0032864],[39.0288395,45.0032067],[39.0291131,45.0030247]]}},{"type":"Feature","id":402322215,"properties":{"highway":"tertiary","name":null},"geometry":{"type":"LineString","coordinates":[[39.0286759,44.9977259],[39.0287798,44.9978837],[39.0289221,44.9982239],[39.0289846,44.9985152],[39.0290398,44.9988085],[39.0290928,44.9992871],[39.0292457,45.0006678],[39.0293197,45.000945],[39.0294956,45.0012427],[39.0316276,45.0029543]]}},{"type":"Feature","id":402322732,"properties":{"highway":"service","name":null},"geometry":{"type":"LineString","coordinates":[[39.0441697,45.0097825],[39.0431893,45.0093439],[39.0437847,45.0089381],[39.0434575,45.0088244],[39.0433341,45.0089002],[39.042744,45.0084906],[39.0426421,45.0082555]]}},{"type":"Feature","id":402322733,"properties":{"highway":"service","name":null},"geometry":{"type":"LineString","coordinates":[[39.0409805,45.0075326],[39.0411937,45.0077624],[39.0408933,45.0079672],[39.0410811,45.0081227]]}},{"type":"Feature","id":402322734,"properties":{"highway":"service","name":null},"geometry":{"type":"LineString","coordinates":[[39.0409699,45.0101759],[39.0410554,45.0101182],[39.0418106,45.0096549],[39.0417302,45.0095943],[39.0420145,45.009416],[39.0428835,45.0100607],[39.0425885,45.010258],[39.0418106,45.0096549]]}},{"type":"Feature","id":402322995,"properties":{"highway":"service","name":null},"geometry":{"type":"LineString","coordinates":[[39.0459118,45.0385148],[39.0456971,45.0383898],[39.0455765,45.0383025],[39.045496,45.0382287],[39.0454638,45.0378117]]}},{"type":"Feature","id":403086100,"properties":{"highway":"service","name":null},"geometry":{"type":"LineString","coordinates":[[39.0336245,45.0157098],[39.034661,45.0157143]]}},{"type":"Feature","id":405267319,"properties":{"highway":"service","name":null},"geometry":{"type":"LineString","coordinates":[[39.0468531,45.0323618],[39.0468408,45.0324336],[39.046824,45.0325311],[39.0468014,45.0326628],[39.0467362,45.0330349],[39.0467082,45.033195]]}},{"type":"Feature","id":412637919,"properties":{"highway":"service","name":null},"geometry":{"type":"LineString","coordinates":[[39.0469941,45.0335389],[39.0466569,45.0335092],[39.046454,45.0334902],[39.0463958,45.0334558],[39.0462309,45.0334369],[39.0460238,45.0334158],[39.0458228,45.0333969],[39.0456465,45.0333796],[39.0456926,45.0331409],[39.0457,45.033102],[39.0457986,45.0325851],[39.046319,45.0326254],[39.0468014,45.0326628]]}},{"type":"Feature","id":414816080,"properties":{"highway":"service","name":null},"geometry":{"type":"LineString","coordinates":[[39.0222185,45.0045401],[39.0213347,45.004645]]}},{"type":"Feature","id":419642699,"properties":{"highway":"service","name":null},"geometry":{"type":"LineString","coordinates":[[39.0496327,45.0266826],[39.0496346,45.0262871],[39.0496685,45.0262536],[39.0500097,45.0262509],[39.0501499,45.0262498],[39.0512357,45.026249]]}},{"type":"Feature","id":419642702,"properties":{"highway":"path","name":null},"geometry":{"type":"LineString","coordinates":[[39.0493106,45.03066],[39.0493387,45.0305878],[39.0494241,45.0305868],[39.0499007,45.0305843]]}},{"type":"Feature","id":419642706,"properties":{"highway":"service","name":null},"geometry":{"type":"LineString","coordinates":[[39.0494677,45.03066],[39.0499007,45.0305843],[39.050176,45.0305862]]}},{"type":"Feature","id":421731935,"properties":{"highway":"service","name":null},"geometry":{"type":"LineString","coordinates":[[39.0050062,45.0059724],[39.0049974,45.005905],[39.0049732,45.0057202],[39.0050661,45.0057151],[39.0050174,45.0049486],[39.0042979,45.0049914],[39.0043775,45.0057451],[39.0049732,45.0057202]]}},{"type":"Feature","id":421731938,"properties":{"highway":"service","name":null},"geometry":{"type":"LineString","coordinates":[[39.0056009,45.0059296],[39.0055988,45.0058672],[39.0055867,45.005508],[39.0055713,45.0050507]]}},{"type":"Feature","id":421731939,"properties":{"highway":"service","name":null},"geometry":{"type":"LineString","coordinates":[[39.0059095,45.0059054],[39.0061212,45.0066949],[39.0060474,45.0067679],[39.0061238,45.0070458],[39.0060206,45.0072003],[39.00581,45.0072866],[39.0055659,45.0072923],[39.0053205,45.0071889]]}},{"type":"Feature","id":421731941,"properties":{"highway":"service","name":null},"geometry":{"type":"LineString","coordinates":[[39.004745,45.0059957],[39.004757,45.0060696],[39.0048055,45.0062825],[39.0053661,45.0062492],[39.0054774,45.0066001],[39.0053768,45.0066599],[39.0049034,45.0067386],[39.0046647,45.0067262],[39.0046218,45.0063631],[39.0046714,45.0062929],[39.0048055,45.0062825]]}},{"type":"Feature","id":421731943,"properties":{"highway":"service","name":null},"geometry":{"type":"LineString","coordinates":[[39.0067884,45.0058147],[39.0068544,45.0059684],[39.0071124,45.0065691],[39.0071824,45.0067322],[39.0073429,45.0070818],[39.007573,45.0070024],[39.0077801,45.0069311],[39.0079424,45.0068638],[39.008444,45.0067073],[39.0087872,45.0066114],[39.0094028,45.0063754],[39.0089965,45.005907]]}},{"type":"Feature","id":421732184,"properties":{"highway":"service","name":null},"geometry":{"type":"LineString","coordinates":[[39.0099244,45.0056567],[39.0099137,45.0055721],[39.0099044,45.0054993],[39.0095248,45.005178],[39.0094471,45.0050964],[39.0092513,45.0047806],[39.0095893,45.004626],[39.0099406,45.0049901],[39.0095248,45.005178]]}},{"type":"Feature","id":421889502,"properties":{"highway":"service","name":null},"geometry":{"type":"LineString","coordinates":[[39.019862,45.0043639],[39.020878,45.0044532],[39.0210115,45.0044919]]}},{"type":"Feature","id":424591200,"properties":{"highway":"tertiary","name":"улица Димитрова"},"geometry":{"type":"LineString","coordinates":[[39.0284833,45.019441],[39.0285111,45.0195043]]}},{"type":"Feature","id":424591201,"properties":{"highway":"primary","name":null},"geometry":{"type":"LineString","coordinates":[[39.0472692,45.014888],[39.0473467,45.0149298],[39.0473893,45.0149664],[39.047404,45.0149801]]}},{"type":"Feature","id":424600665,"properties":{"highway":"tertiary","name":"улица Айвазовского"},"geometry":{"type":"LineString","coordinates":[[39.0329508,45.0184434],[39.0329279,45.0183914]]}},{"type":"Feature","id":426394198,"properties":{"highway":"secondary","name":null},"geometry":{"type":"LineString","coordinates":[[39.056096,45.0339456],[39.0561946,45.0339324],[39.0563221,45.033967],[39.0564378,45.033978]]}},{"type":"Feature","id":426394206,"properties":{"highway":"service","name":null},"geometry":{"type":"LineString","coordinates":[[39.0445945,45.0273398],[39.0446358,45.0273616],[39.0453531,45.0273693],[39.0479,45.0273967]]}},{"type":"Feature","id":426394208,"properties":{"highway":"service","name":null},"geometry":{"type":"LineString","coordinates":[[39.0444279,45.0273006],[39.0444649,45.0272905],[39.0445046,45.0272898],[39.0445422,45.0272987],[39.0445734,45.027316],[39.0445945,45.0273398],[39.0446029,45.0273672],[39.0445977,45.027395],[39.0445794,45.02742],[39.0445504,45.0274391],[39.0445138,45.0274501],[39.0444778,45.0274519],[39.0444426,45.0274458],[39.0444119,45.0274323],[39.0443886,45.0274128],[39.0443749,45.0273891],[39.0443723,45.0273636],[39.044381,45.0273388],[39.0444002,45.0273171],[39.0444279,45.0273006]]}},{"type":"Feature","id":426394210,"properties":{"highway":"service","name":null},"geometry":{"type":"LineString","coordinates":[[39.0444348,45.0275671],[39.0444584,45.0290414],[39.0444627,45.0293124],[39.0444888,45.0308697],[39.0445049,45.0318336],[39.0445082,45.0320062],[39.0444898,45.0321176]]}},{"type":"Feature","id":426394212,"properties":{"highway":"service","name":null},"geometry":{"type":"LineString","coordinates":[[39.0444182,45.0270386],[39.0444689,45.0271514],[39.0445202,45.0272413],[39.0445734,45.027316]]}},{"type":"Feature","id":426394214,"properties":{"highway":"service","name":null},"geometry":{"type":"LineString","coordinates":[[39.0443723,45.0273636],[39.0443895,45.0272595],[39.0444182,45.0270386]]}},{"type":"Feature","id":426394216,"properties":{"highway":"service","name":null},"geometry":{"type":"LineString","coordinates":[[39.0446029,45.0273672],[39.0446116,45.0274512],[39.044616,45.0274938],[39.0446312,45.0281729],[39.04463,45.0284056],[39.0445599,45.0284667],[39.0445541,45.028673],[39.04463,45.0287613],[39.0446171,45.0291911],[39.0445471,45.0293669],[39.0445589,45.0301281],[39.044634,45.0302285],[39.044626,45.0305963],[39.0445697,45.0307384],[39.0445713,45.0308708],[39.0445723,45.0309489],[39.0446421,45.0310455],[39.0446373,45.0318351]]}},{"type":"Feature","id":426394219,"properties":{"highway":"service","name":null},"geometry":{"type":"LineString","coordinates":[[39.0444348,45.0275671],[39.044406,45.0274779],[39.0443749,45.0273891]]}},{"type":"Feature","id":426394221,"properties":{"highway":"service","name":null},"geometry":{"type":"LineString","coordinates":[[39.0445138,45.0274501],[39.0444561,45.0275042],[39.0444348,45.0275671]]}},{"type":"Feature","id":439666069,"properties":{"highway":"primary","name":"Северная улица"},"geometry":{"type":"LineString","coordinates":[[39.0154445,45.0342134],[39.0158523,45.0342442]]}},{"type":"Feature","id":439666070,"properties":{"highway":"primary","name":"Северная улица"},"geometry":{"type":"LineString","coordinates":[[39.0162254,45.0342754],[39.0167588,45.0343215]]}},{"type":"Feature","id":443166135,"properties":{"highway":"tertiary","name":"Тихорецкая улица"},"geometry":{"type":"LineString","coordinates":[[39.029463,45.0357477],[39.0292609,45.0356601],[39.0291818,45.0356272],[39.0289956,45.0355386]]}},{"type":"Feature","id":443166136,"properties":{"highway":"tertiary","name":null},"geometry":{"type":"LineString","coordinates":[[39.0381006,45.0413847],[39.0374602,45.0409666],[39.0374216,45.0409414],[39.0372299,45.0408156],[39.0367287,45.0404854],[39.0360295,45.0400463],[39.0334702,45.0384211],[39.0328235,45.0380105],[39.0311845,45.037026],[39.0303523,45.0365262],[39.0294605,45.03597],[39.0293051,45.0358819],[39.0290628,45.0357642]]}},{"type":"Feature","id":443192459,"properties":{"highway":"secondary","name":"Восточно-Кругликовская улица"},"geometry":{"type":"LineString","coordinates":[[39.0274897,45.0389822],[39.0274716,45.0391938]]}},{"type":"Feature","id":443192460,"properties":{"highway":"secondary","name":"Восточно-Кругликовская улица"},"geometry":{"type":"LineString","coordinates":[[39.0277516,45.036383],[39.0277423,45.036459],[39.0277357,45.0365344],[39.0276511,45.0373385]]}},{"type":"Feature","id":443192461,"properties":{"highway":"secondary","name":"Восточно-Кругликовская улица"},"geometry":{"type":"LineString","coordinates":[[39.0276511,45.0373385],[39.0276259,45.0375755],[39.0275786,45.038044],[39.0275591,45.0382377],[39.0275545,45.0383077]]}},{"type":"Feature","id":443192462,"properties":{"highway":"secondary","name":"Восточно-Кругликовская улица"},"geometry":{"type":"LineString","coordinates":[[39.0275545,45.0383077],[39.0275449,45.0383968],[39.0275353,45.0385169]]}},{"type":"Feature","id":443192464,"properties":{"highway":"service","name":null},"geometry":{"type":"LineString","coordinates":[[39.0275373,45.0375718],[39.0276259,45.0375755]]}},{"type":"Feature","id":443192467,"properties":{"highway":"service","name":null},"geometry":{"type":"LineString","coordinates":[[39.0276511,45.0373385],[39.0275608,45.0373367]]}},{"type":"Feature","id":447731927,"properties":{"highway":"service","name":null},"geometry":{"type":"LineString","coordinates":[[39.0144552,45.0329637],[39.0144552,45.0329994],[39.0144112,45.0330523],[39.0142858,45.0330557]]}},{"type":"Feature","id":447732582,"properties":{"highway":"footway","name":null},"geometry":{"type":"LineString","coordinates":[[39.0139517,45.0330215],[39.0140527,45.0329707],[39.0142203,45.0329669]]}},{"type":"Feature","id":447958322,"properties":{"highway":"service","name":null},"geometry":{"type":"LineString","coordinates":[[39.0187911,45.0226688],[39.0192134,45.022646],[39.0197493,45.022526],[39.0204151,45.0223768],[39.0209173,45.0222881]]}},{"type":"Feature","id":447958323,"properties":{"highway":"service","name":null},"geometry":{"type":"LineString","coordinates":[[39.0204151,45.0223768],[39.0202336,45.0219249]]}},{"type":"Feature","id":447958324,"properties":{"highway":"service","name":null},"geometry":{"type":"LineString","coordinates":[[39.0187911,45.0226688],[39.018644,45.0226013],[39.0175137,45.0225347],[39.0172204,45.0225175]]}},{"type":"Feature","id":447958325,"properties":{"highway":"service","name":null},"geometry":{"type":"LineString","coordinates":[[39.0175137,45.0225347],[39.0175289,45.0224057]]}},{"type":"Feature","id":455468799,"properties":{"highway":"service","name":null},"geometry":{"type":"LineString","coordinates":[[39.0200793,45.0251769],[39.0201468,45.0254389],[39.0196192,45.0255057],[39.0195459,45.0252483]]}},{"type":"Feature","id":455468801,"properties":{"highway":"service","name":null},"geometry":{"type":"LineString","coordinates":[[39.0177589,45.0254965],[39.0176569,45.0255155],[39.017625,45.0253684],[39.0175121,45.0250415]]}},{"type":"Feature","id":455468802,"properties":{"highway":"service","name":null},"geometry":{"type":"LineString","coordinates":[[39.0175121,45.0250415],[39.0171515,45.0250945],[39.0168919,45.0251326],[39.0164777,45.0251934],[39.0152717,45.0253705]]}},{"type":"Feature","id":455468803,"properties":{"highway":"service","name":null},"geometry":{"type":"LineString","coordinates":[[39.0168919,45.0251326],[39.01704,45.0256292],[39.0171589,45.0256113],[39.0172761,45.0255951],[39.0171515,45.0250945]]}},{"type":"Feature","id":455468804,"properties":{"highway":"service","name":null},"geometry":{"type":"LineString","coordinates":[[39.0165022,45.025782],[39.0166982,45.0258579],[39.0169005,45.0259363],[39.0171473,45.0259439],[39.0172527,45.0259264],[39.0173297,45.0259136],[39.0176569,45.0258478],[39.0178227,45.025816],[39.017684,45.0255886],[39.0176569,45.0255155]]}},{"type":"Feature","id":455468805,"properties":{"highway":"service","name":null},"geometry":{"type":"LineString","coordinates":[[39.0164777,45.0251934],[39.0166001,45.0256785],[39.0165733,45.0257278],[39.0163922,45.0257551]]}},{"type":"Feature","id":455468806,"properties":{"highway":"service","name":null},"geometry":{"type":"LineString","coordinates":[[39.0189683,45.026515],[39.0186748,45.0253657]]}},{"type":"Feature","id":455468807,"properties":{"highway":"service","name":null},"geometry":{"type":"LineString","coordinates":[[39.0186001,45.0267096],[39.0190043,45.0266669]]}},{"type":"Feature","id":455468809,"properties":{"highway":"service","name":null},"geometry":{"type":"LineString","coordinates":[[39.0181303,45.0267765],[39.0183342,45.0267472],[39.0186001,45.0267096]]}},{"type":"Feature","id":455468810,"properties":{"highway":"footway","name":null},"geometry":{"type":"LineString","coordinates":[[39.0193484,45.0252747],[39.0190677,45.0253084]]}},{"type":"Feature","id":455468811,"properties":{"highway":"service","name":null},"geometry":{"type":"LineString","coordinates":[[39.0190677,45.0253084],[39.0191843,45.0257811],[39.0193758,45.026521],[39.0193981,45.026603],[39.0194795,45.0266308],[39.0196196,45.0270412]]}},{"type":"Feature","id":455468812,"properties":{"highway":"service","name":null},"geometry":{"type":"LineString","coordinates":[[39.0177589,45.0254965],[39.0182363,45.0254279],[39.0186748,45.0253657],[39.0190677,45.0253084]]}},{"type":"Feature","id":455468813,"properties":{"highway":"service","name":null},"geometry":{"type":"LineString","coordinates":[[39.018962,45.0248276],[39.019034,45.0251736],[39.0177115,45.0253584],[39.017625,45.0253684]]}},{"type":"Feature","id":455468814,"properties":{"highway":"footway","name":null},"geometry":{"type":"LineString","coordinates":[[39.019034,45.0251736],[39.0190677,45.0253084]]}},{"type":"Feature","id":455470257,"properties":{"highway":"service","name":null},"geometry":{"type":"LineString","coordinates":[[39.0182694,45.0284248],[39.0182261,45.0283028],[39.0181201,45.0281812],[39.0180427,45.0279242],[39.0180586,45.0278947],[39.018206,45.0278727],[39.0182422,45.027891],[39.0182806,45.0280146],[39.0183172,45.0281323],[39.0183042,45.0281798],[39.0182525,45.028209],[39.0182261,45.0283028]]}},{"type":"Feature","id":460551312,"properties":{"highway":"secondary","name":"Сормовская улица"},"geometry":{"type":"LineString","coordinates":[[39.0556925,45.0229455],[39.0562112,45.0230048]]}},{"type":"Feature","id":460551314,"properties":{"highway":"secondary","name":"Сормовская улица"},"geometry":{"type":"LineString","coordinates":[[39.0535605,45.0226934],[39.0537805,45.022722]]}},{"type":"Feature","id":460551317,"properties":{"highway":"secondary","name":"Сормовская улица"},"geometry":{"type":"LineString","coordinates":[[39.0537805,45.022722],[39.0543371,45.0227934],[39.0549303,45.0228607],[39.0552897,45.0228988]]}},{"type":"Feature","id":460551319,"properties":{"highway":"secondary","name":"Сормовская улица"},"geometry":{"type":"LineString","coordinates":[[39.050326,45.02231],[39.0501098,45.0222755]]}},{"type":"Feature","id":460551321,"properties":{"highway":"secondary","name":"Старокубанская улица"},"geometry":{"type":"LineString","coordinates":[[39.0501032,45.0222106],[39.0501098,45.0222755]]}},{"type":"Feature","id":460551323,"properties":{"highway":"secondary","name":"Сормовская улица"},"geometry":{"type":"LineString","coordinates":[[39.0501032,45.0222106],[39.0503344,45.0222479],[39.0510047,45.0223512]]}},{"type":"Feature","id":460891501,"properties":{"highway":"footway","name":null},"geometry":{"type":"LineString","coordinates":[[39.0171589,45.0256113],[39.0171945,45.0257308]]}},{"type":"Feature","id":460891502,"properties":{"highway":"service","name":null},"geometry":{"type":"LineString","coordinates":[[39.0166001,45.0256785],[39.0166982,45.0258579]]}},{"type":"Feature","id":462264418,"properties":{"highway":"service","name":null},"geometry":{"type":"LineString","coordinates":[[39.0109251,45.039008],[39.0111504,45.0387001],[39.0111236,45.038647],[39.0112415,45.0383843],[39.0113179,45.0383284],[39.0114105,45.0383359],[39.011609,45.0384099],[39.0116827,45.0384516],[39.0117189,45.0384857],[39.0116921,45.0385416]]}},{"type":"Feature","id":462264419,"properties":{"highway":"service","name":null},"geometry":{"type":"LineString","coordinates":[[39.0116921,45.0385416],[39.0116411,45.0386202],[39.0116291,45.0386866],[39.0116478,45.0387264],[39.0116613,45.03877],[39.0116492,45.0388107],[39.0116197,45.0388723],[39.0114212,45.0391301],[39.0113622,45.0391443],[39.0112187,45.0390865],[39.0109251,45.039008]]}},{"type":"Feature","id":462264420,"properties":{"highway":"service","name":null},"geometry":{"type":"LineString","coordinates":[[39.0109251,45.039008],[39.0106899,45.038933],[39.0102492,45.0387996],[39.0106529,45.038195],[39.0110786,45.0383334],[39.0112415,45.0383843]]}},{"type":"Feature","id":462264421,"properties":{"highway":"service","name":null},"geometry":{"type":"LineString","coordinates":[[39.0106899,45.038933],[39.0110786,45.0383334]]}},{"type":"Feature","id":463079119,"properties":{"highway":"service","name":null},"geometry":{"type":"LineString","coordinates":[[39.0539987,45.0339996],[39.0541838,45.0337323],[39.0540631,45.0336243],[39.054246,45.0332419]]}},{"type":"Feature","id":463079120,"properties":{"highway":"service","name":null},"geometry":{"type":"LineString","coordinates":[[39.0538091,45.0342481],[39.0539437,45.0336309],[39.0537728,45.0336128]]}},{"type":"Feature","id":463079121,"properties":{"highway":"service","name":null},"geometry":{"type":"LineString","coordinates":[[39.0540445,45.0331852],[39.0538002,45.0334764],[39.0537728,45.0336128],[39.0536487,45.0342289],[39.0538091,45.0342481],[39.054228,45.0342981]]}},{"type":"Feature","id":468016628,"properties":{"highway":"service","name":null},"geometry":{"type":"LineString","coordinates":[[39.0060117,45.0358257],[39.0058676,45.0358504],[39.0055459,45.0359054],[39.0055638,45.035965]]}},{"type":"Feature","id":468016635,"properties":{"highway":"service","name":null},"geometry":{"type":"LineString","coordinates":[[39.005013,45.035312],[39.0049635,45.0351643]]}},{"type":"Feature","id":468730105,"properties":{"highway":"service","name":null},"geometry":{"type":"LineString","coordinates":[[39.0272472,45.0219012],[39.0249031,45.0223931],[39.0245903,45.0224598]]}},{"type":"Feature","id":468730107,"properties":{"highway":"service","name":null},"geometry":{"type":"LineString","coordinates":[[39.0245903,45.0224598],[39.0244453,45.0224907]]}},{"type":"Feature","id":468730349,"properties":{"highway":"secondary","name":"улица 2-я Пятилетка"},"geometry":{"type":"LineString","coordinates":[[39.0247647,45.0232682],[39.0247813,45.0233084],[39.0249817,45.0237955],[39.0250761,45.0240249],[39.0253898,45.0247874],[39.0255137,45.0251187]]}},{"type":"Feature","id":468730350,"properties":{"highway":"secondary","name":"улица 2-я Пятилетка"},"geometry":{"type":"LineString","coordinates":[[39.0255137,45.0251187],[39.0256313,45.0255554],[39.0257202,45.0259862],[39.0259751,45.027221],[39.0259985,45.0273154]]}},{"type":"Feature","id":468730351,"properties":{"highway":"service","name":null},"geometry":{"type":"LineString","coordinates":[[39.0252177,45.0231781],[39.0247647,45.0232682]]}},{"type":"Feature","id":468986615,"properties":{"highway":"service","name":null},"geometry":{"type":"LineString","coordinates":[[39.0179819,45.0370082],[39.0180482,45.0370373],[39.0185954,45.0369836]]}},{"type":"Feature","id":473631078,"properties":{"highway":"service","name":null},"geometry":{"type":"LineString","coordinates":[[39.0342671,45.006205],[39.0326293,45.0072655]]}},{"type":"Feature","id":473631079,"properties":{"highway":"service","name":null},"geometry":{"type":"LineString","coordinates":[[39.0272207,45.0014396],[39.0266414,45.0017942],[39.025834,45.002257],[39.0256677,45.0023025],[39.0254451,45.0024258],[39.0252154,45.0025697],[39.0251901,45.0025828],[39.0251591,45.002603],[39.0250957,45.0026455]]}},{"type":"Feature","id":473631080,"properties":{"highway":"service","name":null},"geometry":{"type":"LineString","coordinates":[[39.0264107,45.0014396],[39.0259413,45.0018151],[39.0256194,45.0020218],[39.0254961,45.0022209],[39.0254451,45.0024258]]}},{"type":"Feature","id":473631097,"properties":{"highway":"service","name":null},"geometry":{"type":"LineString","coordinates":[[39.0196241,45.0105171],[39.0195291,45.0114058]]}},{"type":"Feature","id":473631098,"properties":{"highway":"service","name":null},"geometry":{"type":"LineString","coordinates":[[39.020639,45.009547],[39.0197656,45.009503],[39.0197015,45.0099497]]}},{"type":"Feature","id":473631099,"properties":{"highway":"residential","name":"улица Полины Осипенко"},"geometry":{"type":"LineString","coordinates":[[39.0204014,45.0113537],[39.022129,45.0114802]]}},{"type":"Feature","id":474301050,"properties":{"highway":"service","name":null},"geometry":{"type":"LineString","coordinates":[[39.0042985,45.0198813],[39.0044173,45.0198839],[39.0044572,45.0198872],[39.0049197,45.0199268],[39.005102,45.0199485]]}},{"type":"Feature","id":474301051,"properties":{"highway":"service","name":null},"geometry":{"type":"LineString","coordinates":[[39.0049197,45.0199268],[39.0050217,45.0195147]]}},{"type":"Feature","id":475442105,"properties":{"highway":"service","name":null},"geometry":{"type":"LineString","coordinates":[[39.0150227,45.0280766],[39.0151034,45.0279916],[39.015145,45.027967],[39.0152093,45.0279832],[39.0152324,45.0280203],[39.0152228,45.0280672],[39.0151711,45.0281354]]}},{"type":"Feature","id":475442107,"properties":{"highway":"service","name":null},"geometry":{"type":"LineString","coordinates":[[39.0148234,45.0282927],[39.0150227,45.0280766]]}},{"type":"Feature","id":475442108,"properties":{"highway":"service","name":null},"geometry":{"type":"LineString","coordinates":[[39.0150444,45.0283199],[39.0149762,45.0285835],[39.0149729,45.0285964],[39.0149626,45.0286454]]}},{"type":"Feature","id":475444915,"properties":{"highway":"service","name":null},"geometry":{"type":"LineString","coordinates":[[39.0131828,45.027394],[39.0134809,45.0275071]]}},{"type":"Feature","id":475444920,"properties":{"highway":"service","name":null},"geometry":{"type":"LineString","coordinates":[[39.0120626,45.0274931],[39.0120924,45.0274608],[39.012101,45.0274507],[39.012234,45.0272923],[39.0118489,45.0271418]]}},{"type":"Feature","id":475444921,"properties":{"highway":"service","name":null},"geometry":{"type":"LineString","coordinates":[[39.0116323,45.0274147],[39.0116904,45.027343],[39.0117107,45.0273092],[39.0117176,45.0273009],[39.0118489,45.0271418],[39.0112101,45.0268944]]}},{"type":"Feature","id":475444925,"properties":{"highway":"service","name":null},"geometry":{"type":"LineString","coordinates":[[39.0106879,45.0269559],[39.0107097,45.0269336],[39.0107185,45.0269213],[39.0108434,45.0267477],[39.0110681,45.0268371],[39.0112101,45.0268944]]}},{"type":"Feature","id":475444928,"properties":{"highway":"service","name":null},"geometry":{"type":"LineString","coordinates":[[39.0091437,45.0263355],[39.009168,45.026309],[39.0091767,45.0262981],[39.0092886,45.0261568]]}},{"type":"Feature","id":475444930,"properties":{"highway":"service","name":null},"geometry":{"type":"LineString","coordinates":[[39.0092886,45.0261568],[39.0094823,45.0257338],[39.0095158,45.0256672]]}},{"type":"Feature","id":475446747,"properties":{"highway":"service","name":null},"geometry":{"type":"LineString","coordinates":[[39.0105787,45.0251672],[39.0105186,45.0252367],[39.0104753,45.0252825],[39.0104635,45.0252956],[39.0103,45.0253425]]}},{"type":"Feature","id":475446752,"properties":{"highway":"service","name":null},"geometry":{"type":"LineString","coordinates":[[39.009222,45.0246861],[39.0091596,45.0247716],[39.0090478,45.0249557]]}},{"type":"Feature","id":477825642,"properties":{"highway":"footway","name":null},"geometry":{"type":"LineString","coordinates":[[39.0074221,45.0254663],[39.0055773,45.0247122],[39.0045889,45.0243321],[39.002984,45.0237387]]}},{"type":"Feature","id":477825643,"properties":{"highway":"footway","name":null},"geometry":{"type":"LineString","coordinates":[[39.0074221,45.0254663],[39.007398,45.0255149],[39.007357,45.0255739],[39.0073331,45.025602]]}},{"type":"Feature","id":477825644,"properties":{"highway":"footway","name":null},"geometry":{"type":"LineString","coordinates":[[39.0073331,45.025602],[39.0071733,45.0255775],[39.0070565,45.025585],[39.0069818,45.0256058],[39.0069611,45.0256115],[39.0069485,45.025615],[39.0068953,45.0256671],[39.0068626,45.0257101],[39.0068494,45.0257276],[39.0068226,45.0257514],[39.0068172,45.0257562],[39.0068016,45.0257701]]}},{"type":"Feature","id":477825645,"properties":{"highway":"footway","name":null},"geometry":{"type":"LineString","coordinates":[[39.0068016,45.0257701],[39.0066264,45.0257576],[39.0065295,45.0258132]]}},{"type":"Feature","id":477825646,"properties":{"highway":"footway","name":null},"geometry":{"type":"LineString","coordinates":[[39.0069818,45.0256058],[39.0070852,45.0254458],[39.003397,45.0240208],[39.0028744,45.0238182],[39.0022534,45.0235775],[38.9994328,45.0224604],[38.9977958,45.0218198]]}},{"type":"Feature","id":477825648,"properties":{"highway":"path","name":null},"geometry":{"type":"LineString","coordinates":[[39.0050361,45.025628],[39.0042955,45.0248253]]}},{"type":"Feature","id":477828679,"properties":{"highway":"service","name":null},"geometry":{"type":"LineString","coordinates":[[39.0066052,45.0258577],[39.006576,45.0258867],[39.006541,45.0259248],[39.0064391,45.0260515]]}},{"type":"Feature","id":477835100,"properties":{"highway":"service","name":null},"geometry":{"type":"LineString","coordinates":[[39.0077628,45.0253467],[39.0076845,45.0252994],[39.0076156,45.0252579],[39.006856,45.024958],[39.0069017,45.0248139],[39.0064001,45.0246035],[39.0062352,45.0247192],[39.0057057,45.0245245]]}},{"type":"Feature","id":477835105,"properties":{"highway":"service","name":null},"geometry":{"type":"LineString","coordinates":[[39.0055522,45.0247472],[39.0055773,45.0247122],[39.0055914,45.02467],[39.0057057,45.0245245],[39.0057917,45.0243988]]}},{"type":"Feature","id":478251102,"properties":{"highway":"service","name":null},"geometry":{"type":"LineString","coordinates":[[39.0053089,45.0258713],[39.006009,45.0263136]]}},{"type":"Feature","id":478251103,"properties":{"highway":"service","name":null},"geometry":{"type":"LineString","coordinates":[[39.005607,45.0254742],[39.0055751,45.0255026],[39.0053285,45.0257221],[39.0052279,45.0258107],[39.0052915,45.0258602],[39.0053089,45.0258713]]}},{"type":"Feature","id":479027192,"properties":{"highway":"service","name":null},"geometry":{"type":"LineString","coordinates":[[39.005607,45.0254742],[39.0055162,45.0254358],[39.0054639,45.0254137],[39.0053969,45.0253775],[39.0052266,45.0255149]]}},{"type":"Feature","id":479027197,"properties":{"highway":"service","name":null},"geometry":{"type":"LineString","coordinates":[[39.0161516,45.0297472],[39.0160651,45.0298567],[39.0159516,45.0300145]]}},{"type":"Feature","id":479027199,"properties":{"highway":"service","name":null},"geometry":{"type":"LineString","coordinates":[[39.0203844,45.0335662],[39.0204582,45.0334794],[39.0204684,45.0334685],[39.0208482,45.0330267]]}},{"type":"Feature","id":479884963,"properties":{"highway":"residential","name":"улица 2-я Линия поймы реки Кубань"},"geometry":{"type":"LineString","coordinates":[[39.008293,45.0105561],[39.0080148,45.0106716],[39.0049712,45.0119472]]}},{"type":"Feature","id":479885049,"properties":{"highway":"service","name":null},"geometry":{"type":"LineString","coordinates":[[39.0066894,45.0129548],[39.0067442,45.0130371],[39.0076902,45.0140588]]}},{"type":"Feature","id":480203663,"properties":{"highway":"service","name":null},"geometry":{"type":"LineString","coordinates":[[39.0350616,45.0041293],[39.0351491,45.004217],[39.035255,45.0042729],[39.035365,45.00429]]}},{"type":"Feature","id":480203664,"properties":{"highway":"service","name":null},"geometry":{"type":"LineString","coordinates":[[39.0355448,45.0027604],[39.0353949,45.0029283]]}},{"type":"Feature","id":480203665,"properties":{"highway":"service","name":null},"geometry":{"type":"LineString","coordinates":[[39.0349099,45.0040852],[39.0349265,45.004024],[39.0350445,45.003914],[39.0355943,45.0031744]]}},{"type":"Feature","id":480203770,"properties":{"highway":"service","name":"Нижний тупик"},"geometry":{"type":"LineString","coordinates":[[39.0240694,45.0045582],[39.0244819,45.0045092],[39.024553,45.0045187],[39.0246093,45.0045774],[39.0247086,45.0046931],[39.0248561,45.0047415],[39.024903,45.0047785]]}},{"type":"Feature","id":480204073,"properties":{"highway":"service","name":null},"geometry":{"type":"LineString","coordinates":[[39.0233972,45.0010805],[39.0233687,45.0010584],[39.023063,45.00081],[39.0226647,45.0010547]]}},{"type":"Feature","id":480204074,"properties":{"highway":"service","name":null},"geometry":{"type":"LineString","coordinates":[[39.0235562,45.0000842],[39.0227891,45.0004635],[39.0223331,45.0008125]]}},{"type":"Feature","id":484916956,"properties":{"highway":"service","name":null},"geometry":{"type":"LineString","coordinates":[[39.0483092,45.012514],[39.0481759,45.0124619],[39.0478586,45.0123599],[39.0473707,45.0121832],[39.0467257,45.0118956],[39.0464777,45.0117694],[39.0463382,45.0115684],[39.0466923,45.0114357],[39.0469337,45.011504],[39.0470409,45.011686],[39.0471686,45.011729],[39.0478541,45.0119728],[39.048278,45.0120984],[39.0481759,45.0124619]]}},{"type":"Feature","id":484916958,"properties":{"highway":"service","name":null},"geometry":{"type":"LineString","coordinates":[[39.0467257,45.0118956],[39.0471686,45.011729]]}},{"type":"Feature","id":484916959,"properties":{"highway":"service","name":null},"geometry":{"type":"LineString","coordinates":[[39.0473707,45.0121832],[39.0478541,45.0119728]]}},{"type":"Feature","id":485797460,"properties":{"highway":"tertiary","name":null},"geometry":{"type":"LineString","coordinates":[[39.0510047,45.0223512],[39.0512302,45.0222327]]}},{"type":"Feature","id":485797461,"properties":{"highway":"secondary","name":"Сормовская улица"},"geometry":{"type":"LineString","coordinates":[[39.0510047,45.0223512],[39.0515066,45.0224198],[39.0517396,45.0224506],[39.0520887,45.0224972],[39.0522235,45.0225152],[39.0529354,45.0226103],[39.0535605,45.0226934]]}},{"type":"Feature","id":485827925,"properties":{"highway":"residential","name":"Юшковский переулок"},"geometry":{"type":"LineString","coordinates":[[39.011621,45.0219777],[39.0123443,45.0220863],[39.0121512,45.0228332]]}},{"type":"Feature","id":489119251,"properties":{"highway":"footway","name":null},"geometry":{"type":"LineString","coordinates":[[39.0097131,45.0208925],[39.0097223,45.0208362],[39.0097316,45.0207868],[39.0097376,45.0207544],[39.0097476,45.0207011],[39.0097704,45.0205617]]}},{"type":"Feature","id":489293267,"properties":{"highway":"footway","name":null},"geometry":{"type":"LineString","coordinates":[[39.0301185,45.0140868],[39.0301543,45.0141646],[39.0302169,45.0143076],[39.0302761,45.0144293]]}},{"type":"Feature","id":492015422,"properties":{"highway":"service","name":null},"geometry":{"type":"LineString","coordinates":[[39.051995,45.0286702],[39.052122,45.0286329],[39.052296,45.0285818],[39.0523229,45.0285739],[39.0523343,45.0285608],[39.0523352,45.0285199]]}},{"type":"Feature","id":496914173,"properties":{"highway":"service","name":null},"geometry":{"type":"LineString","coordinates":[[39.0108479,45.0276053],[39.0101777,45.0273536]]}},{"type":"Feature","id":496914175,"properties":{"highway":"service","name":null},"geometry":{"type":"LineString","coordinates":[[39.0092659,45.027164],[39.0093207,45.0271864],[39.0096618,45.0273133],[39.0098138,45.0272379]]}},{"type":"Feature","id":497906329,"properties":{"highway":"service","name":null},"geometry":{"type":"LineString","coordinates":[[39.0053285,45.0257221],[39.00541,45.0257611],[39.0054305,45.0257707],[39.0056041,45.0258539]]}},{"type":"Feature","id":497907539,"properties":{"highway":"path","name":null},"geometry":{"type":"LineString","coordinates":[[39.0050361,45.025628],[39.0050562,45.0256626],[39.0051128,45.0257647],[39.0052022,45.0259349]]}},{"type":"Feature","id":497909200,"properties":{"highway":"footway","name":null},"geometry":{"type":"LineString","coordinates":[[39.0074221,45.0254663],[39.0074959,45.0254874],[39.0076845,45.0252994],[39.0077189,45.0252651],[39.0081773,45.0246523],[39.0085371,45.0241621],[39.0085497,45.024145],[39.0092412,45.023229],[39.0093142,45.0231324]]}},{"type":"Feature","id":497909201,"properties":{"highway":"footway","name":null},"geometry":{"type":"LineString","coordinates":[[39.0093142,45.0231324],[39.0093745,45.0230288],[39.0094213,45.0229151],[39.0094627,45.0226141],[39.0094784,45.0224904]]}},{"type":"Feature","id":497909202,"properties":{"highway":"footway","name":null},"geometry":{"type":"LineString","coordinates":[[39.0094784,45.0224904],[39.0097617,45.0208972]]}},{"type":"Feature","id":497909203,"properties":{"highway":"footway","name":null},"geometry":{"type":"LineString","coordinates":[[39.0100343,45.0209237],[39.0099362,45.0213662]]}},{"type":"Feature","id":497909204,"properties":{"highway":"footway","name":null},"geometry":{"type":"LineString","coordinates":[[39.0099362,45.0213662],[39.0098904,45.0214143],[39.0096441,45.0229553]]}},{"type":"Feature","id":497909205,"properties":{"highway":"footway","name":null},"geometry":{"type":"LineString","coordinates":[[39.0096441,45.0229553],[39.0096258,45.0230588],[39.0093134,45.0234481],[39.0090109,45.0238599],[39.0089041,45.0240299],[39.0086257,45.0244727]]}},{"type":"Feature","id":499952639,"properties":{"highway":"path","name":null},"geometry":{"type":"LineString","coordinates":[[39.0561892,45.0386663],[39.0562609,45.0383567],[39.0562982,45.0383225],[39.0563366,45.0382872],[39.0563934,45.0382351],[39.0564373,45.0381949],[39.0564912,45.0381454],[39.0565333,45.0381068],[39.0566458,45.0379638],[39.0567853,45.0379297],[39.0567864,45.0379135],[39.0567873,45.0379006]]}},{"type":"Feature","id":499956765,"properties":{"highway":"path","name":null},"geometry":{"type":"LineString","coordinates":[[39.0561892,45.0386663],[39.056181,45.0387183]]}},{"type":"Feature","id":504289109,"properties":{"highway":"service","name":null},"geometry":{"type":"LineString","coordinates":[[39.0171844,45.0040131],[39.017186,45.0039462],[39.0170528,45.0037161]]}},{"type":"Feature","id":504289110,"properties":{"highway":"footway","name":null},"geometry":{"type":"LineString","coordinates":[[39.0172045,45.0040408],[39.0174906,45.0039411],[39.0176686,45.0038688]]}},{"type":"Feature","id":506702171,"properties":{"highway":"service","name":"Тихий переулок"},"geometry":{"type":"LineString","coordinates":[[39.0259248,45.0345752],[39.0263057,45.0340577],[39.0263261,45.0340287]]}},{"type":"Feature","id":510178867,"properties":{"highway":"footway","name":null},"geometry":{"type":"LineString","coordinates":[[39.0187013,45.0038797],[39.0186878,45.0039756],[39.0188781,45.0040515]]}},{"type":"Feature","id":510178868,"properties":{"highway":"steps","name":null},"geometry":{"type":"LineString","coordinates":[[39.0188781,45.0040515],[39.0192056,45.0042155],[39.0192687,45.0042471]]}},{"type":"Feature","id":510178869,"properties":{"highway":"footway","name":null},"geometry":{"type":"LineString","coordinates":[[39.0188885,45.002841],[39.0189804,45.0027561],[39.0194074,45.002694]]}},{"type":"Feature","id":510178870,"properties":{"highway":"service","name":null},"geometry":{"type":"LineString","coordinates":[[39.0176013,45.0030783],[39.0175182,45.0029431],[39.0173827,45.0028195]]}},{"type":"Feature","id":510178871,"properties":{"highway":"footway","name":"улица 1-й Кузнечный Зарой"},"geometry":{"type":"LineString","coordinates":[[39.0180108,45.0027001],[39.0181444,45.0026014]]}},{"type":"Feature","id":510178872,"properties":{"highway":"residential","name":"улица 1-й Кузнечный Зарой"},"geometry":{"type":"LineString","coordinates":[[39.0181444,45.0026014],[39.0184546,45.0023721],[39.0186343,45.0021828],[39.0187469,45.0021458],[39.0188676,45.0021062],[39.0192695,45.0017622]]}},{"type":"Feature","id":510179650,"properties":{"highway":"residential","name":"улица 1-й Кузнечный Зарой"},"geometry":{"type":"LineString","coordinates":[[39.0176336,45.003144],[39.0176013,45.0030783],[39.0176356,45.0029774],[39.0180108,45.0027001]]}},{"type":"Feature","id":514074677,"properties":{"highway":"footway","name":null},"geometry":{"type":"LineString","coordinates":[[39.0310185,45.0210995],[39.0309361,45.0209288]]}},{"type":"Feature","id":516598271,"properties":{"highway":"service","name":null},"geometry":{"type":"LineString","coordinates":[[39.0139731,45.0234485],[39.0137084,45.0234292],[39.0137068,45.0234884],[39.0136879,45.0235345],[39.0134768,45.0237948],[39.0134376,45.0238154],[39.0133882,45.0238275],[39.0133323,45.0238242],[39.0129765,45.0236833],[39.0130108,45.0236275],[39.0130561,45.0235306],[39.0130297,45.0234859],[39.0130511,45.0233558],[39.01319,45.0233831],[39.0132459,45.0233881],[39.0135021,45.0234112],[39.0137084,45.0234292]]}},{"type":"Feature","id":516598432,"properties":{"highway":"service","name":null},"geometry":{"type":"LineString","coordinates":[[39.0140827,45.0227755],[39.0136777,45.022697],[39.0132753,45.0226145]]}},{"type":"Feature","id":516598675,"properties":{"highway":"service","name":null},"geometry":{"type":"LineString","coordinates":[[39.0130511,45.0233558],[39.0131227,45.023119],[39.0132753,45.0226145],[39.0133304,45.0224325],[39.0133255,45.0223893],[39.0132991,45.0223462],[39.01326,45.0223253],[39.0129465,45.0222781],[39.0129085,45.0222773],[39.0128731,45.0222866],[39.0128443,45.0223029],[39.0128295,45.022324],[39.0124544,45.0235496],[39.012453,45.0235752],[39.0124705,45.0236065],[39.0125174,45.0236292],[39.0127457,45.0236632],[39.0127923,45.0236596],[39.0129765,45.0236833]]}},{"type":"Feature","id":519372943,"properties":{"highway":"secondary","name":"Школьная улица"},"geometry":{"type":"LineString","coordinates":[[39.0182949,45.0352341],[39.0184661,45.0352794],[39.019442,45.0355479],[39.0196831,45.0356143]]}},{"type":"Feature","id":519372945,"properties":{"highway":"tertiary","name":null},"geometry":{"type":"LineString","coordinates":[[39.0196831,45.0356143],[39.01965,45.0356744]]}},{"type":"Feature","id":519372947,"properties":{"highway":"secondary","name":"Школьная улица"},"geometry":{"type":"LineString","coordinates":[[39.021901,45.0361974],[39.0228104,45.0364403],[39.0229921,45.0364873],[39.023073,45.0365082],[39.0232132,45.0365475]]}},{"type":"Feature","id":519372948,"properties":{"highway":"secondary","name":"Школьная улица"},"geometry":{"type":"LineString","coordinates":[[39.0232132,45.0365475],[39.0233326,45.0365776],[39.0245137,45.0368981]]}},{"type":"Feature","id":519372949,"properties":{"highway":"secondary","name":"Школьная улица"},"geometry":{"type":"LineString","coordinates":[[39.0245137,45.0368981],[39.0248404,45.0369957],[39.0250828,45.0370785],[39.025195,45.0371297],[39.0253005,45.0371767],[39.0253955,45.0372271]]}},{"type":"Feature","id":519372950,"properties":{"highway":"secondary","name":"Школьная улица"},"geometry":{"type":"LineString","coordinates":[[39.0253955,45.0372271],[39.0255211,45.0373085],[39.0256354,45.0373982],[39.0257492,45.037496],[39.0259098,45.0376408],[39.0259747,45.037703],[39.0262589,45.0379832],[39.0271009,45.0388326],[39.027131,45.0388625],[39.0272722,45.0389992],[39.0273673,45.0390905]]}},{"type":"Feature","id":519372952,"properties":{"highway":"secondary","name":"Школьная улица"},"geometry":{"type":"LineString","coordinates":[[39.027131,45.0388625],[39.0271688,45.0388905],[39.0272224,45.0388967],[39.0272931,45.0388846],[39.0273603,45.0388408],[39.0274248,45.0387829]]}},{"type":"Feature","id":519374986,"properties":{"highway":"footway","name":null},"geometry":{"type":"LineString","coordinates":[[39.02785,45.0363858],[39.027838,45.0364669],[39.0278289,45.0365414]]}},{"type":"Feature","id":519374987,"properties":{"highway":"footway","name":null},"geometry":{"type":"LineString","coordinates":[[39.02785,45.0363858],[39.0279082,45.0359918],[39.0279644,45.0358647],[39.0280697,45.035799],[39.0281596,45.0357582],[39.0283419,45.0357383],[39.0285753,45.0357383],[39.0287871,45.0357506],[39.0289776,45.0357838],[39.0291653,45.0358511],[39.0293893,45.0360037],[39.0297085,45.036215],[39.0301026,45.0364477],[39.0305829,45.0367287],[39.0310831,45.0370367],[39.0311295,45.0370645],[39.0318422,45.0374925],[39.0324618,45.037863],[39.0330318,45.0382175],[39.0334156,45.0384635],[39.0336218,45.0385956],[39.0346223,45.039241],[39.0355302,45.0398247],[39.0362316,45.0402635],[39.0366697,45.0405272],[39.0370189,45.0407373],[39.0371478,45.0408092],[39.0374269,45.0409928],[39.0375118,45.0410486],[39.0380218,45.0414105],[39.0383117,45.0416015],[39.0387506,45.0419158]]}},{"type":"Feature","id":519374988,"properties":{"highway":"footway","name":null},"geometry":{"type":"LineString","coordinates":[[39.0275654,45.0364444],[39.0276478,45.0364512],[39.0277423,45.036459],[39.027838,45.0364669]]}},{"type":"Feature","id":519374989,"properties":{"highway":"footway","name":null},"geometry":{"type":"LineString","coordinates":[[39.0271974,45.0388016],[39.0272639,45.0388201],[39.0273027,45.0387737],[39.0273336,45.0387017],[39.0274634,45.0371913],[39.0275654,45.0364444],[39.0275443,45.0363762],[39.0276098,45.0357022],[39.027653,45.0355065],[39.0276943,45.035144],[39.0276818,45.0349397],[39.0275331,45.0346868],[39.0273836,45.0345338],[39.0269763,45.0343313],[39.0263057,45.0340577],[39.0251981,45.0336179],[39.0251166,45.0335863],[39.0247803,45.0334465],[39.024621,45.0334444],[39.0244408,45.0334966],[39.0237719,45.0337494]]}},{"type":"Feature","id":519379012,"properties":{"highway":"footway","name":null},"geometry":{"type":"LineString","coordinates":[[39.0109961,45.0363169],[39.0110912,45.0363366],[39.0111455,45.0363481],[39.0112661,45.0363678]]}},{"type":"Feature","id":519379015,"properties":{"highway":"secondary","name":"Передовая улица"},"geometry":{"type":"LineString","coordinates":[[39.0120011,45.0346393],[39.0119358,45.0347782],[39.0118638,45.0349595],[39.0117273,45.035269],[39.0114048,45.0359139]]}},{"type":"Feature","id":519379017,"properties":{"highway":"secondary","name":"Передовая улица"},"geometry":{"type":"LineString","coordinates":[[39.0113384,45.0360413],[39.0112703,45.0361569]]}},{"type":"Feature","id":519379020,"properties":{"highway":"secondary","name":"Передовая улица"},"geometry":{"type":"LineString","coordinates":[[39.0113384,45.0360413],[39.0113561,45.0360719],[39.0113744,45.0360917],[39.0114088,45.0361075],[39.0114727,45.0361232]]}},{"type":"Feature","id":519379022,"properties":{"highway":"secondary","name":"Передовая улица"},"geometry":{"type":"LineString","coordinates":[[39.0101345,45.0375493],[39.0086316,45.0393281],[39.0081178,45.0399362]]}},{"type":"Feature","id":519475402,"properties":{"highway":"residential","name":"Плановый проезд"},"geometry":{"type":"LineString","coordinates":[[39.0163144,45.0341125],[39.0162445,45.0341846],[39.0162254,45.0342754]]}},{"type":"Feature","id":520526850,"properties":{"highway":"secondary","name":"Тихорецкая улица"},"geometry":{"type":"LineString","coordinates":[[39.0272671,45.0343811],[39.0270376,45.0342924],[39.0263261,45.0340287]]}},{"type":"Feature","id":520526853,"properties":{"highway":"secondary","name":"Тихорецкая улица"},"geometry":{"type":"LineString","coordinates":[[39.0263261,45.0340287],[39.0252206,45.0335888],[39.0251395,45.0335552]]}},{"type":"Feature","id":520526857,"properties":{"highway":"secondary","name":"Тихорецкая улица"},"geometry":{"type":"LineString","coordinates":[[39.0251395,45.0335552],[39.0246256,45.0333593],[39.0240644,45.0331216]]}},{"type":"Feature","id":520526859,"properties":{"highway":"secondary","name":null},"geometry":{"type":"LineString","coordinates":[[39.0237845,45.0330058],[39.0236957,45.0329877],[39.0235813,45.032991],[39.0234884,45.0330112],[39.0234295,45.0330273],[39.0232217,45.0330883],[39.0227454,45.0332319],[39.0224182,45.033343]]}},{"type":"Feature","id":520526862,"properties":{"highway":"secondary","name":null},"geometry":{"type":"LineString","coordinates":[[39.0224182,45.033343],[39.0223439,45.0334082],[39.0223197,45.0334796],[39.0223625,45.0335485],[39.0224465,45.0336059],[39.0225725,45.0336369],[39.0228465,45.0336188]]}},{"type":"Feature","id":520526865,"properties":{"highway":"residential","name":null},"geometry":{"type":"LineString","coordinates":[[39.0237845,45.0330058],[39.0236524,45.0329314]]}},{"type":"Feature","id":520526867,"properties":{"highway":"residential","name":null},"geometry":{"type":"LineString","coordinates":[[39.0236524,45.0329314],[39.0234768,45.0328459],[39.0233973,45.0328057]]}},{"type":"Feature","id":520526870,"properties":{"highway":"residential","name":null},"geometry":{"type":"LineString","coordinates":[[39.0234532,45.032806],[39.0234693,45.0328296],[39.0234768,45.0328459],[39.0234881,45.0329664]]}},{"type":"Feature","id":520526873,"properties":{"highway":"residential","name":"Тихорецкая улица"},"geometry":{"type":"LineString","coordinates":[[39.0233785,45.0327714],[39.0232525,45.0327142],[39.0222439,45.0323014],[39.018867,45.0308437],[39.0161516,45.0297472],[39.0108479,45.0276053],[39.010585,45.0273823],[39.009815,45.02708],[39.0094874,45.0269221],[39.0079492,45.0262991],[39.0077112,45.0262648],[39.0075782,45.0262385],[39.0066052,45.0258577],[39.0065295,45.0258132],[39.005607,45.0254742]]}},{"type":"Feature","id":520526891,"properties":{"highway":"path","name":null},"geometry":{"type":"LineString","coordinates":[[39.0042955,45.0248253],[39.0048266,45.0250384],[39.0049989,45.0251143],[39.0052457,45.0252252],[39.0055488,45.025373]]}},{"type":"Feature","id":520526893,"properties":{"highway":"path","name":null},"geometry":{"type":"LineString","coordinates":[[39.0055488,45.025373],[39.0055162,45.0254358]]}},{"type":"Feature","id":522354633,"properties":{"highway":"secondary","name":"улица Селезнёва"},"geometry":{"type":"LineString","coordinates":[[39.0556483,45.0130502],[39.0556994,45.0129623],[39.0557136,45.0129356],[39.0557547,45.0128601]]}},{"type":"Feature","id":522397847,"properties":{"highway":"footway","name":null},"geometry":{"type":"LineString","coordinates":[[39.0558049,45.0132469],[39.0559532,45.0132261],[39.0563032,45.0133159],[39.0563971,45.0133884],[39.0568508,45.0134818],[39.0568789,45.0134888],[39.0571892,45.0135666],[39.0573404,45.013604],[39.0579226,45.0137423],[39.0580654,45.0137414],[39.0584675,45.0138407],[39.058716,45.0139027],[39.0592249,45.0140215],[39.0596162,45.0141182],[39.0604781,45.0143354],[39.0605357,45.0143711],[39.0610398,45.0144983],[39.061125,45.0144856],[39.061664,45.0146171]]}},{"type":"Feature","id":522397848,"properties":{"highway":"footway","name":null},"geometry":{"type":"LineString","coordinates":[[39.055402,45.0131231],[39.055483,45.0131448],[39.0555797,45.0131708],[39.0557345,45.0132191],[39.0558049,45.0132469]]}},{"type":"Feature","id":522400199,"properties":{"highway":"service","name":null},"geometry":{"type":"LineString","coordinates":[[39.0540794,45.0163135],[39.0537808,45.0168194]]}},{"type":"Feature","id":522400200,"properties":{"highway":"footway","name":null},"geometry":{"type":"LineString","coordinates":[[39.0315404,45.026622],[39.0305006,45.0267916]]}},{"type":"Feature","id":522400203,"properties":{"highway":"footway","name":null},"geometry":{"type":"LineString","coordinates":[[39.029314,45.0269747],[39.0292917,45.0268988],[39.029273,45.0268354],[39.0292497,45.0267559]]}},{"type":"Feature","id":522400204,"properties":{"highway":"footway","name":null},"geometry":{"type":"LineString","coordinates":[[39.029314,45.0269747],[39.0292249,45.027001],[39.0289529,45.0272543]]}},{"type":"Feature","id":522400727,"properties":{"highway":"footway","name":null},"geometry":{"type":"LineString","coordinates":[[39.0503189,45.0223623],[39.050326,45.02231],[39.0503344,45.0222479],[39.0503407,45.0222011]]}},{"type":"Feature","id":522447922,"properties":{"highway":"primary","name":"Трамвайная улица"},"geometry":{"type":"LineString","coordinates":[[39.0549829,45.0126602],[39.0557547,45.0128601]]}},{"type":"Feature","id":523796467,"properties":{"highway":"secondary","name":null},"geometry":{"type":"LineString","coordinates":[[39.0278244,45.0350548],[39.0278493,45.0350017],[39.0278787,45.0349612],[39.0279143,45.0349176],[39.0279519,45.0348794],[39.0280005,45.0348445],[39.0280636,45.0348139],[39.0281229,45.034798],[39.0281977,45.0347939],[39.0282769,45.034794]]}},{"type":"Feature","id":523796469,"properties":{"highway":"residential","name":"Весёлый переулок"},"geometry":{"type":"LineString","coordinates":[[39.0232132,45.0365475],[39.0232327,45.0364853],[39.0232444,45.0364489],[39.0233616,45.0360839],[39.0235236,45.0355797],[39.0246993,45.0340853],[39.0250837,45.0336256],[39.0251166,45.0335863]]}},{"type":"Feature","id":523796470,"properties":{"highway":"secondary","name":null},"geometry":{"type":"LineString","coordinates":[[39.0234881,45.0329664],[39.0236524,45.0329314]]}},{"type":"Feature","id":523796471,"properties":{"highway":"residential","name":null},"geometry":{"type":"LineString","coordinates":[[39.0234881,45.0329664],[39.0234884,45.0330112]]}},{"type":"Feature","id":523796472,"properties":{"highway":"secondary","name":null},"geometry":{"type":"LineString","coordinates":[[39.0236524,45.0329314],[39.0236764,45.0329327],[39.0237999,45.0329559],[39.0238987,45.0329719]]}},{"type":"Feature","id":523796473,"properties":{"highway":"residential","name":"Дунайская улица"},"geometry":{"type":"LineString","coordinates":[[39.035576,45.0255145],[39.0355718,45.0254365]]}},{"type":"Feature","id":523796474,"properties":{"highway":"tertiary","name":"Волжская улица"},"geometry":{"type":"LineString","coordinates":[[39.0386048,45.024692],[39.0385537,45.0249538]]}},{"type":"Feature","id":523796475,"properties":{"highway":"footway","name":null},"geometry":{"type":"LineString","coordinates":[[39.0386581,45.0246769],[39.0388944,45.0246103],[39.0408213,45.0240303],[39.0418559,45.0237476],[39.041977,45.0237189]]}},{"type":"Feature","id":523796477,"properties":{"highway":"secondary","name":"улица Селезнёва"},"geometry":{"type":"LineString","coordinates":[[39.0555797,45.0131708],[39.0556483,45.0130502]]}},{"type":"Feature","id":523800264,"properties":{"highway":"footway","name":null},"geometry":{"type":"LineString","coordinates":[[39.0301864,45.0308957],[39.0301387,45.0307605],[39.0285447,45.0306237],[39.0283439,45.0307389],[39.028321,45.0307376]]}},{"type":"Feature","id":524083292,"properties":{"highway":"tertiary","name":"улица Володарского"},"geometry":{"type":"LineString","coordinates":[[39.0059569,45.0356319],[39.005948,45.0356003],[39.0058235,45.0351998],[39.0054222,45.0338408]]}},{"type":"Feature","id":524083293,"properties":{"highway":"tertiary","name":"улица Володарского"},"geometry":{"type":"LineString","coordinates":[[39.0054222,45.0338408],[39.0051918,45.0330127],[39.0049873,45.0323638],[39.0049691,45.0323061]]}},{"type":"Feature","id":524396845,"properties":{"highway":"secondary","name":"Восточно-Кругликовская улица"},"geometry":{"type":"LineString","coordinates":[[39.0275353,45.0385169],[39.0274897,45.0389822]]}},{"type":"Feature","id":524396848,"properties":{"highway":"residential","name":"улица Филатова"},"geometry":{"type":"LineString","coordinates":[[39.0246256,45.0333593],[39.0244597,45.0334347],[39.024007,45.0335831],[39.0235071,45.0337511],[39.0227939,45.0339157],[39.0221197,45.0340457],[39.0209147,45.0342989]]}},{"type":"Feature","id":524735753,"properties":{"highway":"footway","name":null},"geometry":{"type":"LineString","coordinates":[[39.0157518,45.0286695],[39.0167157,45.028501],[39.0182261,45.0283028],[39.0184605,45.0282653],[39.0191007,45.0281765]]}},{"type":"Feature","id":524735754,"properties":{"highway":"footway","name":null},"geometry":{"type":"LineString","coordinates":[[39.0207568,45.0279404],[39.0208364,45.0279069]]}},{"type":"Feature","id":528376815,"properties":{"highway":"steps","name":null},"geometry":{"type":"LineString","coordinates":[[39.0173005,45.0041296],[39.0171386,45.0041818]]}},{"type":"Feature","id":528992808,"properties":{"highway":"secondary","name":"Новороссийская улица"},"geometry":{"type":"LineString","coordinates":[[39.0246038,45.0323413],[39.025067,45.0325111],[39.0254503,45.0326641]]}},{"type":"Feature","id":528992809,"properties":{"highway":"tertiary","name":"улица Селезнёва"},"geometry":{"type":"LineString","coordinates":[[39.0154586,45.0287841],[39.0153978,45.0288007]]}},{"type":"Feature","id":530400364,"properties":{"highway":"footway","name":null},"geometry":{"type":"LineString","coordinates":[[39.0052978,45.0255978],[39.0055751,45.0255026]]}},{"type":"Feature","id":531906453,"properties":{"highway":"service","name":null},"geometry":{"type":"LineString","coordinates":[[39.0144679,45.0072167],[39.0146039,45.0063939]]}},{"type":"Feature","id":531907423,"properties":{"highway":"service","name":null},"geometry":{"type":"LineString","coordinates":[[39.0114174,45.0056356],[39.0114125,45.0053764],[39.011601,45.0052662],[39.0115871,45.0048844]]}},{"type":"Feature","id":533407068,"properties":{"highway":"service","name":null},"geometry":{"type":"LineString","coordinates":[[39.0276259,45.0375755],[39.0280003,45.0375867]]}},{"type":"Feature","id":535164557,"properties":{"highway":"service","name":null},"geometry":{"type":"LineString","coordinates":[[39.0216369,45.0269195],[39.0218724,45.0268837]]}},{"type":"Feature","id":535164558,"properties":{"highway":"service","name":null},"geometry":{"type":"LineString","coordinates":[[39.0218823,45.027746],[39.0218557,45.027749],[39.0216369,45.0269195],[39.0216196,45.0268556],[39.0217454,45.0268371],[39.0220443,45.0267929]]}},{"type":"Feature","id":537755498,"properties":{"highway":"footway","name":null},"geometry":{"type":"LineString","coordinates":[[39.0235321,45.0208802],[39.0235488,45.0209127]]}},{"type":"Feature","id":539558019,"properties":{"highway":"secondary","name":"Передовая улица"},"geometry":{"type":"LineString","coordinates":[[39.0118921,45.0347516],[39.0118262,45.0346759],[39.0117793,45.0346416],[39.0117276,45.0346191],[39.0115838,45.0346133]]}},{"type":"Feature","id":539558020,"properties":{"highway":"secondary","name":"Передовая улица"},"geometry":{"type":"LineString","coordinates":[[39.0118921,45.0347516],[39.0119297,45.03465],[39.0119501,45.0345526]]}},{"type":"Feature","id":539558022,"properties":{"highway":"secondary","name":null},"geometry":{"type":"LineString","coordinates":[[39.0171825,45.0349657],[39.017379,45.0349055]]}},{"type":"Feature","id":539558023,"properties":{"highway":"secondary","name":"Школьная улица"},"geometry":{"type":"LineString","coordinates":[[39.0175745,45.0349134],[39.0175922,45.0349742],[39.0176157,45.035013],[39.0176603,45.035052],[39.0177302,45.0350782]]}},{"type":"Feature","id":539558024,"properties":{"highway":"secondary","name":"Школьная улица"},"geometry":{"type":"LineString","coordinates":[[39.0175402,45.0343795],[39.0175364,45.0345428]]}},{"type":"Feature","id":539558025,"properties":{"highway":"secondary","name":"Школьная улица"},"geometry":{"type":"LineString","coordinates":[[39.0175364,45.0345428],[39.0175638,45.0348529],[39.0175745,45.0349134]]}},{"type":"Feature","id":539558026,"properties":{"highway":"secondary","name":null},"geometry":{"type":"LineString","coordinates":[[39.0175745,45.0349134],[39.0174098,45.0349548]]}},{"type":"Feature","id":539558027,"properties":{"highway":"primary","name":"Северная улица"},"geometry":{"type":"LineString","coordinates":[[39.0175364,45.0345428],[39.0173533,45.0345362]]}},{"type":"Feature","id":539558462,"properties":{"highway":"secondary","name":"улица Филатова"},"geometry":{"type":"LineString","coordinates":[[39.0115585,45.036162],[39.0112354,45.036216]]}},{"type":"Feature","id":539558463,"properties":{"highway":"secondary","name":"улица Филатова"},"geometry":{"type":"LineString","coordinates":[[39.0112354,45.036216],[39.0111604,45.0362254]]}},{"type":"Feature","id":539558464,"properties":{"highway":"secondary","name":"Передовая улица"},"geometry":{"type":"LineString","coordinates":[[39.0112354,45.036216],[39.0111455,45.0363481],[39.0101345,45.0375493]]}},{"type":"Feature","id":543620846,"properties":{"highway":"secondary","name":"Передовая улица"},"geometry":{"type":"LineString","coordinates":[[39.0120098,45.0343828],[39.0120487,45.0345374]]}},{"type":"Feature","id":547039697,"properties":{"highway":"service","name":null},"geometry":{"type":"LineString","coordinates":[[39.0387945,45.0418848],[39.0387506,45.0419158],[39.0382832,45.0422835],[39.0382432,45.042299],[39.0381897,45.0423011],[39.0381444,45.0422922],[39.0380296,45.0422204],[39.0379619,45.0421764],[39.0375717,45.0421703],[39.0323236,45.0389118],[39.0309871,45.0389072],[39.0306993,45.0388286],[39.0304594,45.038824],[39.030285,45.0388702],[39.0300571,45.0388689],[39.0298399,45.0388676],[39.0296585,45.0388666]]}},{"type":"Feature","id":549550680,"properties":{"highway":"secondary","name":"Передовая улица"},"geometry":{"type":"LineString","coordinates":[[39.0114048,45.0359139],[39.0113384,45.0360413]]}},{"type":"Feature","id":549550681,"properties":{"highway":"primary","name":"Северная улица"},"geometry":{"type":"LineString","coordinates":[[39.0130581,45.0343964],[39.0122545,45.0345079]]}},{"type":"Feature","id":549550682,"properties":{"highway":"secondary","name":"Передовая улица"},"geometry":{"type":"LineString","coordinates":[[39.0117799,45.0350107],[39.0118921,45.0347516]]}},{"type":"Feature","id":560744287,"properties":{"highway":"footway","name":null},"geometry":{"type":"LineString","coordinates":[[39.0233557,45.0112118],[39.0230731,45.0112817]]}},{"type":"Feature","id":560744288,"properties":{"highway":"footway","name":null},"geometry":{"type":"LineString","coordinates":[[39.0235146,45.0111729],[39.0233557,45.0112118]]}},{"type":"Feature","id":560744289,"properties":{"highway":"footway","name":null},"geometry":{"type":"LineString","coordinates":[[39.023904,45.0111344],[39.023778,45.0111228],[39.0235146,45.0111729]]}},{"type":"Feature","id":562685053,"properties":{"highway":"footway","name":null},"geometry":{"type":"LineString","coordinates":[[39.0052131,45.0262787],[39.0052057,45.0263228],[39.0051782,45.0263597],[39.005209,45.0263999]]}},{"type":"Feature","id":564067678,"properties":{"highway":"service","name":null},"geometry":{"type":"LineString","coordinates":[[39.0278984,45.0140493],[39.0281733,45.0138856]]}},{"type":"Feature","id":571037288,"properties":{"highway":"footway","name":null},"geometry":{"type":"LineString","coordinates":[[39.0172393,45.0258814],[39.0172527,45.0259264]]}},{"type":"Feature","id":571037289,"properties":{"highway":"footway","name":null},"geometry":{"type":"LineString","coordinates":[[39.0171945,45.0257308],[39.0172393,45.0258814]]}},{"type":"Feature","id":571037290,"properties":{"highway":"residential","name":"Весёлый переулок"},"geometry":{"type":"LineString","coordinates":[[39.0251166,45.0335863],[39.0251395,45.0335552]]}},{"type":"Feature","id":571037291,"properties":{"highway":"service","name":null},"geometry":{"type":"LineString","coordinates":[[39.0160128,45.0357674],[39.0160856,45.0358691],[39.016174,45.0359872]]}},{"type":"Feature","id":571037301,"properties":{"highway":"footway","name":null},"geometry":{"type":"LineString","coordinates":[[39.0122209,45.0364717],[39.0122759,45.0366915]]}},{"type":"Feature","id":571631622,"properties":{"highway":"service","name":null},"geometry":{"type":"LineString","coordinates":[[39.0334533,45.0029076],[39.0335913,45.0028061],[39.0337335,45.0027015],[39.0337748,45.0026711],[39.0345467,45.0032154],[39.0346751,45.003172],[39.0348612,45.003308],[39.0348876,45.003367],[39.0348955,45.0034867],[39.0349087,45.0035987],[39.0349166,45.0037062],[39.0346416,45.0040322],[39.0345794,45.004113],[39.0345676,45.0042252]]}},{"type":"Feature","id":572061228,"properties":{"highway":"service","name":null},"geometry":{"type":"LineString","coordinates":[[39.055858,45.0128859],[39.0559686,45.0128314],[39.055994,45.012816],[39.0560934,45.0127337],[39.0565051,45.0128275]]}},{"type":"Feature","id":572061234,"properties":{"highway":"service","name":null},"geometry":{"type":"LineString","coordinates":[[39.0308169,45.0137503],[39.0306737,45.0138538],[39.0289578,45.0142192],[39.0287209,45.0141988]]}},{"type":"Feature","id":572061243,"properties":{"highway":"service","name":null},"geometry":{"type":"LineString","coordinates":[[39.0150784,45.0167815],[39.0149235,45.0167729],[39.0147337,45.0167624],[39.014599,45.0170047]]}},{"type":"Feature","id":575188412,"properties":{"highway":"service","name":null},"geometry":{"type":"LineString","coordinates":[[39.049864,45.0249312],[39.0496239,45.0249312],[39.0495961,45.0249265],[39.049581,45.0249148],[39.0495771,45.0248988],[39.0495758,45.0248622],[39.0495485,45.0240992],[39.0495119,45.0230793],[39.049506,45.0229138],[39.0495092,45.0228949],[39.0495341,45.0228783],[39.0495649,45.0228745],[39.0496373,45.0228745]]}},{"type":"Feature","id":575188413,"properties":{"highway":"service","name":null},"geometry":{"type":"LineString","coordinates":[[39.04999,45.0259514],[39.0496051,45.0259514],[39.0495676,45.0259486],[39.0495481,45.0259324],[39.0495461,45.0259144],[39.0495461,45.0256154],[39.0495461,45.0251884],[39.0495461,45.0251102],[39.0495495,45.0250945],[39.0495729,45.0250798],[39.0496058,45.0250756],[39.0496239,45.0250756],[39.0498506,45.0250756]]}},{"type":"Feature","id":575286297,"properties":{"highway":"tertiary","name":null},"geometry":{"type":"LineString","coordinates":[[39.028944,45.0357316],[39.0286986,45.0356634],[39.0284823,45.0356022]]}},{"type":"Feature","id":575286298,"properties":{"highway":"tertiary","name":null},"geometry":{"type":"LineString","coordinates":[[39.0287211,45.0352414],[39.028747,45.0353469],[39.0287482,45.0353782],[39.028747,45.0354095],[39.0287447,45.0354403],[39.0287411,45.0354841],[39.0287416,45.0355535],[39.0287612,45.0355962],[39.0287925,45.0356265],[39.0288797,45.035672],[39.0290628,45.0357642]]}},{"type":"Feature","id":578406138,"properties":{"highway":"footway","name":null},"geometry":{"type":"LineString","coordinates":[[39.0333016,45.0179062],[39.0334189,45.0176912],[39.0338239,45.0176039],[39.0338748,45.0175281],[39.0340459,45.017492]]}},{"type":"Feature","id":578910802,"properties":{"highway":"primary","name":"Северная улица"},"geometry":{"type":"LineString","coordinates":[[39.017386,45.0343733],[39.0175402,45.0343795]]}},{"type":"Feature","id":578910808,"properties":{"highway":"secondary","name":"Школьная улица"},"geometry":{"type":"LineString","coordinates":[[39.0196831,45.0356143],[39.0212987,45.0360298]]}},{"type":"Feature","id":578910813,"properties":{"highway":"secondary","name":"Школьная улица"},"geometry":{"type":"LineString","coordinates":[[39.0212987,45.0360298],[39.0214273,45.0360664],[39.021901,45.0361974]]}},{"type":"Feature","id":578910818,"properties":{"highway":"secondary","name":"Школьная улица"},"geometry":{"type":"LineString","coordinates":[[39.0177302,45.0350782],[39.0182949,45.0352341]]}},{"type":"Feature","id":579471894,"properties":{"highway":"secondary","name":"Школьная улица"},"geometry":{"type":"LineString","coordinates":[[39.0174098,45.0349548],[39.017379,45.0349055]]}},{"type":"Feature","id":579471895,"properties":{"highway":"secondary","name":null},"geometry":{"type":"LineString","coordinates":[[39.0174098,45.0349548],[39.0172047,45.0350259]]}},{"type":"Feature","id":579471896,"properties":{"highway":"secondary","name":null},"geometry":{"type":"LineString","coordinates":[[39.0111986,45.0361686],[39.0112703,45.0361569],[39.0114727,45.0361232],[39.0115522,45.0361084],[39.0124776,45.0359219],[39.0136983,45.0356778],[39.013982,45.0356201],[39.0148388,45.035443],[39.0154428,45.0353164],[39.0162009,45.0351597],[39.0171825,45.0349657]]}},{"type":"Feature","id":579471897,"properties":{"highway":"secondary","name":"улица Филатова"},"geometry":{"type":"LineString","coordinates":[[39.0172047,45.0350259],[39.0166257,45.0351326],[39.016219,45.0352076]]}},{"type":"Feature","id":579471900,"properties":{"highway":"secondary","name":"Восточно-Кругликовская улица"},"geometry":{"type":"LineString","coordinates":[[39.0273673,45.0390905],[39.0274117,45.0388565],[39.0274248,45.0387829],[39.0274491,45.0385324]]}},{"type":"Feature","id":579495328,"properties":{"highway":"service","name":null},"geometry":{"type":"LineString","coordinates":[[39.0233326,45.0365776],[39.0233038,45.0366388]]}},{"type":"Feature","id":579495329,"properties":{"highway":"residential","name":"Весёлый переулок"},"geometry":{"type":"LineString","coordinates":[[39.0231912,45.0366079],[39.0232132,45.0365475]]}},{"type":"Feature","id":579495331,"properties":{"highway":"footway","name":null},"geometry":{"type":"LineString","coordinates":[[39.0230008,45.0366501],[39.0230424,45.036568],[39.023073,45.0365082],[39.0231036,45.0364482],[39.0232327,45.0364853],[39.0245629,45.0368377]]}},{"type":"Feature","id":579495332,"properties":{"highway":"footway","name":null},"geometry":{"type":"LineString","coordinates":[[39.0213046,45.0359885],[39.0214513,45.0360312],[39.0214273,45.0360664],[39.0213922,45.0361238],[39.0213438,45.0362022]]}},{"type":"Feature","id":579495334,"properties":{"highway":"primary","name":"Северная улица"},"geometry":{"type":"LineString","coordinates":[[39.0119107,45.0344018],[39.0120098,45.0343828]]}},{"type":"Feature","id":579495335,"properties":{"highway":"residential","name":"Передовая улица"},"geometry":{"type":"LineString","coordinates":[[39.01204,45.0342701],[39.0120098,45.0343828]]}},{"type":"Feature","id":579495337,"properties":{"highway":"primary","name":"Северная улица"},"geometry":{"type":"LineString","coordinates":[[39.0120487,45.0345374],[39.0119501,45.0345526]]}},{"type":"Feature","id":579495338,"properties":{"highway":"secondary","name":"Передовая улица"},"geometry":{"type":"LineString","coordinates":[[39.0120487,45.0345374],[39.0120011,45.0346393]]}},{"type":"Feature","id":579495339,"properties":{"highway":"residential","name":"Передовая улица"},"geometry":{"type":"LineString","coordinates":[[39.0119107,45.0344018],[39.01204,45.0342701]]}},{"type":"Feature","id":579495340,"properties":{"highway":"secondary","name":"Передовая улица"},"geometry":{"type":"LineString","coordinates":[[39.0111604,45.0362254],[39.0111986,45.0361686]]}},{"type":"Feature","id":579495341,"properties":{"highway":"service","name":null},"geometry":{"type":"LineString","coordinates":[[39.0124776,45.0359219],[39.0124997,45.0359711]]}},{"type":"Feature","id":579495342,"properties":{"highway":"footway","name":null},"geometry":{"type":"LineString","coordinates":[[39.013622,45.0355087],[39.0136983,45.0356778],[39.0137209,45.0357237],[39.0137758,45.0358357]]}},{"type":"Feature","id":579495344,"properties":{"highway":"secondary","name":"Передовая улица"},"geometry":{"type":"LineString","coordinates":[[39.0112703,45.0361569],[39.0112354,45.036216]]}},{"type":"Feature","id":580141996,"properties":{"highway":"footway","name":null},"geometry":{"type":"LineString","coordinates":[[39.0116997,45.034694],[39.0116617,45.0346979]]}},{"type":"Feature","id":580141997,"properties":{"highway":"service","name":null},"geometry":{"type":"LineString","coordinates":[[39.0186457,45.0375111],[39.0185992,45.0375203],[39.0183762,45.0375456]]}},{"type":"Feature","id":581992893,"properties":{"highway":"tertiary","name":"Промышленная улица"},"geometry":{"type":"LineString","coordinates":[[39.0038558,45.0385196],[39.0044976,45.0384168],[39.0066588,45.0380564]]}},{"type":"Feature","id":584111240,"properties":{"highway":"secondary","name":"Северная улица"},"geometry":{"type":"LineString","coordinates":[[39.0272371,45.0317052],[39.0276472,45.0316603]]}},{"type":"Feature","id":584111241,"properties":{"highway":"secondary","name":"Северная улица"},"geometry":{"type":"LineString","coordinates":[[39.0265184,45.0316493],[39.026275,45.0317814]]}},{"type":"Feature","id":584111242,"properties":{"highway":"secondary_link","name":"Северная улица"},"geometry":{"type":"LineString","coordinates":[[39.0269478,45.0321746],[39.026697,45.0322264]]}},{"type":"Feature","id":584111243,"properties":{"highway":"secondary","name":"Северная улица"},"geometry":{"type":"LineString","coordinates":[[39.0264139,45.0327973],[39.0261532,45.0329406],[39.025916,45.0329659]]}},{"type":"Feature","id":584111244,"properties":{"highway":"secondary","name":"Новороссийская улица"},"geometry":{"type":"LineString","coordinates":[[39.0075676,45.0256123],[39.0077593,45.0257386]]}},{"type":"Feature","id":584111245,"properties":{"highway":"secondary","name":"Новороссийская улица"},"geometry":{"type":"LineString","coordinates":[[39.008357,45.0261131],[39.0080478,45.0259882],[39.007826,45.025865],[39.0076347,45.0257534]]}},{"type":"Feature","id":584111246,"properties":{"highway":"secondary","name":"Новороссийская улица"},"geometry":{"type":"LineString","coordinates":[[39.0143589,45.0284954],[39.0128012,45.0278783],[39.0120356,45.0275767],[39.0116323,45.0274147],[39.0105849,45.027002],[39.0096674,45.0266358],[39.009064,45.0264001],[39.008357,45.0261131]]}},{"type":"Feature","id":584111247,"properties":{"highway":"secondary","name":"Новороссийская улица"},"geometry":{"type":"LineString","coordinates":[[39.0153007,45.0288599],[39.0143589,45.0284954]]}},{"type":"Feature","id":584111248,"properties":{"highway":"secondary","name":"Новороссийская улица"},"geometry":{"type":"LineString","coordinates":[[39.0155317,45.0289428],[39.0153007,45.0288599]]}},{"type":"Feature","id":584111249,"properties":{"highway":"tertiary","name":"улица Селезнёва"},"geometry":{"type":"LineString","coordinates":[[39.0153978,45.0288007],[39.0153007,45.0288599]]}},{"type":"Feature","id":584111250,"properties":{"highway":"secondary","name":"Северная улица"},"geometry":{"type":"LineString","coordinates":[[39.025067,45.0325111],[39.0249958,45.0325566]]}},{"type":"Feature","id":584111251,"properties":{"highway":"secondary","name":"Новороссийская улица"},"geometry":{"type":"LineString","coordinates":[[39.0245737,45.0324055],[39.0239668,45.0321732],[39.0237573,45.0320972],[39.0224774,45.0315896],[39.0203154,45.0307657],[39.020251,45.0307427],[39.0190382,45.0302782],[39.0171942,45.0295693],[39.0159697,45.0291038],[39.0155317,45.0289428]]}},{"type":"Feature","id":584111252,"properties":{"highway":"service","name":null},"geometry":{"type":"LineString","coordinates":[[39.0237573,45.0320972],[39.0238037,45.0320387],[39.0238981,45.0319114],[39.023986,45.0318327],[39.0241202,45.0317748],[39.0242005,45.0316858],[39.0244151,45.0314185]]}},{"type":"Feature","id":588241998,"properties":{"highway":"service","name":null},"geometry":{"type":"LineString","coordinates":[[39.028893,45.0148583],[39.0290983,45.0148166],[39.0294081,45.0148185],[39.0296803,45.0147938],[39.0308551,45.0145454]]}},{"type":"Feature","id":588461032,"properties":{"highway":"service","name":null},"geometry":{"type":"LineString","coordinates":[[39.0040897,45.0267631],[39.0043764,45.026811],[39.0045306,45.0268367],[39.0045896,45.0268576],[39.0046272,45.0269031],[39.0050268,45.0277504],[39.0050402,45.0278149],[39.0050214,45.0278569],[39.0049839,45.0279062],[39.004418,45.028268],[39.0042137,45.0283813],[39.0041685,45.0284139],[39.0040961,45.0284234],[39.0040129,45.0284253],[39.0038587,45.0284097],[39.0036452,45.0283881]]}},{"type":"Feature","id":588966093,"properties":{"highway":"service","name":null},"geometry":{"type":"LineString","coordinates":[[39.0105186,45.0252367],[39.0106085,45.0253429],[39.0104965,45.0255759],[39.0104583,45.0258964]]}},{"type":"Feature","id":588966094,"properties":{"highway":"service","name":null},"geometry":{"type":"LineString","coordinates":[[39.0108866,45.0270332],[39.0109097,45.0270089],[39.0109181,45.0269998],[39.0110681,45.0268371]]}},{"type":"Feature","id":588966097,"properties":{"highway":"secondary","name":"Новороссийская улица"},"geometry":{"type":"LineString","coordinates":[[39.0065642,45.0251915],[39.0055249,45.0247743],[39.0045398,45.0244017],[39.002952,45.0237991],[39.0022771,45.0235374],[39.0003803,45.0227808],[38.9999922,45.022621],[38.9996944,45.0225039],[38.999358,45.0223494],[38.9991611,45.0222472]]}},{"type":"Feature","id":588966098,"properties":{"highway":"tertiary","name":"Новороссийская улица"},"geometry":{"type":"LineString","coordinates":[[39.007398,45.0255149],[39.0075676,45.0256123]]}},{"type":"Feature","id":588966099,"properties":{"highway":"secondary","name":"улица Шевченко"},"geometry":{"type":"LineString","coordinates":[[39.0075676,45.0256123],[39.0075176,45.0256775]]}},{"type":"Feature","id":588966101,"properties":{"highway":"secondary","name":"Новороссийская улица"},"geometry":{"type":"LineString","coordinates":[[39.0075176,45.0256775],[39.007357,45.0255739],[39.0065642,45.0251915]]}},{"type":"Feature","id":588966102,"properties":{"highway":"service","name":null},"geometry":{"type":"LineString","coordinates":[[39.0138394,45.0282022],[39.0138684,45.0281707],[39.0138779,45.0281582],[39.0142482,45.0276689]]}},{"type":"Feature","id":588966103,"properties":{"highway":"unclassified","name":null},"geometry":{"type":"LineString","coordinates":[[39.0190382,45.0302782],[39.0190853,45.0302205]]}},{"type":"Feature","id":588966104,"properties":{"highway":"footway","name":null},"geometry":{"type":"LineString","coordinates":[[39.0202081,45.0307882],[39.020251,45.0307427],[39.0202884,45.0306892],[39.0203127,45.0306574],[39.019103,45.030183],[39.0172544,45.029479],[39.0165593,45.0292021],[39.0160624,45.029015],[39.0157997,45.0288574]]}},{"type":"Feature","id":588966105,"properties":{"highway":"residential","name":"4-й проезд Васнецова"},"geometry":{"type":"LineString","coordinates":[[39.0203154,45.0307657],[39.0203555,45.0307159]]}},{"type":"Feature","id":588966107,"properties":{"highway":"unclassified","name":null},"geometry":{"type":"LineString","coordinates":[[39.0224774,45.0315896],[39.0225104,45.0315434]]}},{"type":"Feature","id":588966108,"properties":{"highway":"service","name":null},"geometry":{"type":"LineString","coordinates":[[39.022844,45.0311352],[39.0239337,45.0315626]]}},{"type":"Feature","id":588966109,"properties":{"highway":"service","name":null},"geometry":{"type":"LineString","coordinates":[[39.0225104,45.0315434],[39.0226254,45.031439],[39.022844,45.0311352],[39.0232792,45.030605]]}},{"type":"Feature","id":588966110,"properties":{"highway":"secondary","name":"Новороссийская улица"},"geometry":{"type":"LineString","coordinates":[[39.0254572,45.0327359],[39.0249958,45.0325566]]}},{"type":"Feature","id":588966111,"properties":{"highway":"secondary","name":"Новороссийская улица"},"geometry":{"type":"LineString","coordinates":[[39.0249958,45.0325566],[39.0245737,45.0324055]]}},{"type":"Feature","id":589248370,"properties":{"highway":"service","name":null},"geometry":{"type":"LineString","coordinates":[[39.0165287,45.0292373],[39.0165593,45.0292021],[39.0166542,45.0290774]]}},{"type":"Feature","id":589248372,"properties":{"highway":"service","name":null},"geometry":{"type":"LineString","coordinates":[[39.0092886,45.0261568],[39.0093787,45.026122],[39.0095168,45.02605],[39.0103081,45.0259296]]}},{"type":"Feature","id":589248373,"properties":{"highway":"path","name":null},"geometry":{"type":"LineString","coordinates":[[39.0106573,45.0269116],[39.0107097,45.0269336],[39.0109097,45.0270089],[39.0117107,45.0273092],[39.0120924,45.0274608],[39.0128829,45.0277755],[39.0138684,45.0281707],[39.0145844,45.0284467],[39.0149729,45.0285964],[39.0153488,45.0287282],[39.0154489,45.0286814],[39.0154855,45.0286274],[39.0155349,45.0286367],[39.0157518,45.0286695]]}},{"type":"Feature","id":589248374,"properties":{"highway":"footway","name":null},"geometry":{"type":"LineString","coordinates":[[39.0074959,45.0254874],[39.0076483,45.0255081],[39.0078252,45.0255787],[39.0079324,45.0256481],[39.0080651,45.0257608],[39.0082394,45.0259125],[39.0083687,45.0259954],[39.009168,45.026309],[39.0106573,45.0269116]]}},{"type":"Feature","id":589248375,"properties":{"highway":"footway","name":null},"geometry":{"type":"LineString","coordinates":[[39.0105508,45.0270367],[39.0115741,45.0274282]]}},{"type":"Feature","id":589248376,"properties":{"highway":"footway","name":null},"geometry":{"type":"LineString","coordinates":[[39.0105508,45.0270367],[39.0105849,45.027002]]}},{"type":"Feature","id":589248377,"properties":{"highway":"footway","name":null},"geometry":{"type":"LineString","coordinates":[[39.0105849,45.027002],[39.010643,45.0269365],[39.0106573,45.0269116]]}},{"type":"Feature","id":592334393,"properties":{"highway":"secondary","name":"улица Селезнёва"},"geometry":{"type":"LineString","coordinates":[[39.054541,45.0148796],[39.0546449,45.014718],[39.0548113,45.0144458],[39.0548264,45.0144173],[39.0549177,45.0142775],[39.0550526,45.0140749]]}},{"type":"Feature","id":592334394,"properties":{"highway":"secondary","name":"улица Селезнёва"},"geometry":{"type":"LineString","coordinates":[[39.0550526,45.0140749],[39.0551688,45.013868]]}},{"type":"Feature","id":592334395,"properties":{"highway":"footway","name":null},"geometry":{"type":"LineString","coordinates":[[39.0544733,45.0143271],[39.0546007,45.0143795],[39.0548113,45.0144458],[39.0549331,45.0144805],[39.055013,45.0145033]]}},{"type":"Feature","id":592334396,"properties":{"highway":"service","name":null},"geometry":{"type":"LineString","coordinates":[[39.0544733,45.0143271],[39.0546002,45.0143546],[39.0546743,45.0143771],[39.0548264,45.0144173]]}},{"type":"Feature","id":592334397,"properties":{"highway":"secondary","name":"улица Селезнёва"},"geometry":{"type":"LineString","coordinates":[[39.052001,45.019212],[39.0521633,45.0189286]]}},{"type":"Feature","id":592334398,"properties":{"highway":"service","name":null},"geometry":{"type":"LineString","coordinates":[[39.0534863,45.01957],[39.0541837,45.0194638],[39.0549642,45.0196268],[39.0549561,45.0193405]]}},{"type":"Feature","id":592334399,"properties":{"highway":"service","name":null},"geometry":{"type":"LineString","coordinates":[[39.0520674,45.0193036],[39.052227,45.0193368],[39.0522865,45.0193494],[39.0523061,45.0193535],[39.0523303,45.0193586],[39.0534863,45.01957],[39.0550742,45.0199074]]}},{"type":"Feature","id":592334400,"properties":{"highway":"service","name":null},"geometry":{"type":"LineString","coordinates":[[39.0521575,45.019152],[39.0523578,45.019175],[39.052394,45.0191791],[39.0532731,45.0192894],[39.0550071,45.0189699]]}},{"type":"Feature","id":592334401,"properties":{"highway":"service","name":null},"geometry":{"type":"LineString","coordinates":[[39.0546449,45.014718],[39.054762,45.0147535],[39.0548317,45.0147709],[39.0549561,45.0148062],[39.0551623,45.0148664],[39.0552713,45.0148943],[39.0555342,45.0144743]]}},{"type":"Feature","id":592334402,"properties":{"highway":"service","name":null},"geometry":{"type":"LineString","coordinates":[[39.054541,45.0148796],[39.0546731,45.014915],[39.0547521,45.0149351],[39.0548676,45.0149673],[39.0551251,45.0150384],[39.0550205,45.01521],[39.0550862,45.0154338]]}},{"type":"Feature","id":592334403,"properties":{"highway":"service","name":null},"geometry":{"type":"LineString","coordinates":[[39.0553163,45.0139135],[39.0551688,45.013868]]}},{"type":"Feature","id":592334405,"properties":{"highway":"service","name":null},"geometry":{"type":"LineString","coordinates":[[39.0542982,45.015292],[39.0544383,45.0153348]]}},{"type":"Feature","id":592334406,"properties":{"highway":"service","name":null},"geometry":{"type":"LineString","coordinates":[[39.0544383,45.0153348],[39.0545016,45.0153477],[39.0546235,45.0153731],[39.0550111,45.0155466],[39.0550527,45.0164434]]}},{"type":"Feature","id":592334407,"properties":{"highway":"footway","name":null},"geometry":{"type":"LineString","coordinates":[[39.0540421,45.0160918],[39.0539813,45.016071],[39.0538317,45.0160325],[39.0537142,45.0160001]]}},{"type":"Feature","id":592334408,"properties":{"highway":"service","name":null},"geometry":{"type":"LineString","coordinates":[[39.0538751,45.0162463],[39.0539336,45.0162685],[39.0540794,45.0163135]]}},{"type":"Feature","id":592334409,"properties":{"highway":"service","name":null},"geometry":{"type":"LineString","coordinates":[[39.0537268,45.016208],[39.0538751,45.0162463]]}},{"type":"Feature","id":592334410,"properties":{"highway":"service","name":null},"geometry":{"type":"LineString","coordinates":[[39.0527863,45.0180397],[39.0526797,45.0180098]]}},{"type":"Feature","id":592334411,"properties":{"highway":"service","name":null},"geometry":{"type":"LineString","coordinates":[[39.0523543,45.0187977],[39.052261,45.0187585]]}},{"type":"Feature","id":592334412,"properties":{"highway":"secondary","name":"улица Селезнёва"},"geometry":{"type":"LineString","coordinates":[[39.0519338,45.0193194],[39.052001,45.019212]]}},{"type":"Feature","id":592334413,"properties":{"highway":"tertiary","name":"улица Селезнёва"},"geometry":{"type":"LineString","coordinates":[[39.0520523,45.0193404],[39.052001,45.019212]]}},{"type":"Feature","id":592334414,"properties":{"highway":"service","name":null},"geometry":{"type":"LineString","coordinates":[[39.0517341,45.0198172],[39.0516528,45.0197912]]}},{"type":"Feature","id":592334415,"properties":{"highway":"service","name":null},"geometry":{"type":"LineString","coordinates":[[39.0506243,45.0208801],[39.0506373,45.0207582],[39.0501872,45.019807]]}},{"type":"Feature","id":592334416,"properties":{"highway":"service","name":null},"geometry":{"type":"LineString","coordinates":[[39.0519139,45.0185563],[39.0521036,45.018239]]}},{"type":"Feature","id":592334417,"properties":{"highway":"service","name":null},"geometry":{"type":"LineString","coordinates":[[39.0526829,45.0174976],[39.052577,45.017691],[39.0526025,45.0177469]]}},{"type":"Feature","id":592334418,"properties":{"highway":"service","name":null},"geometry":{"type":"LineString","coordinates":[[39.0525033,45.0179223],[39.0526025,45.0177469],[39.0526661,45.0177646],[39.0527974,45.0178015]]}},{"type":"Feature","id":592334419,"properties":{"highway":"secondary","name":"улица Селезнёва"},"geometry":{"type":"LineString","coordinates":[[39.0553357,45.0135973],[39.0555046,45.0133063]]}},{"type":"Feature","id":592334420,"properties":{"highway":"footway","name":null},"geometry":{"type":"LineString","coordinates":[[39.0570787,45.0131005],[39.0570405,45.0131756],[39.0569987,45.0132523],[39.0569832,45.0132826],[39.0569378,45.0133718],[39.0568789,45.0134888]]}},{"type":"Feature","id":592334421,"properties":{"highway":"primary","name":"Трамвайная улица"},"geometry":{"type":"LineString","coordinates":[[39.0561821,45.0131844],[39.0556483,45.0130502]]}},{"type":"Feature","id":592334422,"properties":{"highway":"secondary","name":"улица Селезнёва"},"geometry":{"type":"LineString","coordinates":[[39.0520523,45.0193404],[39.0518947,45.0195782],[39.0517341,45.0198172],[39.0517208,45.0198396],[39.0515344,45.0201552],[39.0513862,45.0203655],[39.0512894,45.0204773],[39.0512027,45.020566],[39.0510447,45.0207003],[39.05087,45.020837],[39.0506816,45.0209399],[39.0503674,45.0210798]]}},{"type":"Feature","id":592334424,"properties":{"highway":"service","name":null},"geometry":{"type":"LineString","coordinates":[[39.054704,45.0181138],[39.0549508,45.0181631],[39.0549588,45.0185177],[39.0545141,45.0185673]]}},{"type":"Feature","id":592334425,"properties":{"highway":"service","name":null},"geometry":{"type":"LineString","coordinates":[[39.054582,45.0188343],[39.0549119,45.0187718]]}},{"type":"Feature","id":592334426,"properties":{"highway":"service","name":null},"geometry":{"type":"LineString","coordinates":[[39.054531,45.0186277],[39.054582,45.0188343],[39.0534984,45.0190486],[39.0532918,45.0190817],[39.0529619,45.0190258],[39.052691,45.0189623],[39.0526575,45.0189102]]}},{"type":"Feature","id":592334427,"properties":{"highway":"service","name":null},"geometry":{"type":"LineString","coordinates":[[39.054468,45.018403],[39.0545141,45.0185673],[39.054531,45.0186277],[39.0534407,45.0188599],[39.0531188,45.0188429],[39.0527401,45.0187797]]}},{"type":"Feature","id":592334428,"properties":{"highway":"service","name":null},"geometry":{"type":"LineString","coordinates":[[39.0528386,45.0185821],[39.0529284,45.018402]]}},{"type":"Feature","id":592334429,"properties":{"highway":"service","name":null},"geometry":{"type":"LineString","coordinates":[[39.0526575,45.0189102],[39.0527401,45.0187797],[39.0528386,45.0185821]]}},{"type":"Feature","id":592334430,"properties":{"highway":"service","name":null},"geometry":{"type":"LineString","coordinates":[[39.0523543,45.0187977],[39.0524865,45.0188605],[39.0525505,45.0188909],[39.0526575,45.0189102]]}},{"type":"Feature","id":592334431,"properties":{"highway":"service","name":null},"geometry":{"type":"LineString","coordinates":[[39.0529284,45.018402],[39.0531027,45.0184343],[39.0533683,45.0184447],[39.0543996,45.0182105],[39.054468,45.018403],[39.053387,45.0186561],[39.0531148,45.0186352],[39.0528386,45.0185821]]}},{"type":"Feature","id":592334432,"properties":{"highway":"service","name":null},"geometry":{"type":"LineString","coordinates":[[39.0556455,45.0143217],[39.0554389,45.0142572],[39.0555443,45.0140757]]}},{"type":"Feature","id":592334433,"properties":{"highway":"secondary","name":"улица Селезнёва"},"geometry":{"type":"LineString","coordinates":[[39.0538751,45.0162463],[39.0535039,45.0168275],[39.0531827,45.0173532],[39.0527863,45.0180397],[39.0523543,45.0187977],[39.0521575,45.019152]]}},{"type":"Feature","id":592334434,"properties":{"highway":"secondary","name":"улица Селезнёва"},"geometry":{"type":"LineString","coordinates":[[39.0553163,45.0139135],[39.0550468,45.0143143],[39.0549331,45.0144805],[39.054762,45.0147535],[39.0546731,45.014915],[39.0545388,45.015165],[39.0544383,45.0153348]]}},{"type":"Feature","id":592334436,"properties":{"highway":"secondary","name":"улица Селезнёва"},"geometry":{"type":"LineString","coordinates":[[39.0561821,45.0131844],[39.055919,45.0131745],[39.055836,45.0131821],[39.0557974,45.0131915],[39.0557345,45.0132191],[39.0553163,45.0139135]]}},{"type":"Feature","id":592335911,"properties":{"highway":"tertiary","name":"улица Селезнёва"},"geometry":{"type":"LineString","coordinates":[[39.0517342,45.0210736],[39.0519573,45.019892],[39.0519924,45.0197062],[39.052004,45.0196426],[39.0520114,45.0196024]]}},{"type":"Feature","id":594655535,"properties":{"highway":"footway","name":null},"geometry":{"type":"LineString","coordinates":[[39.0252745,45.0335194],[39.0252527,45.0335475],[39.0252206,45.0335888],[39.0251981,45.0336179]]}},{"type":"Feature","id":594655536,"properties":{"highway":"secondary","name":null},"geometry":{"type":"LineString","coordinates":[[39.0240644,45.0331216],[39.0237845,45.0330058]]}},{"type":"Feature","id":595747752,"properties":{"highway":"secondary","name":"улица Селезнёва"},"geometry":{"type":"LineString","coordinates":[[39.0555046,45.0133063],[39.0555409,45.0132352],[39.0555695,45.0131849],[39.0555797,45.0131708]]}},{"type":"Feature","id":595747753,"properties":{"highway":"secondary","name":"улица Селезнёва"},"geometry":{"type":"LineString","coordinates":[[39.0555046,45.0133063],[39.055483,45.0131448],[39.0554825,45.0131412],[39.0554506,45.0130983],[39.0554176,45.0130726],[39.0553841,45.0130484],[39.0553397,45.0130124],[39.0552547,45.0129509]]}},{"type":"Feature","id":602847452,"properties":{"highway":"tertiary","name":"Таманская улица"},"geometry":{"type":"LineString","coordinates":[[39.0144829,45.0209391],[39.0144988,45.0208198],[39.0145483,45.0205253],[39.0145779,45.0203486],[39.0146345,45.0200117],[39.0146645,45.0198395],[39.0147145,45.0194582],[39.0148684,45.0182846]]}},{"type":"Feature","id":603462806,"properties":{"highway":"footway","name":null},"geometry":{"type":"LineString","coordinates":[[39.0085497,45.024145],[39.0083667,45.0240323],[39.0079098,45.0237813],[39.0071485,45.0235737]]}},{"type":"Feature","id":603462807,"properties":{"highway":"footway","name":null},"geometry":{"type":"LineString","coordinates":[[39.0071485,45.0235737],[39.0053779,45.0232622],[39.0040227,45.0229457]]}},{"type":"Feature","id":604339210,"properties":{"highway":"service","name":null},"geometry":{"type":"LineString","coordinates":[[39.0095067,45.0236781],[39.0094622,45.0238485]]}},{"type":"Feature","id":604339211,"properties":{"highway":"service","name":null},"geometry":{"type":"LineString","coordinates":[[39.0092609,45.0233751],[39.0093134,45.0234481],[39.0093685,45.0235246],[39.0095067,45.0236781]]}},{"type":"Feature","id":604339212,"properties":{"highway":"service","name":null},"geometry":{"type":"LineString","coordinates":[[39.0087786,45.0240118],[39.0089041,45.0240299],[39.0097529,45.0241523],[39.0101793,45.0242547]]}},{"type":"Feature","id":605910160,"properties":{"highway":"service","name":null},"geometry":{"type":"LineString","coordinates":[[39.0144211,45.0216466],[39.013804,45.0215881]]}},{"type":"Feature","id":606256715,"properties":{"highway":"footway","name":null},"geometry":{"type":"LineString","coordinates":[[39.0051426,45.0259848],[39.0051901,45.025945],[39.0052022,45.0259349],[39.0052915,45.0258602],[39.00541,45.0257611],[39.0056649,45.0255478]]}},{"type":"Feature","id":606256716,"properties":{"highway":"footway","name":null},"geometry":{"type":"LineString","coordinates":[[39.0056649,45.0255478],[39.0064677,45.0258472],[39.006576,45.0258867],[39.0077541,45.0263166],[39.0078045,45.026335]]}},{"type":"Feature","id":606256717,"properties":{"highway":"footway","name":null},"geometry":{"type":"LineString","coordinates":[[39.0064677,45.0258472],[39.0065295,45.0258132]]}},{"type":"Feature","id":606256718,"properties":{"highway":"footway","name":null},"geometry":{"type":"LineString","coordinates":[[39.0078045,45.026335],[39.0078827,45.0263523],[39.0093148,45.0271106]]}},{"type":"Feature","id":606259495,"properties":{"highway":"footway","name":null},"geometry":{"type":"LineString","coordinates":[[39.0056649,45.0255478],[39.0055751,45.0255026],[39.0055162,45.0254358]]}},{"type":"Feature","id":619398279,"properties":{"highway":"track","name":null},"geometry":{"type":"LineString","coordinates":[[39.0104046,45.0004726],[39.0109894,45.0001653],[39.0114665,45.0000136],[39.0117957,44.9993608],[39.0119459,44.9991636],[39.0123321,44.998238],[39.0125681,44.9978283],[39.0128685,44.9971152],[39.0129544,44.996842],[39.013018,44.9965927],[39.0132333,44.9961592],[39.0134908,44.9956129],[39.0135981,44.9952488],[39.0137912,44.9949149],[39.0138556,44.9943687],[39.0139629,44.994141],[39.0139629,44.9937465],[39.0140916,44.9935644],[39.0142633,44.9933368],[39.0142955,44.9931092],[39.0143491,44.9929802],[39.0144028,44.9926539],[39.0144886,44.9923808],[39.0148856,44.99166],[39.0154649,44.9905522],[39.0156258,44.9901728],[39.0156795,44.9900059],[39.0157009,44.9896796],[39.0155829,44.989452],[39.0155507,44.9892774],[39.0156258,44.989065],[39.0157975,44.9888677],[39.0158833,44.9887235],[39.015937,44.9884428],[39.0162267,44.9878661],[39.0163769,44.987388],[39.0165593,44.98713],[39.016688,44.9866747],[39.0167524,44.9863636],[39.0168919,44.9858097],[39.0171601,44.9848535],[39.0172888,44.9845197],[39.0174068,44.9842161],[39.0174927,44.9837836],[39.0175213,44.9834942],[39.0177197,44.9830891],[39.0178317,44.9828922],[39.0178829,44.9827134],[39.0178896,44.9826073],[39.0179111,44.9823797],[39.0179862,44.9820913],[39.0179755,44.9817043],[39.0179969,44.9815297],[39.0180441,44.9813415],[39.0181043,44.9810839],[39.0180592,44.9809217],[39.0180663,44.9805426],[39.0179956,44.980191],[39.0179236,44.9800129],[39.0179453,44.9799105],[39.0179644,44.9798207],[39.0180463,44.9796815]]}},{"type":"Feature","id":619398286,"properties":{"highway":"path","name":null},"geometry":{"type":"LineString","coordinates":[[38.9989425,45.0026381],[38.9991537,45.0025627],[38.9992703,45.0023195],[38.9996492,45.0022164],[38.999999,45.0021587],[39.0002847,45.0021999],[39.0006461,45.0021257],[39.0009842,45.002101],[39.0014739,45.0021298],[39.0017829,45.0021958],[39.0022318,45.0022164],[39.0026107,45.0022659],[39.0029183,45.0021302],[39.0033103,45.0021793],[39.0044412,45.0023318],[39.0055164,45.0025351]]}},{"type":"Feature","id":640271794,"properties":{"highway":"service","name":null},"geometry":{"type":"LineString","coordinates":[[39.0540264,45.0307092],[39.0539342,45.0311259]]}},{"type":"Feature","id":640271796,"properties":{"highway":"service","name":null},"geometry":{"type":"LineString","coordinates":[[39.0547005,45.0320912],[39.0546076,45.0324955],[39.0545947,45.0325515],[39.0546021,45.0325883],[39.0546439,45.0326121],[39.0552291,45.0326824],[39.0559032,45.0327558],[39.0561427,45.0316372],[39.0561135,45.0316036],[39.0560635,45.0315852],[39.0550707,45.0314741],[39.055042,45.0314659],[39.0550161,45.0314473],[39.0549725,45.0313937],[39.0549461,45.0313752],[39.0549064,45.0313648],[39.0544479,45.0313094],[39.0544261,45.031301],[39.0544134,45.0312899],[39.0543481,45.0311962],[39.0543345,45.0311839],[39.0543146,45.0311767],[39.0539342,45.0311259],[39.05369,45.0310957],[39.0536525,45.0311027],[39.0536347,45.0311249],[39.0534423,45.0319216],[39.0534501,45.0319443],[39.0534799,45.0319573],[39.0535779,45.0319681],[39.0547005,45.0320912]]}},{"type":"Feature","id":640271797,"properties":{"highway":"service","name":null},"geometry":{"type":"LineString","coordinates":[[39.0552291,45.0326824],[39.0551387,45.0331384],[39.0551944,45.0331475],[39.0552426,45.0331576],[39.0565396,45.0334259],[39.0567041,45.0334595],[39.0567415,45.033462],[39.0567664,45.0334561],[39.0567877,45.0334441],[39.0568038,45.0334231],[39.0568281,45.0333088],[39.0568257,45.033293],[39.0568199,45.0332826],[39.0568054,45.0332691],[39.0567849,45.0332596],[39.0564053,45.0332194]]}},{"type":"Feature","id":642669327,"properties":{"highway":"footway","name":null},"geometry":{"type":"LineString","coordinates":[[39.0214513,45.0360312],[39.0219141,45.036155],[39.0231036,45.0364482]]}},{"type":"Feature","id":642669328,"properties":{"highway":"footway","name":null},"geometry":{"type":"LineString","coordinates":[[39.0245629,45.0368377],[39.0251723,45.0369984],[39.0254405,45.0371311],[39.0258911,45.0375405],[39.0260378,45.0376719],[39.0263242,45.0379509],[39.0271974,45.0388016]]}},{"type":"Feature","id":645172585,"properties":{"highway":"service","name":null},"geometry":{"type":"LineString","coordinates":[[39.0505789,45.0360963],[39.0499815,45.0363765],[39.0492379,45.0368521],[39.0488911,45.0370449]]}},{"type":"Feature","id":645173614,"properties":{"highway":"service","name":null},"geometry":{"type":"LineString","coordinates":[[39.0541175,45.0363439],[39.0538887,45.0372523],[39.0539047,45.0372764],[39.0539356,45.0372973],[39.0544964,45.0373736],[39.054531,45.0373977],[39.0545404,45.03743],[39.0545494,45.03748],[39.0545216,45.037519],[39.0544588,45.0375531],[39.0542702,45.0376052]]}},{"type":"Feature","id":645174469,"properties":{"highway":"service","name":null},"geometry":{"type":"LineString","coordinates":[[39.0469726,45.0350206],[39.0470978,45.0348743],[39.0471274,45.0347432],[39.0471633,45.0345837],[39.0464596,45.0345132]]}},{"type":"Feature","id":645174470,"properties":{"highway":"service","name":null},"geometry":{"type":"LineString","coordinates":[[39.0471274,45.0347432],[39.0477673,45.0348005],[39.0480069,45.0348219]]}},{"type":"Feature","id":645175159,"properties":{"highway":"service","name":null},"geometry":{"type":"LineString","coordinates":[[39.0441388,45.0358336],[39.0442516,45.0353162],[39.0441183,45.0349848],[39.0437481,45.0343813]]}},{"type":"Feature","id":650581141,"properties":{"highway":"service","name":null},"geometry":{"type":"LineString","coordinates":[[39.0294548,45.0176139],[39.0294537,45.0177839]]}},{"type":"Feature","id":650581143,"properties":{"highway":"service","name":null},"geometry":{"type":"LineString","coordinates":[[39.0299499,45.0175086],[39.0294548,45.0176139],[39.0292257,45.0176626],[39.0289112,45.0168991]]}},{"type":"Feature","id":650581144,"properties":{"highway":"service","name":null},"geometry":{"type":"LineString","coordinates":[[39.029679,45.0168412],[39.0296133,45.0166691],[39.0292659,45.0167449],[39.0289977,45.0168767],[39.0289112,45.0168991],[39.0287375,45.016944]]}},{"type":"Feature","id":656821318,"properties":{"highway":"path","name":null},"geometry":{"type":"LineString","coordinates":[[39.0286092,45.0234688],[39.0300972,45.022966],[39.0302822,45.0229048],[39.0303766,45.0227759],[39.0307194,45.0226986],[39.0315675,45.0224229],[39.0325599,45.0221708],[39.0340153,45.0218202],[39.0353732,45.0215156],[39.0352612,45.0213698]]}},{"type":"Feature","id":656826208,"properties":{"highway":"service","name":null},"geometry":{"type":"LineString","coordinates":[[39.0372264,45.0231148],[39.0372516,45.023168],[39.0372541,45.023177],[39.0372484,45.0231855],[39.0372381,45.0231895],[39.0371706,45.0232055],[39.0346713,45.0237989],[39.034534,45.0238315],[39.0343463,45.0238761]]}},{"type":"Feature","id":660255421,"properties":{"highway":"service","name":null},"geometry":{"type":"LineString","coordinates":[[39.0052789,45.0225769],[39.005228,45.0227399],[39.0051743,45.022903],[39.0051234,45.0230698]]}},{"type":"Feature","id":660255423,"properties":{"highway":"service","name":null},"geometry":{"type":"LineString","coordinates":[[39.0064886,45.0227759],[39.0065101,45.0226679],[39.0064967,45.0225541]]}},{"type":"Feature","id":660255424,"properties":{"highway":"service","name":null},"geometry":{"type":"LineString","coordinates":[[39.0064082,45.0231324],[39.0064564,45.0229731],[39.0065188,45.0227928]]}},{"type":"Feature","id":660255425,"properties":{"highway":"service","name":null},"geometry":{"type":"LineString","coordinates":[[39.0063706,45.0233087],[39.006439,45.0231452]]}},{"type":"Feature","id":660255427,"properties":{"highway":"service","name":null},"geometry":{"type":"LineString","coordinates":[[39.0076467,45.0233183],[39.0077251,45.0231343]]}},{"type":"Feature","id":660255428,"properties":{"highway":"service","name":null},"geometry":{"type":"LineString","coordinates":[[39.0073979,45.023339],[39.0074113,45.0232783],[39.0075266,45.0229598]]}},{"type":"Feature","id":660255430,"properties":{"highway":"service","name":null},"geometry":{"type":"LineString","coordinates":[[39.0078744,45.023357],[39.0076467,45.0233183],[39.0074113,45.0232783]]}},{"type":"Feature","id":660255431,"properties":{"highway":"service","name":null},"geometry":{"type":"LineString","coordinates":[[39.0079612,45.0231551],[39.0078744,45.023357],[39.0078512,45.023411]]}},{"type":"Feature","id":660255432,"properties":{"highway":"service","name":null},"geometry":{"type":"LineString","coordinates":[[39.0084761,45.0237561],[39.0085083,45.0236992],[39.0087454,45.0232771]]}},{"type":"Feature","id":660255434,"properties":{"highway":"service","name":null},"geometry":{"type":"LineString","coordinates":[[39.0084196,45.023221],[39.0087454,45.0232771],[39.0089509,45.0233125],[39.008916,45.023411],[39.0086585,45.0237276],[39.0085083,45.0236992]]}},{"type":"Feature","id":660255435,"properties":{"highway":"service","name":null},"geometry":{"type":"LineString","coordinates":[[39.0082937,45.023612],[39.0084196,45.023221],[39.0084562,45.0231072]]}},{"type":"Feature","id":660255437,"properties":{"highway":"service","name":null},"geometry":{"type":"LineString","coordinates":[[39.0082542,45.0230822],[39.0080738,45.0235438]]}},{"type":"Feature","id":660255438,"properties":{"highway":"service","name":null},"geometry":{"type":"LineString","coordinates":[[39.0072718,45.0229257],[39.0072021,45.0231172],[39.0071592,45.0232726],[39.0070894,45.0234433]]}},{"type":"Feature","id":660255439,"properties":{"highway":"service","name":null},"geometry":{"type":"LineString","coordinates":[[39.0042946,45.0228916],[39.0051234,45.0230698],[39.0063706,45.0233087],[39.0070894,45.0234433]]}},{"type":"Feature","id":660255441,"properties":{"highway":"service","name":null},"geometry":{"type":"LineString","coordinates":[[39.0071592,45.0232726],[39.0064993,45.0231703],[39.006439,45.0231452],[39.0064082,45.0231324],[39.0051743,45.022903],[39.0043938,45.022738]]}},{"type":"Feature","id":660255442,"properties":{"highway":"service","name":null},"geometry":{"type":"LineString","coordinates":[[39.0044984,45.0225826],[39.005228,45.0227399],[39.0064564,45.0229731],[39.0072021,45.0231172]]}},{"type":"Feature","id":660255444,"properties":{"highway":"service","name":null},"geometry":{"type":"LineString","coordinates":[[39.0093444,45.0232572],[39.0092412,45.023229],[39.0090421,45.0231798],[39.0084562,45.0231072],[39.0082542,45.0230822],[39.0081543,45.0230698],[39.0075266,45.0229598],[39.0072718,45.0229257],[39.0065664,45.0228195],[39.0065188,45.0227928],[39.0064886,45.0227759],[39.0052789,45.0225769],[39.0046057,45.0224593]]}},{"type":"Feature","id":660255446,"properties":{"highway":"service","name":null},"geometry":{"type":"LineString","coordinates":[[39.00695,45.0240253],[39.0068216,45.02437]]}},{"type":"Feature","id":672128158,"properties":{"highway":"path","name":null},"geometry":{"type":"LineString","coordinates":[[39.0352177,45.0214833],[39.0353732,45.0215156],[39.0355133,45.0215859],[39.0361624,45.02134],[39.0369769,45.0206829],[39.0374868,45.0201909],[39.0377141,45.0200291],[39.037755,45.0200002]]}},{"type":"Feature","id":678867642,"properties":{"highway":"service","name":null},"geometry":{"type":"LineString","coordinates":[[39.0501577,45.0280887],[39.0510146,45.028086],[39.0510924,45.0280414],[39.0510911,45.0279229]]}},{"type":"Feature","id":680524027,"properties":{"highway":"tertiary","name":"улица Селезнёва"},"geometry":{"type":"LineString","coordinates":[[39.0191016,45.0282981],[39.0189819,45.0283179],[39.0184915,45.028393],[39.0182694,45.0284248],[39.0167537,45.0286292]]}},{"type":"Feature","id":680524030,"properties":{"highway":"footway","name":null},"geometry":{"type":"LineString","coordinates":[[39.0191007,45.0281765],[39.0207568,45.0279404]]}},{"type":"Feature","id":680525430,"properties":{"highway":"service","name":null},"geometry":{"type":"LineString","coordinates":[[39.0183586,45.0279179],[39.018678,45.0278524],[39.0187035,45.0277499],[39.0190885,45.0276934]]}},{"type":"Feature","id":680573268,"properties":{"highway":"service","name":null},"geometry":{"type":"LineString","coordinates":[[39.0182779,45.0276297],[39.0183613,45.0276163],[39.0191882,45.0274832]]}},{"type":"Feature","id":680573787,"properties":{"highway":"service","name":null},"geometry":{"type":"LineString","coordinates":[[39.0184159,45.0238155],[39.0186717,45.023634],[39.0188216,45.0233747],[39.018879,45.0233139],[39.0189474,45.0232346]]}},{"type":"Feature","id":680573898,"properties":{"highway":"footway","name":null},"geometry":{"type":"LineString","coordinates":[[39.0192138,45.0247902],[39.0190713,45.0244352]]}},{"type":"Feature","id":680574132,"properties":{"highway":"service","name":null},"geometry":{"type":"LineString","coordinates":[[39.020742,45.0262782],[39.0206085,45.0262971],[39.020426,45.025619],[39.0200272,45.0256619],[39.0197799,45.0256911],[39.0193857,45.0257439],[39.0195709,45.0264975],[39.0195193,45.026503]]}},{"type":"Feature","id":680574133,"properties":{"highway":"service","name":null},"geometry":{"type":"LineString","coordinates":[[39.0195709,45.0264975],[39.0197057,45.0269721],[39.0201134,45.0269075],[39.020729,45.0268241],[39.0206085,45.0262971]]}},{"type":"Feature","id":680574134,"properties":{"highway":"service","name":null},"geometry":{"type":"LineString","coordinates":[[39.0201134,45.0269075],[39.0200502,45.0266773],[39.0197799,45.0256911]]}},{"type":"Feature","id":680575176,"properties":{"highway":"service","name":null},"geometry":{"type":"LineString","coordinates":[[39.0189686,45.0271606],[39.0190289,45.0273471]]}},{"type":"Feature","id":680575177,"properties":{"highway":"service","name":null},"geometry":{"type":"LineString","coordinates":[[39.0176099,45.0250282],[39.0177115,45.0253584],[39.0177589,45.0254965],[39.017684,45.0255886]]}},{"type":"Feature","id":680575395,"properties":{"highway":"footway","name":null},"geometry":{"type":"LineString","coordinates":[[39.0193857,45.0257439],[39.0191843,45.0257811]]}},{"type":"Feature","id":680677596,"properties":{"highway":"service","name":null},"geometry":{"type":"LineString","coordinates":[[39.0190043,45.0266669],[39.0193981,45.026603]]}},{"type":"Feature","id":681147176,"properties":{"highway":"service","name":null},"geometry":{"type":"LineString","coordinates":[[39.0155821,45.0285235],[39.0155652,45.0286029],[39.0155349,45.0286367],[39.0155204,45.0286714],[39.0155532,45.0287765]]}},{"type":"Feature","id":681205570,"properties":{"highway":"service","name":null},"geometry":{"type":"LineString","coordinates":[[39.018217,45.0273288],[39.0180115,45.0273634],[39.0178712,45.0273792],[39.0177755,45.0273837],[39.0177404,45.0273814],[39.0177021,45.0273612],[39.0176894,45.0273273],[39.0176766,45.0272822]]}},{"type":"Feature","id":681264143,"properties":{"highway":"service","name":null},"geometry":{"type":"LineString","coordinates":[[39.0200502,45.0266773],[39.0202783,45.0266166],[39.0200272,45.0256619]]}},{"type":"Feature","id":681265566,"properties":{"highway":"service","name":null},"geometry":{"type":"LineString","coordinates":[[39.0172204,45.0225175],[39.0160707,45.0224148],[39.0143205,45.0222698]]}},{"type":"Feature","id":681833578,"properties":{"highway":"steps","name":null},"geometry":{"type":"LineString","coordinates":[[39.0324023,45.0238844],[39.0323724,45.0238232]]}},{"type":"Feature","id":691338059,"properties":{"highway":"tertiary","name":"Старокубанская улица"},"geometry":{"type":"LineString","coordinates":[[39.0327914,45.0036799],[39.032678,45.0036133],[39.0326298,45.003585],[39.0324438,45.003523],[39.032302,45.003432],[39.0322178,45.0033738],[39.0320167,45.0032349],[39.0316999,45.003005]]}},{"type":"Feature","id":702435203,"properties":{"highway":"service","name":null},"geometry":{"type":"LineString","coordinates":[[39.0277923,45.033015],[39.0280886,45.0330864],[39.028184,45.033047],[39.0284162,45.0330594]]}},{"type":"Feature","id":704247953,"properties":{"highway":"service","name":null},"geometry":{"type":"LineString","coordinates":[[39.0193758,45.026521],[39.0194861,45.0265072]]}},{"type":"Feature","id":704746212,"properties":{"highway":"primary","name":"Старокубанская улица"},"geometry":{"type":"LineString","coordinates":[[39.0464721,45.015186],[39.0471928,45.0148647]]}},{"type":"Feature","id":704747315,"properties":{"highway":"primary","name":"Старокубанская улица"},"geometry":{"type":"LineString","coordinates":[[39.0474681,45.0151619],[39.0467572,45.0154742]]}},{"type":"Feature","id":704790839,"properties":{"highway":"primary","name":null},"geometry":{"type":"LineString","coordinates":[[39.0474681,45.0151619],[39.0474581,45.0152161],[39.0474421,45.0152664]]}},{"type":"Feature","id":704790840,"properties":{"highway":"primary","name":null},"geometry":{"type":"LineString","coordinates":[[39.0474662,45.0151171],[39.0474681,45.0151619]]}},{"type":"Feature","id":704790841,"properties":{"highway":"primary","name":"Ставропольская улица"},"geometry":{"type":"LineString","coordinates":[[39.0470276,45.0148317],[39.0471928,45.0148647]]}},{"type":"Feature","id":705124953,"properties":{"highway":"secondary","name":"Сормовская улица"},"geometry":{"type":"LineString","coordinates":[[39.0561185,45.0230527],[39.0554582,45.0229813],[39.0542697,45.0228463]]}},{"type":"Feature","id":705188697,"properties":{"highway":"secondary","name":"улица Лизы Чайкиной"},"geometry":{"type":"LineString","coordinates":[[39.0572384,45.0239311],[39.056743,45.0234905],[39.0563455,45.0231734],[39.0561185,45.0230527]]}},{"type":"Feature","id":705188698,"properties":{"highway":"secondary","name":"Сормовская улица"},"geometry":{"type":"LineString","coordinates":[[39.0562112,45.0230048],[39.0571556,45.0231153]]}},{"type":"Feature","id":705374921,"properties":{"highway":"primary","name":"Старокубанская улица"},"geometry":{"type":"LineString","coordinates":[[39.0463194,45.0153245],[39.0464048,45.0152612],[39.0464721,45.015186]]}},{"type":"Feature","id":705374924,"properties":{"highway":"tertiary","name":"Старокубанская улица"},"geometry":{"type":"LineString","coordinates":[[39.0464676,45.0146377],[39.0466247,45.0147123]]}},{"type":"Feature","id":705374925,"properties":{"highway":"primary","name":"Ставропольская улица"},"geometry":{"type":"LineString","coordinates":[[39.046522,45.0150465],[39.0465487,45.0150081],[39.0465816,45.0149761]]}},{"type":"Feature","id":705374926,"properties":{"highway":"primary","name":"Ставропольская улица"},"geometry":{"type":"LineString","coordinates":[[39.0475687,45.0150818],[39.0474681,45.0151619]]}},{"type":"Feature","id":708558977,"properties":{"highway":"service","name":"улица Ковтюха"},"geometry":{"type":"LineString","coordinates":[[39.0060318,45.015045],[39.0058026,45.0147607]]}},{"type":"Feature","id":709851666,"properties":{"highway":"residential","name":"Дунайская улица"},"geometry":{"type":"LineString","coordinates":[[39.033565,45.035446],[39.0335859,45.0353429],[39.0337997,45.0343131],[39.0339021,45.0337737],[39.0339854,45.0333444],[39.0340907,45.0328498],[39.0342027,45.0323138],[39.0343041,45.031796],[39.0343729,45.0314445],[39.0344199,45.0312038],[39.0344378,45.0311285]]}},{"type":"Feature","id":711358673,"properties":{"highway":"residential","name":"2-й Воронежский проезд"},"geometry":{"type":"LineString","coordinates":[[39.012824,45.0066522],[39.0132335,45.0066906]]}},{"type":"Feature","id":712029661,"properties":{"highway":"residential","name":"проезд Полины Осипенко"},"geometry":{"type":"LineString","coordinates":[[39.0207169,45.0154957],[39.020606,45.0160684]]}},{"type":"Feature","id":712029743,"properties":{"highway":"residential","name":"Деповская улица"},"geometry":{"type":"LineString","coordinates":[[39.023177,45.0162582],[39.0238041,45.0162906]]}},{"type":"Feature","id":712029748,"properties":{"highway":"residential","name":"улица Степана Разина"},"geometry":{"type":"LineString","coordinates":[[39.0257005,45.0169945],[39.0257786,45.0165095]]}},{"type":"Feature","id":714728793,"properties":{"highway":"service","name":null},"geometry":{"type":"LineString","coordinates":[[39.0213211,45.0088262],[39.0212767,45.009205]]}},{"type":"Feature","id":714753925,"properties":{"highway":"service","name":null},"geometry":{"type":"LineString","coordinates":[[39.0297858,45.0109256],[39.0302543,45.0108103],[39.0299148,45.0099276],[39.0309145,45.0096821]]}},{"type":"Feature","id":715414621,"properties":{"highway":"residential","name":"Воронежский проезд"},"geometry":{"type":"LineString","coordinates":[[39.0185859,45.0048614],[39.0182706,45.0046372]]}},{"type":"Feature","id":715414664,"properties":{"highway":"residential","name":"1-й Верхний проезд"},"geometry":{"type":"LineString","coordinates":[[39.0236012,45.0026914],[39.0238654,45.0026651],[39.024351,45.0026167]]}},{"type":"Feature","id":715414665,"properties":{"highway":"residential","name":"Нижняя улица"},"geometry":{"type":"LineString","coordinates":[[39.0238654,45.0026651],[39.0239503,45.0028381],[39.0239798,45.0029931]]}},{"type":"Feature","id":715414666,"properties":{"highway":"residential","name":"Нижний проезд"},"geometry":{"type":"LineString","coordinates":[[39.0239798,45.0029931],[39.0242887,45.0029928],[39.024397,45.003062]]}},{"type":"Feature","id":715414669,"properties":{"highway":"residential","name":"Новая улица"},"geometry":{"type":"LineString","coordinates":[[39.0248981,45.0056376],[39.0247151,45.0050763]]}},{"type":"Feature","id":715882539,"properties":{"highway":"residential","name":"улица им. Академика Павлова"},"geometry":{"type":"LineString","coordinates":[[39.0053165,45.0204153],[39.0052863,45.0205106],[39.005278,45.0205367],[39.005271,45.0205587],[39.0051967,45.0206713],[39.0051365,45.0207714],[39.0049667,45.0215819],[39.0048853,45.0217745],[39.0048046,45.0218205],[39.0045126,45.0217496],[39.00394,45.0215951],[39.0035576,45.0214885],[39.003378,45.0214358],[39.0033807,45.0212879],[39.0035654,45.0204192],[39.0035777,45.0203612],[39.0035981,45.0202652]]}},{"type":"Feature","id":718131599,"properties":{"highway":"tertiary","name":"улица Васнецова"},"geometry":{"type":"LineString","coordinates":[[39.0266367,45.0291548],[39.0269456,45.0275542]]}},{"type":"Feature","id":725747412,"properties":{"highway":"residential","name":null},"geometry":{"type":"LineString","coordinates":[[39.0211672,45.0350836],[39.0215774,45.0350142]]}},{"type":"Feature","id":729503991,"properties":{"highway":"service","name":null},"geometry":{"type":"LineString","coordinates":[[39.0517699,45.0193654],[39.0515383,45.0197575]]}},{"type":"Feature","id":736884657,"properties":{"highway":"secondary","name":"Сормовская улица"},"geometry":{"type":"LineString","coordinates":[[39.0571551,45.0231815],[39.0561185,45.0230527]]}},{"type":"Feature","id":736884658,"properties":{"highway":"secondary","name":"Уральская улица"},"geometry":{"type":"LineString","coordinates":[[39.048393,45.032535],[39.0490891,45.032608],[39.0491896,45.0326185],[39.0493488,45.0326352],[39.049525,45.0326529],[39.0495794,45.0326583],[39.049777,45.0326781],[39.0498599,45.0326864]]}},{"type":"Feature","id":736884659,"properties":{"highway":"secondary","name":"Новороссийская улица"},"geometry":{"type":"LineString","coordinates":[[39.0488911,45.0370449],[39.0476436,45.0369178]]}},{"type":"Feature","id":736884660,"properties":{"highway":"secondary","name":"Новороссийская улица"},"geometry":{"type":"LineString","coordinates":[[39.0559491,45.0377913],[39.054862,45.0376649],[39.0542702,45.0376052],[39.0511203,45.0372743]]}},{"type":"Feature","id":736884661,"properties":{"highway":"service","name":null},"geometry":{"type":"LineString","coordinates":[[39.0511991,45.035891],[39.0510015,45.0359396],[39.0505789,45.0360963]]}},{"type":"Feature","id":737023055,"properties":{"highway":"service","name":null},"geometry":{"type":"LineString","coordinates":[[39.0511991,45.035891],[39.0509363,45.0358612]]}},{"type":"Feature","id":737023056,"properties":{"highway":"service","name":null},"geometry":{"type":"LineString","coordinates":[[39.0513982,45.0359135],[39.0511203,45.0372743]]}},{"type":"Feature","id":737023057,"properties":{"highway":"secondary","name":"Новороссийская улица"},"geometry":{"type":"LineString","coordinates":[[39.0511203,45.0372743],[39.0505138,45.0372103],[39.0502615,45.0371846]]}},{"type":"Feature","id":737023058,"properties":{"highway":"secondary","name":"Уральская улица"},"geometry":{"type":"LineString","coordinates":[[39.0435658,45.0320349],[39.0437025,45.0320471],[39.044294,45.0321001],[39.0443892,45.0321086],[39.0443946,45.0321091],[39.0444898,45.0321176],[39.0450301,45.0321734],[39.0454891,45.0322209],[39.0456566,45.0322382],[39.0456605,45.0322386],[39.0458683,45.0322601],[39.0463841,45.0323134],[39.0466855,45.0323445],[39.0468531,45.0323618],[39.0471494,45.0323953],[39.0474548,45.0324298],[39.0479354,45.0324841],[39.048393,45.032535]]}},{"type":"Feature","id":742177900,"properties":{"highway":"residential","name":"улица имени Володи Головатого"},"geometry":{"type":"LineString","coordinates":[[39.0072473,45.0335283],[39.0063192,45.033697],[39.0054222,45.0338408]]}},{"type":"Feature","id":746130308,"properties":{"highway":"secondary","name":"улица Шевченко"},"geometry":{"type":"LineString","coordinates":[[39.0098138,45.0214941],[39.0096002,45.0226652],[39.0095339,45.0229461]]}},{"type":"Feature","id":746130309,"properties":{"highway":"primary","name":"улица Селезнёва"},"geometry":{"type":"LineString","coordinates":[[39.0285762,45.026972],[39.0291979,45.0268519]]}},{"type":"Feature","id":753624929,"properties":{"highway":"primary","name":"улица Селезнёва"},"geometry":{"type":"LineString","coordinates":[[39.0386093,45.0246274],[39.0382588,45.0247328]]}},{"type":"Feature","id":753624930,"properties":{"highway":"secondary","name":"Новороссийская улица"},"geometry":{"type":"LineString","coordinates":[[39.0363946,45.0357683],[39.0337383,45.0354642],[39.033565,45.035446],[39.032048,45.0352658],[39.0314115,45.0351479],[39.0300887,45.0348178],[39.0298859,45.0347523],[39.0295824,45.0346394],[39.0293286,45.0345444],[39.0287169,45.0343045],[39.0276577,45.0338292]]}},{"type":"Feature","id":754070133,"properties":{"highway":"tertiary","name":"улица Васнецова"},"geometry":{"type":"LineString","coordinates":[[39.0269456,45.0275542],[39.0269756,45.0273988]]}},{"type":"Feature","id":755511529,"properties":{"highway":"secondary","name":"Уральская улица"},"geometry":{"type":"LineString","coordinates":[[39.0372789,45.0314108],[39.0375712,45.0314395],[39.0386304,45.0315441],[39.03935,45.0316139],[39.0396878,45.0316478],[39.0403679,45.0317142],[39.0406653,45.0317425],[39.0407679,45.0317523],[39.0418486,45.0318674],[39.0423945,45.0319207],[39.0433435,45.0320132],[39.0435658,45.0320349]]}},{"type":"Feature","id":757876998,"properties":{"highway":"secondary","name":"Уральская улица"},"geometry":{"type":"LineString","coordinates":[[39.0508066,45.0327822],[39.0508536,45.0327866]]}},{"type":"Feature","id":759382800,"properties":{"highway":"secondary","name":"Новороссийская улица"},"geometry":{"type":"LineString","coordinates":[[39.0502615,45.0371846],[39.0488911,45.0370449]]}},{"type":"Feature","id":767335186,"properties":{"highway":"service","name":null},"geometry":{"type":"LineString","coordinates":[[39.0541175,45.0363439],[39.0541518,45.036305],[39.0540595,45.0362343],[39.0538379,45.036208]]}},{"type":"Feature","id":770644387,"properties":{"highway":"footway","name":null},"geometry":{"type":"LineString","coordinates":[[39.0295556,45.0389931],[39.030591,45.0390059],[39.0316907,45.0390164],[39.0322258,45.0390183],[39.0327179,45.0393168],[39.0336674,45.0399062],[39.0342709,45.0402796],[39.0350313,45.0407553],[39.0357113,45.0411789],[39.036465,45.0416498],[39.0372294,45.0421274],[39.0374105,45.0422374],[39.0373313,45.0423206]]}},{"type":"Feature","id":770644388,"properties":{"highway":"footway","name":null},"geometry":{"type":"LineString","coordinates":[[39.0289494,45.0389443],[39.028951,45.0389921]]}},{"type":"Feature","id":770644389,"properties":{"highway":"footway","name":null},"geometry":{"type":"LineString","coordinates":[[39.0276613,45.0388178],[39.0275909,45.0388297]]}},{"type":"Feature","id":770644391,"properties":{"highway":"footway","name":null},"geometry":{"type":"LineString","coordinates":[[39.0279651,45.0387728],[39.0276613,45.0388178],[39.0277438,45.0391035],[39.028035,45.0390661],[39.0285379,45.0390155],[39.028951,45.0389921],[39.0293156,45.0389927]]}},{"type":"Feature","id":770644392,"properties":{"highway":"footway","name":null},"geometry":{"type":"LineString","coordinates":[[39.0289427,45.0388373],[39.028936,45.038697],[39.0293169,45.0386951],[39.0293169,45.0389415]]}},{"type":"Feature","id":770644393,"properties":{"highway":"footway","name":null},"geometry":{"type":"LineString","coordinates":[[39.028936,45.038697],[39.0284801,45.0387254],[39.0279651,45.0387728],[39.0279946,45.0389121],[39.0281434,45.0388657],[39.0288153,45.0388192],[39.028877,45.0388391]]}},{"type":"Feature","id":770644399,"properties":{"highway":"footway","name":null},"geometry":{"type":"LineString","coordinates":[[39.0294939,45.0389936],[39.0293156,45.0389927],[39.0293169,45.0389415],[39.0289494,45.0389443],[39.0289427,45.0388373],[39.028877,45.0388391],[39.028818,45.0388733],[39.0281475,45.0389206],[39.0279946,45.0389121],[39.028035,45.0390661],[39.028071,45.0392201],[39.0280932,45.0393191],[39.0281151,45.0394165],[39.0282574,45.0400502],[39.0283969,45.0406112],[39.0285427,45.0411737],[39.028555,45.041224],[39.0286168,45.0414755],[39.0286797,45.0417644],[39.0286866,45.0417958],[39.028815,45.0423209],[39.0288281,45.042376],[39.0289644,45.0429482]]}},{"type":"Feature","id":770644410,"properties":{"highway":"footway","name":null},"geometry":{"type":"LineString","coordinates":[[39.0277353,45.0392618],[39.0276886,45.0391126],[39.0275909,45.0388297],[39.0276405,45.0383014],[39.0276636,45.0380482]]}},{"type":"Feature","id":770644411,"properties":{"highway":"footway","name":null},"geometry":{"type":"LineString","coordinates":[[39.0299124,45.0392648],[39.0298721,45.0392087],[39.0298198,45.0391604],[39.0297836,45.0391415],[39.0297045,45.0391339],[39.029616,45.0391216],[39.0295784,45.0390998],[39.0295529,45.0390685],[39.0295556,45.0389931],[39.0294939,45.0389936],[39.0294926,45.0390675],[39.0294537,45.0391007],[39.0294175,45.0391111],[39.0293692,45.0391092],[39.0292887,45.0391054],[39.0292445,45.0391073],[39.0291989,45.0391216],[39.0291265,45.0391841],[39.029105,45.0392002],[39.029038,45.0391765],[39.0289669,45.0391623],[39.0288354,45.0391595],[39.0283774,45.0391958],[39.0281492,45.0392139],[39.028071,45.0392201],[39.0277353,45.0392618]]}},{"type":"Feature","id":773807600,"properties":{"highway":"path","name":null},"geometry":{"type":"LineString","coordinates":[[39.0211814,45.0368793],[39.0212354,45.0367656]]}},{"type":"Feature","id":773807601,"properties":{"highway":"footway","name":null},"geometry":{"type":"LineString","coordinates":[[39.0301026,45.0364477],[39.0298651,45.0365798],[39.0295079,45.0366241]]}},{"type":"Feature","id":774733354,"properties":{"highway":"primary","name":null},"geometry":{"type":"LineString","coordinates":[[39.0282045,45.0272846],[39.0281786,45.0272524]]}},{"type":"Feature","id":774733355,"properties":{"highway":"primary","name":null},"geometry":{"type":"LineString","coordinates":[[39.028287,45.0270141],[39.0284524,45.0269889]]}},{"type":"Feature","id":775932804,"properties":{"highway":"footway","name":null},"geometry":{"type":"LineString","coordinates":[[39.0137758,45.0358357],[39.0149122,45.0356051],[39.0158547,45.0354089],[39.0166827,45.0352437],[39.0172438,45.0351317],[39.0173897,45.0351069],[39.019556,45.0357137],[39.0196193,45.0357299],[39.0198319,45.035779],[39.0213438,45.0362022],[39.0215139,45.0362497],[39.0221765,45.0364289],[39.0230008,45.0366501],[39.0232642,45.0367221],[39.0233334,45.0367408],[39.0247824,45.0371449],[39.0251278,45.0372412],[39.0253531,45.0373663],[39.0257073,45.0376612],[39.026112,45.0380516],[39.0264306,45.038374],[39.026935,45.0388859],[39.0272401,45.0392048],[39.0272183,45.0393485],[39.0271917,45.0394986]]}},{"type":"Feature","id":775961078,"properties":{"highway":"footway","name":null},"geometry":{"type":"LineString","coordinates":[[39.026112,45.0380516],[39.0261913,45.038014],[39.0262589,45.0379832],[39.0263242,45.0379509]]}},{"type":"Feature","id":775961079,"properties":{"highway":"footway","name":null},"geometry":{"type":"LineString","coordinates":[[39.0271459,45.0388181],[39.0271974,45.0388016]]}},{"type":"Feature","id":775961080,"properties":{"highway":"footway","name":null},"geometry":{"type":"LineString","coordinates":[[39.026935,45.0388859],[39.0269778,45.0388721]]}},{"type":"Feature","id":778550251,"properties":{"highway":"residential","name":"улица Димитрова"},"geometry":{"type":"LineString","coordinates":[[39.0290262,45.0223692],[39.0291936,45.022776]]}},{"type":"Feature","id":780425357,"properties":{"highway":"residential","name":null},"geometry":{"type":"LineString","coordinates":[[39.0568055,45.0300691],[39.0566791,45.0301014],[39.0564949,45.0301484],[39.0562066,45.0301788],[39.0546253,45.0299736],[39.0537925,45.0298655]]}},{"type":"Feature","id":780425358,"properties":{"highway":"residential","name":null},"geometry":{"type":"LineString","coordinates":[[39.0546253,45.0299736],[39.0546876,45.0297013],[39.0539431,45.0296101]]}},{"type":"Feature","id":780425359,"properties":{"highway":"residential","name":null},"geometry":{"type":"LineString","coordinates":[[39.0564949,45.0301484],[39.0564622,45.0297192],[39.0563675,45.0297016],[39.0564615,45.0292185]]}},{"type":"Feature","id":780425360,"properties":{"highway":"residential","name":null},"geometry":{"type":"LineString","coordinates":[[39.0564622,45.0297192],[39.0566036,45.0292362]]}},{"type":"Feature","id":790268231,"properties":{"highway":"service","name":null},"geometry":{"type":"LineString","coordinates":[[39.028112,45.0377833],[39.0280871,45.0380692]]}},{"type":"Feature","id":790268232,"properties":{"highway":"service","name":null},"geometry":{"type":"LineString","coordinates":[[39.028291,45.0377938],[39.0282638,45.0380667]]}},{"type":"Feature","id":804603552,"properties":{"highway":"footway","name":null},"geometry":{"type":"LineString","coordinates":[[39.0411034,45.0134267],[39.0423819,45.0134153],[39.042461,45.0133533],[39.0425536,45.0132608],[39.0426488,45.0131783],[39.0427481,45.0131176],[39.0427507,45.0130503]]}},{"type":"Feature","id":804728397,"properties":{"highway":"footway","name":null},"geometry":{"type":"LineString","coordinates":[[39.0405862,45.0124434],[39.0409966,45.0121658],[39.0410154,45.0121477],[39.0410569,45.0119818],[39.040815,45.0118129]]}},{"type":"Feature","id":804975277,"properties":{"highway":"footway","name":null},"geometry":{"type":"LineString","coordinates":[[39.0361749,45.0064822],[39.0402791,45.0097651],[39.0406121,45.0100307]]}},{"type":"Feature","id":804975608,"properties":{"highway":"footway","name":null},"geometry":{"type":"LineString","coordinates":[[39.0422344,45.0125109],[39.042339,45.0124445],[39.0423873,45.0123345],[39.0424924,45.0122614]]}},{"type":"Feature","id":804975609,"properties":{"highway":"footway","name":null},"geometry":{"type":"LineString","coordinates":[[39.0417623,45.012834],[39.0418026,45.0127536],[39.0422344,45.0125109],[39.0422773,45.0125426]]}},{"type":"Feature","id":805110836,"properties":{"highway":"footway","name":null},"geometry":{"type":"LineString","coordinates":[[39.0074912,45.0128706],[39.0073281,45.0128432]]}},{"type":"Feature","id":820370034,"properties":{"highway":"steps","name":null},"geometry":{"type":"LineString","coordinates":[[39.0170088,45.0037221],[39.0168309,45.0037548]]}},{"type":"Feature","id":820370035,"properties":{"highway":"footway","name":null},"geometry":{"type":"LineString","coordinates":[[39.0168309,45.0037548],[39.0167673,45.003769],[39.0166075,45.0036879],[39.0159421,45.0040158],[39.0155589,45.0038984]]}},{"type":"Feature","id":823409876,"properties":{"highway":"footway","name":null},"geometry":{"type":"LineString","coordinates":[[39.0048169,45.0322381],[39.0047972,45.0322709],[39.004805,45.0323322],[39.0048307,45.032403],[39.0050237,45.0330368],[39.0052756,45.0338636],[39.0056862,45.0352182]]}},{"type":"Feature","id":823409877,"properties":{"highway":"footway","name":null},"geometry":{"type":"LineString","coordinates":[[39.0048169,45.0322381],[39.004943,45.0322147],[39.0050439,45.0321962],[39.0050558,45.0322282],[39.005078,45.0322879]]}},{"type":"Feature","id":823409878,"properties":{"highway":"footway","name":null},"geometry":{"type":"LineString","coordinates":[[39.0048307,45.032403],[39.0049873,45.0323638],[39.0050988,45.0323427],[39.005078,45.0322879]]}},{"type":"Feature","id":823409879,"properties":{"highway":"footway","name":null},"geometry":{"type":"LineString","coordinates":[[39.0050988,45.0323427],[39.0058704,45.0322152]]}},{"type":"Feature","id":823409880,"properties":{"highway":"footway","name":null},"geometry":{"type":"LineString","coordinates":[[39.0050558,45.0322282],[39.0064508,45.0320039]]}},{"type":"Feature","id":823409881,"properties":{"highway":"footway","name":null},"geometry":{"type":"LineString","coordinates":[[39.0050439,45.0321962],[39.0048019,45.0314479]]}},{"type":"Feature","id":823409886,"properties":{"highway":"footway","name":null},"geometry":{"type":"LineString","coordinates":[[39.0051426,45.0259848],[39.0051549,45.0260207],[39.005089,45.026099],[39.0052131,45.0262787],[39.0054958,45.0266299]]}},{"type":"Feature","id":835261182,"properties":{"highway":"service","name":null},"geometry":{"type":"LineString","coordinates":[[39.0373897,45.0196173],[39.0373171,45.019603],[39.0372004,45.0195801],[39.0371993,45.0194437],[39.036331,45.0194431],[39.0361998,45.0194684],[39.0359157,45.0195407],[39.0356661,45.0188803],[39.0355692,45.0186325],[39.0354919,45.0184452]]}},{"type":"Feature","id":835261183,"properties":{"highway":"footway","name":null},"geometry":{"type":"LineString","coordinates":[[39.0381481,45.0196919],[39.0382726,45.0196906],[39.0381416,45.019781],[39.0379613,45.0199055],[39.0377907,45.0200255],[39.037755,45.0200002],[39.0377308,45.0199831],[39.0378996,45.0198663],[39.0380806,45.0197393],[39.0381481,45.0196919],[39.0384622,45.0194964]]}},{"type":"Feature","id":835261184,"properties":{"highway":"footway","name":null},"geometry":{"type":"LineString","coordinates":[[39.0379613,45.0199055],[39.0378996,45.0198663]]}},{"type":"Feature","id":835261185,"properties":{"highway":"footway","name":null},"geometry":{"type":"LineString","coordinates":[[39.0387424,45.0195855],[39.038896,45.0197118],[39.0390681,45.0198568],[39.0391708,45.0199476],[39.0393276,45.0200875]]}},{"type":"Feature","id":835261186,"properties":{"highway":"footway","name":null},"geometry":{"type":"LineString","coordinates":[[39.0387424,45.0195855],[39.0387934,45.0195495]]}},{"type":"Feature","id":835261187,"properties":{"highway":"footway","name":null},"geometry":{"type":"LineString","coordinates":[[39.0382726,45.0196906],[39.0383551,45.0196312],[39.0385291,45.0195562],[39.0386416,45.0195472],[39.0387424,45.0195855]]}},{"type":"Feature","id":835261188,"properties":{"highway":"footway","name":null},"geometry":{"type":"LineString","coordinates":[[39.0381416,45.019781],[39.0380806,45.0197393]]}},{"type":"Feature","id":835261189,"properties":{"highway":"service","name":null},"geometry":{"type":"LineString","coordinates":[[39.0387478,45.0187228],[39.038453,45.0187883]]}},{"type":"Feature","id":835261191,"properties":{"highway":"steps","name":null},"geometry":{"type":"LineString","coordinates":[[39.0406877,45.0186964],[39.0408485,45.0186711]]}},{"type":"Feature","id":835261192,"properties":{"highway":"service","name":null},"geometry":{"type":"LineString","coordinates":[[39.0406877,45.0186964],[39.0406538,45.0186059]]}},{"type":"Feature","id":835261193,"properties":{"highway":"path","name":null},"geometry":{"type":"LineString","coordinates":[[39.0393567,45.0204301],[39.0393745,45.020535],[39.039404,45.0205934]]}},{"type":"Feature","id":835261194,"properties":{"highway":"path","name":null},"geometry":{"type":"LineString","coordinates":[[39.0393745,45.020535],[39.0392709,45.020678],[39.0391429,45.0208747],[39.0390886,45.0210056],[39.0391199,45.0211006]]}},{"type":"Feature","id":835261195,"properties":{"highway":"path","name":null},"geometry":{"type":"LineString","coordinates":[[39.0395003,45.0214542],[39.0393824,45.0212831],[39.0392137,45.0211152],[39.039163,45.0210458]]}},{"type":"Feature","id":835261197,"properties":{"highway":"path","name":null},"geometry":{"type":"LineString","coordinates":[[39.035612,45.0188919],[39.0355986,45.0188543]]}},{"type":"Feature","id":835261198,"properties":{"highway":"path","name":null},"geometry":{"type":"LineString","coordinates":[[39.0361998,45.0194684],[39.0363343,45.0192527]]}},{"type":"Feature","id":835278731,"properties":{"highway":"service","name":null},"geometry":{"type":"LineString","coordinates":[[39.0407658,45.0197541],[39.0409954,45.0197553],[39.041136,45.0198263],[39.0412231,45.0199162],[39.0412867,45.0200062],[39.0413219,45.0200949],[39.0413754,45.0203458],[39.0421099,45.0210286],[39.0426994,45.020936],[39.0427654,45.0209266]]}},{"type":"Feature","id":835278732,"properties":{"highway":"service","name":null},"geometry":{"type":"LineString","coordinates":[[39.0407204,45.0197497],[39.040689,45.0195695],[39.0406933,45.01944]]}},{"type":"Feature","id":835278736,"properties":{"highway":"footway","name":null},"geometry":{"type":"LineString","coordinates":[[39.0383863,45.0194284],[39.0383401,45.019386]]}},{"type":"Feature","id":835291175,"properties":{"highway":"footway","name":null},"geometry":{"type":"LineString","coordinates":[[39.0371578,45.022799],[39.0379213,45.0219188],[39.0381478,45.0217752],[39.0386592,45.0214434],[39.0391199,45.0211006],[39.039163,45.0210458],[39.0392649,45.0209165],[39.039404,45.0205934],[39.0394631,45.0204329],[39.0394628,45.0202818],[39.0394634,45.0202013],[39.0393276,45.0200875]]}},{"type":"Feature","id":835291176,"properties":{"highway":"footway","name":null},"geometry":{"type":"LineString","coordinates":[[39.0369849,45.0225295],[39.0371123,45.0227639],[39.0371238,45.022785],[39.0371578,45.022799],[39.037207,45.0228192],[39.0372776,45.0229678],[39.037341,45.0230073],[39.0375157,45.023227]]}},{"type":"Feature","id":835291179,"properties":{"highway":"footway","name":null},"geometry":{"type":"LineString","coordinates":[[39.0369467,45.0178482],[39.0370298,45.0180562],[39.0370339,45.0181233],[39.0370785,45.0182592],[39.0372138,45.0186714],[39.0373399,45.0190787],[39.0373878,45.0192621],[39.0373963,45.0194024],[39.0373171,45.019603]]}},{"type":"Feature","id":835291180,"properties":{"highway":"footway","name":null},"geometry":{"type":"LineString","coordinates":[[39.0370785,45.0182592],[39.0370554,45.0182867],[39.0370634,45.0186705]]}},{"type":"Feature","id":835291181,"properties":{"highway":"footway","name":null},"geometry":{"type":"LineString","coordinates":[[39.0369496,45.0182789],[39.0369485,45.0182282],[39.0369167,45.0181494]]}},{"type":"Feature","id":835291182,"properties":{"highway":"path","name":null},"geometry":{"type":"LineString","coordinates":[[39.0369485,45.0182282],[39.0370785,45.0182592]]}},{"type":"Feature","id":835291183,"properties":{"highway":"footway","name":null},"geometry":{"type":"LineString","coordinates":[[39.0358567,45.0183952],[39.0360093,45.0184211],[39.0360566,45.0184829],[39.0360577,45.0186692],[39.0361608,45.0188413],[39.0361614,45.0190792]]}},{"type":"Feature","id":835291185,"properties":{"highway":"footway","name":null},"geometry":{"type":"LineString","coordinates":[[39.0373662,45.0173131],[39.0370142,45.0164718],[39.0369674,45.0163621],[39.0369222,45.016256],[39.0371219,45.0161107],[39.0371618,45.0160993]]}},{"type":"Feature","id":835291186,"properties":{"highway":"footway","name":null},"geometry":{"type":"LineString","coordinates":[[39.0369222,45.016256],[39.0367471,45.0162965],[39.0367931,45.0164028],[39.0368371,45.0165098],[39.0371946,45.0173503]]}},{"type":"Feature","id":835291187,"properties":{"highway":"footway","name":null},"geometry":{"type":"LineString","coordinates":[[39.0367471,45.0162965],[39.0364948,45.01627],[39.0363762,45.0160127]]}},{"type":"Feature","id":835453187,"properties":{"highway":"footway","name":null},"geometry":{"type":"LineString","coordinates":[[39.0322562,45.0235723],[39.0325472,45.0235006],[39.0325518,45.0234379],[39.0326092,45.023391],[39.0326267,45.0232594],[39.0325919,45.0231715],[39.0326256,45.0231172],[39.0329131,45.0230421],[39.0329967,45.0230366],[39.0330687,45.0230651],[39.0331095,45.0231399],[39.0331525,45.0232328],[39.0332356,45.0233068],[39.0333536,45.0233542],[39.0334824,45.0233712],[39.0336231,45.0233736],[39.0338299,45.0233411]]}},{"type":"Feature","id":835453188,"properties":{"highway":"footway","name":null},"geometry":{"type":"LineString","coordinates":[[39.0314194,45.023777],[39.0313992,45.0237336],[39.0308279,45.0238715],[39.0301855,45.024024],[39.0303007,45.0242708],[39.0303083,45.0242871],[39.0309576,45.0241328],[39.0309471,45.0241116],[39.0308279,45.0238715]]}},{"type":"Feature","id":835453189,"properties":{"highway":"footway","name":null},"geometry":{"type":"LineString","coordinates":[[39.0309471,45.0241116],[39.0310103,45.0240383]]}},{"type":"Feature","id":835453190,"properties":{"highway":"footway","name":null},"geometry":{"type":"LineString","coordinates":[[39.0309471,45.0241116],[39.0308502,45.0240856]]}},{"type":"Feature","id":835453191,"properties":{"highway":"footway","name":null},"geometry":{"type":"LineString","coordinates":[[39.031522,45.0239961],[39.0316376,45.0239689],[39.0317426,45.023944],[39.0323612,45.0237991],[39.032871,45.023678]]}},{"type":"Feature","id":835453192,"properties":{"highway":"footway","name":null},"geometry":{"type":"LineString","coordinates":[[39.0316417,45.0237224],[39.0317426,45.023944]]}},{"type":"Feature","id":835453193,"properties":{"highway":"footway","name":null},"geometry":{"type":"LineString","coordinates":[[39.031377,45.0239508],[39.0315119,45.0239745]]}},{"type":"Feature","id":835453194,"properties":{"highway":"footway","name":null},"geometry":{"type":"LineString","coordinates":[[39.0303895,45.024166],[39.0303007,45.0242708]]}},{"type":"Feature","id":835453195,"properties":{"highway":"footway","name":null},"geometry":{"type":"LineString","coordinates":[[39.0303083,45.0242871],[39.0303158,45.0243032],[39.0303315,45.0243375]]}},{"type":"Feature","id":835453196,"properties":{"highway":"service","name":null},"geometry":{"type":"LineString","coordinates":[[39.0299953,45.0243913],[39.0299722,45.0242972],[39.0301959,45.0242661],[39.0301395,45.0241372],[39.0299757,45.0241652],[39.0299722,45.0242972]]}},{"type":"Feature","id":835453197,"properties":{"highway":"footway","name":null},"geometry":{"type":"LineString","coordinates":[[39.0315293,45.02375],[39.0315156,45.0237208]]}},{"type":"Feature","id":835453198,"properties":{"highway":"steps","name":null},"geometry":{"type":"LineString","coordinates":[[39.0315156,45.0237208],[39.0314767,45.0236397]]}},{"type":"Feature","id":835453200,"properties":{"highway":"footway","name":null},"geometry":{"type":"LineString","coordinates":[[39.0309672,45.0241521],[39.0309576,45.0241328],[39.031522,45.0239961],[39.0315119,45.0239745],[39.0314194,45.023777],[39.0315293,45.02375],[39.0316417,45.0237224],[39.0322562,45.0235723]]}},{"type":"Feature","id":835453202,"properties":{"highway":"steps","name":null},"geometry":{"type":"LineString","coordinates":[[39.0316799,45.0240561],[39.031648,45.0239925]]}},{"type":"Feature","id":835453204,"properties":{"highway":"footway","name":null},"geometry":{"type":"LineString","coordinates":[[39.0323724,45.0238232],[39.0323612,45.0237991],[39.0323486,45.023772],[39.0322804,45.0236247],[39.0322562,45.0235723]]}},{"type":"Feature","id":864536158,"properties":{"highway":"secondary","name":"Уральская улица"},"geometry":{"type":"LineString","coordinates":[[39.0282019,45.030483],[39.0283811,45.0304935],[39.0285981,45.030524],[39.0292284,45.0305903],[39.0301521,45.0306936],[39.0303074,45.030711],[39.0311789,45.0308337],[39.0313576,45.0308589],[39.0317978,45.0309187],[39.0321761,45.0309599],[39.0326293,45.0309951],[39.0330047,45.0310251],[39.0334268,45.0310523],[39.0343675,45.0311232],[39.0344378,45.0311285],[39.0352136,45.0311941],[39.0364016,45.0313217],[39.0371445,45.0313971],[39.0372789,45.0314108]]}},{"type":"Feature","id":864536160,"properties":{"highway":"footway","name":null},"geometry":{"type":"LineString","coordinates":[[39.0283452,45.0306189],[39.028321,45.0307376],[39.0282487,45.0308996],[39.0282165,45.0311782]]}},{"type":"Feature","id":865596638,"properties":{"highway":"service","name":null},"geometry":{"type":"LineString","coordinates":[[39.0330823,45.0033178],[39.0331052,45.0032245],[39.0331197,45.0031303],[39.0331256,45.0030357],[39.0331236,45.0029478],[39.0331142,45.0028602],[39.0330975,45.0027731]]}},{"type":"Feature","id":865596639,"properties":{"highway":"service","name":null},"geometry":{"type":"LineString","coordinates":[[39.0324403,45.0033771],[39.032534,45.0032296],[39.0325999,45.0031258],[39.0326127,45.0029905],[39.032616,45.0029551],[39.0325972,45.0028148],[39.0325195,45.002682],[39.0324757,45.0025524],[39.0324202,45.0023881],[39.0323987,45.0023669],[39.0323701,45.0023504],[39.0323365,45.0023396],[39.0323001,45.0023353],[39.0322633,45.0023378],[39.0322285,45.002347],[39.0321982,45.0023624],[39.0321746,45.0023827],[39.0321593,45.0024067],[39.0321533,45.0024327],[39.0321828,45.00261],[39.0322861,45.002774],[39.0325852,45.0029723],[39.0326127,45.0029905]]}},{"type":"Feature","id":865596640,"properties":{"highway":"service","name":null},"geometry":{"type":"LineString","coordinates":[[39.0325852,45.0029723],[39.0324048,45.003105],[39.0323931,45.003118],[39.0323942,45.0031315],[39.032406,45.0031426],[39.032534,45.0032296]]}},{"type":"Feature","id":865596641,"properties":{"highway":"service","name":null},"geometry":{"type":"LineString","coordinates":[[39.0341176,45.0014063],[39.0342789,45.0012809],[39.0343167,45.0012711],[39.0343717,45.0012687],[39.0344233,45.001293],[39.0365621,45.0024983]]}},{"type":"Feature","id":865596642,"properties":{"highway":"service","name":null},"geometry":{"type":"LineString","coordinates":[[39.0322622,45.0006542],[39.0325116,45.000872],[39.0325293,45.0008968],[39.0325294,45.0009275],[39.0324506,45.0011154],[39.0324183,45.0012176],[39.032396,45.0013212],[39.0323837,45.0014256],[39.0323816,45.0015305],[39.0323912,45.0016475],[39.0324135,45.0017638],[39.0324484,45.0018786],[39.0325064,45.0020169]]}},{"type":"Feature","id":872333094,"properties":{"highway":"service","name":null},"geometry":{"type":"LineString","coordinates":[[39.0181303,45.0267765],[39.0182631,45.027319],[39.01824,45.0273239],[39.018217,45.0273288]]}},{"type":"Feature","id":872333095,"properties":{"highway":"service","name":null},"geometry":{"type":"LineString","coordinates":[[39.0182363,45.0254279],[39.0184872,45.0263071],[39.0185631,45.0265729],[39.0189683,45.026515]]}},{"type":"Feature","id":872333096,"properties":{"highway":"service","name":null},"geometry":{"type":"LineString","coordinates":[[39.0186001,45.0267096],[39.0187023,45.0271499],[39.0187398,45.0271828],[39.0188178,45.0271786],[39.0189686,45.0271606],[39.0190823,45.0271332],[39.019102,45.0270658],[39.0190577,45.0268743],[39.0190043,45.0266669]]}},{"type":"Feature","id":884740263,"properties":{"highway":"service","name":null},"geometry":{"type":"LineString","coordinates":[[39.0082696,45.0009182],[39.0084024,45.0009116],[39.0085593,45.0008652],[39.0087886,45.0007969],[39.0088516,45.0007239],[39.0088798,45.0006423],[39.0088785,45.0005001],[39.0088423,45.0002146],[39.0087712,44.9996191]]}},{"type":"Feature","id":884740287,"properties":{"highway":"service","name":null},"geometry":{"type":"LineString","coordinates":[[39.0018674,45.0004985],[39.0019611,45.000537],[39.002067,45.0006034],[39.0022534,45.0006177],[39.002751,45.0006205],[39.0035597,45.0006366],[39.0038896,45.0006793],[39.0043268,45.0007343],[39.0045869,45.0007039],[39.0051395,45.0006755],[39.0057537,45.0006423],[39.0060166,45.0006442],[39.0061225,45.0006054],[39.0061895,45.000485]]}},{"type":"Feature","id":886654964,"properties":{"highway":"service","name":null},"geometry":{"type":"LineString","coordinates":[[39.0131828,45.0358327],[39.0132276,45.0359493],[39.0133257,45.0361903],[39.0134255,45.0364401],[39.0136607,45.036542],[39.0137825,45.036896]]}},{"type":"Feature","id":886670736,"properties":{"highway":"service","name":null},"geometry":{"type":"LineString","coordinates":[[39.0439373,45.035897],[39.0439422,45.0356369],[39.0435954,45.0356058],[39.0436568,45.0351684]]}},{"type":"Feature","id":886670737,"properties":{"highway":"service","name":null},"geometry":{"type":"LineString","coordinates":[[39.0456605,45.0322386],[39.0456471,45.0323082],[39.0455401,45.0328642],[39.045089,45.0328563],[39.0447161,45.0328204],[39.0445568,45.0336479],[39.0443635,45.033744],[39.0436141,45.033672],[39.0435836,45.0336666],[39.0435695,45.0336504],[39.0435683,45.0336347],[39.0436215,45.0333585],[39.0436297,45.0333422],[39.0436523,45.0333311],[39.0436843,45.0333284],[39.0440589,45.0333644],[39.0440891,45.0333646],[39.04412,45.03335],[39.0441276,45.0333307],[39.0442134,45.0328848],[39.0442302,45.0327975],[39.0442606,45.0327766],[39.0443704,45.0322064],[39.0443892,45.0321086]]}},{"type":"Feature","id":886670738,"properties":{"highway":"service","name":null},"geometry":{"type":"LineString","coordinates":[[39.0443635,45.033744],[39.0443248,45.0339455],[39.0443235,45.0339629],[39.0443386,45.0339779],[39.0443719,45.0339852],[39.0445918,45.0340063],[39.0453769,45.0340158],[39.0454927,45.0334142],[39.045461,45.0333969],[39.0454451,45.0333828],[39.0454434,45.033366],[39.0455401,45.0328642]]}},{"type":"Feature","id":886670739,"properties":{"highway":"service","name":null},"geometry":{"type":"LineString","coordinates":[[39.0454927,45.0334142],[39.0456345,45.0334918],[39.0455307,45.0340306],[39.0454421,45.0344909]]}},{"type":"Feature","id":886670740,"properties":{"highway":"service","name":null},"geometry":{"type":"LineString","coordinates":[[39.0455307,45.0340306],[39.0453769,45.0340158]]}},{"type":"Feature","id":886670743,"properties":{"highway":"service","name":null},"geometry":{"type":"LineString","coordinates":[[39.0467082,45.033195],[39.0464474,45.0331706],[39.0462869,45.0331561],[39.0460746,45.0331366],[39.0458715,45.0331178],[39.0457,45.033102]]}},{"type":"Feature","id":886670744,"properties":{"highway":"service","name":null},"geometry":{"type":"LineString","coordinates":[[39.0463958,45.0334558],[39.0464474,45.0331706]]}},{"type":"Feature","id":886670745,"properties":{"highway":"service","name":null},"geometry":{"type":"LineString","coordinates":[[39.0462309,45.0334369],[39.0462869,45.0331561]]}},{"type":"Feature","id":886670746,"properties":{"highway":"service","name":null},"geometry":{"type":"LineString","coordinates":[[39.0460238,45.0334158],[39.0460746,45.0331366]]}},{"type":"Feature","id":886670747,"properties":{"highway":"service","name":null},"geometry":{"type":"LineString","coordinates":[[39.0458228,45.0333969],[39.0458715,45.0331178]]}},{"type":"Feature","id":886670748,"properties":{"highway":"service","name":null},"geometry":{"type":"LineString","coordinates":[[39.0457986,45.0325851],[39.0458244,45.032444],[39.0463434,45.0324892],[39.046824,45.0325311]]}},{"type":"Feature","id":886670749,"properties":{"highway":"service","name":null},"geometry":{"type":"LineString","coordinates":[[39.0447161,45.0328204],[39.0442606,45.0327766]]}},{"type":"Feature","id":889522861,"properties":{"highway":"service","name":null},"geometry":{"type":"LineString","coordinates":[[39.0549574,45.0226213],[39.0549799,45.022413],[39.0549975,45.0222499],[39.0551021,45.02192]]}},{"type":"Feature","id":890845627,"properties":{"highway":"service","name":null},"geometry":{"type":"LineString","coordinates":[[39.0315777,45.0023756],[39.0316432,45.0024365],[39.0317351,45.0027404]]}},{"type":"Feature","id":890845628,"properties":{"highway":"service","name":null},"geometry":{"type":"LineString","coordinates":[[39.0313502,45.0025151],[39.0315777,45.0023756]]}},{"type":"Feature","id":890845629,"properties":{"highway":"service","name":null},"geometry":{"type":"LineString","coordinates":[[39.0337335,45.0027015],[39.0333939,45.0024592],[39.0334274,45.0023938],[39.0335347,45.0023388],[39.0346751,45.003172]]}},{"type":"Feature","id":890845630,"properties":{"highway":"service","name":null},"geometry":{"type":"LineString","coordinates":[[39.0335913,45.0028061],[39.0331887,45.0025019]]}},{"type":"Feature","id":890845635,"properties":{"highway":"service","name":null},"geometry":{"type":"LineString","coordinates":[[39.0323608,45.0006035],[39.0322622,45.0006542],[39.0320622,45.0007572],[39.0318046,45.0008898],[39.031755,45.0009077],[39.0316988,45.0009177],[39.0314692,45.0009471],[39.0308824,45.0010249],[39.0305252,45.0010719],[39.03037,45.001114],[39.0301975,45.0011609],[39.0299658,45.0013029],[39.029925,45.0013279],[39.0299003,45.0013502],[39.029901,45.0013738],[39.0299164,45.0013935],[39.030658,45.0019982],[39.0309822,45.0022627],[39.0310656,45.002283],[39.0313502,45.0025151],[39.0313418,45.0025983],[39.0313468,45.0026261],[39.0313668,45.0026475],[39.031697,45.0028719],[39.0323391,45.0033083],[39.0324403,45.0033771],[39.0324905,45.0033859],[39.0325425,45.0034012],[39.0325919,45.0034268],[39.0327687,45.003547],[39.0330823,45.0033178],[39.0332737,45.0031755],[39.0333251,45.0031066],[39.0334082,45.0029408],[39.0334533,45.0029076],[39.0330543,45.0026051],[39.0330257,45.0025315],[39.0330107,45.0024928],[39.0329866,45.0024831],[39.0329631,45.0024697],[39.0329522,45.0024514],[39.0328124,45.0020912],[39.0327706,45.0020644],[39.0325064,45.0020169],[39.0322258,45.0020164],[39.0320942,45.0020456],[39.0320538,45.0020472],[39.0320222,45.0020345],[39.0319937,45.0020107],[39.0318954,45.0016218],[39.0318998,45.0014075],[39.0319012,45.0013402],[39.0319177,45.0012027],[39.0319253,45.0011392],[39.0319895,45.0009602],[39.0320622,45.0007572]]}},{"type":"Feature","id":890845636,"properties":{"highway":"service","name":null},"geometry":{"type":"LineString","coordinates":[[39.0308824,45.0010249],[39.030893,45.0011212],[39.0309183,45.001232],[39.0309563,45.001341],[39.0310067,45.0014474],[39.0310594,45.0015358],[39.0311206,45.0016213],[39.0311902,45.0017037],[39.0312676,45.0017824],[39.0313185,45.001827]]}},{"type":"Feature","id":890845637,"properties":{"highway":"service","name":null},"geometry":{"type":"LineString","coordinates":[[39.030658,45.0019982],[39.0308821,45.0019888],[39.0309962,45.001984],[39.0310536,45.0019742],[39.0311059,45.0019541],[39.0313185,45.001827],[39.0315682,45.0016779],[39.0316039,45.0016624],[39.0316494,45.0016531],[39.0318954,45.0016218]]}},{"type":"Feature","id":890845639,"properties":{"highway":"service","name":null},"geometry":{"type":"LineString","coordinates":[[39.037158,45.001698],[39.0372107,45.0019304],[39.0371305,45.0021548],[39.03693,45.0022215]]}},{"type":"Feature","id":890845640,"properties":{"highway":"service","name":null},"geometry":{"type":"LineString","coordinates":[[39.0314692,45.0009471],[39.031381,45.0005517],[39.0312792,45.0004115],[39.0312248,45.0003639],[39.0311144,45.0003202],[39.0310431,45.000261],[39.0309721,45.0000613],[39.0308391,44.9996874],[39.0307116,44.9994986],[39.0306237,44.9993583],[39.0304096,44.9991372],[39.0303639,44.9990901],[39.0301661,44.9988958]]}},{"type":"Feature","id":891061700,"properties":{"highway":"service","name":null},"geometry":{"type":"LineString","coordinates":[[39.014377,45.0012729],[39.0140364,45.0011819],[39.0137252,45.0011458],[39.0135337,45.0011405]]}},{"type":"Feature","id":891061701,"properties":{"highway":"service","name":null},"geometry":{"type":"LineString","coordinates":[[39.0160507,45.002517],[39.0159756,45.0023103],[39.0158871,45.0021415]]}},{"type":"Feature","id":891061704,"properties":{"highway":"residential","name":null},"geometry":{"type":"LineString","coordinates":[[39.0135858,45.0032984],[39.0139317,45.003251],[39.0160507,45.002517],[39.0169519,45.0022136],[39.0175769,45.0016124],[39.0193766,44.9998732],[39.0193954,44.9998201],[39.0187382,44.9985077],[39.0184419,44.9978692],[39.0183306,44.9976845],[39.018234,44.9973696],[39.0180677,44.9970927],[39.0179336,44.9969657],[39.0173567,44.9964784]]}},{"type":"Feature","id":891293389,"properties":{"highway":"service","name":null},"geometry":{"type":"LineString","coordinates":[[39.0070143,45.006932],[39.0069325,45.0069737],[39.0068306,45.0070249],[39.0063559,45.007096],[39.0063921,45.0072032]]}},{"type":"Feature","id":891293390,"properties":{"highway":"service","name":null},"geometry":{"type":"LineString","coordinates":[[39.0068544,45.0059684],[39.0066294,45.0060179],[39.0070143,45.006932],[39.0071779,45.0073018],[39.0072933,45.0072743],[39.0073858,45.0071823],[39.0073429,45.0070818]]}},{"type":"Feature","id":891293391,"properties":{"highway":"service","name":null},"geometry":{"type":"LineString","coordinates":[[39.0088195,45.0063119],[39.0088892,45.0064001],[39.0091319,45.0063052]]}},{"type":"Feature","id":891293392,"properties":{"highway":"service","name":null},"geometry":{"type":"LineString","coordinates":[[39.0077801,45.0069311],[39.0076822,45.0067215]]}},{"type":"Feature","id":891293393,"properties":{"highway":"service","name":null},"geometry":{"type":"LineString","coordinates":[[39.007573,45.0070024],[39.007407,45.0066767]]}},{"type":"Feature","id":891293394,"properties":{"highway":"service","name":null},"geometry":{"type":"LineString","coordinates":[[39.007874,45.0065612],[39.0079571,45.0067035]]}},{"type":"Feature","id":891293395,"properties":{"highway":"service","name":null},"geometry":{"type":"LineString","coordinates":[[39.008444,45.0067073],[39.0083796,45.0065774],[39.0083809,45.0065062],[39.008346,45.0064416]]}},{"type":"Feature","id":891293399,"properties":{"highway":"service","name":null},"geometry":{"type":"LineString","coordinates":[[39.0071824,45.0067322],[39.007407,45.0066767],[39.007874,45.0065612],[39.008346,45.0064416],[39.0088195,45.0063119]]}},{"type":"Feature","id":891293400,"properties":{"highway":"service","name":null},"geometry":{"type":"LineString","coordinates":[[39.0071124,45.0065691],[39.0086532,45.0061886]]}},{"type":"Feature","id":891442497,"properties":{"highway":"service","name":null},"geometry":{"type":"LineString","coordinates":[[39.0069802,45.0057972],[39.0069719,45.0057478],[39.0069553,45.0056491],[39.0078405,45.0055647]]}},{"type":"Feature","id":891442498,"properties":{"highway":"service","name":null},"geometry":{"type":"LineString","coordinates":[[39.0055867,45.005508],[39.0062472,45.0054793]]}},{"type":"Feature","id":891900151,"properties":{"highway":"service","name":null},"geometry":{"type":"LineString","coordinates":[[39.0132567,45.0273001],[39.0142346,45.0260589],[39.0142163,45.0259188],[39.0141508,45.0259013],[39.0131432,45.0256397],[39.0130158,45.0256088],[39.012989,45.0255971],[39.0129827,45.0255803],[39.0129884,45.0255598],[39.0130549,45.0254231],[39.0130553,45.0252704],[39.0130557,45.0251129],[39.0130561,45.024995],[39.01306,45.0249711],[39.0130737,45.0249463],[39.0131801,45.0247955],[39.013198,45.0247772],[39.0132283,45.0247699],[39.0132641,45.0247719],[39.0135646,45.0248081],[39.0139159,45.0248505],[39.0143558,45.0248883],[39.0143897,45.0248955],[39.0144145,45.0249154],[39.0144171,45.0249397],[39.0143809,45.0250897],[39.0143794,45.0256263],[39.0143763,45.0256488],[39.0143664,45.025668],[39.0143029,45.0257488],[39.0142849,45.0258316],[39.0142163,45.0259188]]}},{"type":"Feature","id":893658838,"properties":{"highway":"service","name":null},"geometry":{"type":"LineString","coordinates":[[39.0111647,45.0379504],[39.0112247,45.0380317],[39.011241,45.0381139],[39.0112382,45.0381865],[39.0112301,45.0382324],[39.0110786,45.0383334]]}},{"type":"Feature","id":893658839,"properties":{"highway":"service","name":null},"geometry":{"type":"LineString","coordinates":[[39.0098618,45.0386394],[39.0106237,45.0377402]]}},{"type":"Feature","id":894544907,"properties":{"highway":"footway","name":null},"geometry":{"type":"LineString","coordinates":[[39.0169456,45.0064567],[39.0168886,45.0064194],[39.0168064,45.0063654],[39.0167139,45.0062863]]}},{"type":"Feature","id":894544908,"properties":{"highway":"footway","name":null},"geometry":{"type":"LineString","coordinates":[[39.0167139,45.0062863],[39.0168247,45.0062188],[39.0177272,45.0055273],[39.0183035,45.0050093]]}},{"type":"Feature","id":894546320,"properties":{"highway":"tertiary","name":"Воронежская улица"},"geometry":{"type":"LineString","coordinates":[[39.0161215,45.0071743],[39.0164035,45.0068958],[39.0164821,45.0068003],[39.0165893,45.0066064],[39.0166852,45.006465],[39.0168064,45.0063654],[39.0169034,45.0062857],[39.0171384,45.0060926]]}},{"type":"Feature","id":894546321,"properties":{"highway":"tertiary","name":"Воронежская улица"},"geometry":{"type":"LineString","coordinates":[[39.0171384,45.0060926],[39.0177437,45.0055952],[39.018364,45.0050479],[39.0185859,45.0048614],[39.0186564,45.0048022],[39.0192687,45.0042471],[39.0198169,45.0037501],[39.0208128,45.0028282],[39.0211528,45.0025676],[39.0212827,45.0024778],[39.0214578,45.0023653],[39.0217525,45.0021706],[39.0220665,45.0019632],[39.0222585,45.0018376],[39.022732,45.0015228],[39.0231909,45.0012177]]}},{"type":"Feature","id":894546322,"properties":{"highway":"tertiary","name":"Воронежская улица"},"geometry":{"type":"LineString","coordinates":[[39.0231909,45.0012177],[39.0233972,45.0010805],[39.0234619,45.0010375],[39.0235033,45.0010107],[39.0237863,45.0008276]]}},{"type":"Feature","id":894546323,"properties":{"highway":"tertiary","name":"Воронежская улица"},"geometry":{"type":"LineString","coordinates":[[39.0237863,45.0008276],[39.024476,45.0003812],[39.0249478,45.0001423],[39.0253073,44.9999689],[39.0269027,44.9989759],[39.0280855,44.9982003],[39.0284705,44.9979267],[39.0286067,44.9978061],[39.0286759,44.9977259],[39.0287127,44.997622],[39.0286977,44.9975088],[39.0286382,44.9973393],[39.0285427,44.9971084],[39.0285265,44.9970217],[39.0285269,44.9968896],[39.0285282,44.9967517],[39.0285154,44.9966633],[39.0284197,44.9965841]]}},{"type":"Feature","id":904386220,"properties":{"highway":"service","name":null},"geometry":{"type":"LineString","coordinates":[[39.0284262,45.0209108],[39.0284621,45.0209022]]}},{"type":"Feature","id":906670605,"properties":{"highway":"residential","name":"Константиновский переулок"},"geometry":{"type":"LineString","coordinates":[[39.0101557,45.0154866],[39.0093623,45.0147323]]}},{"type":"Feature","id":906670606,"properties":{"highway":"residential","name":"Константиновский переулок"},"geometry":{"type":"LineString","coordinates":[[39.010697,45.0160011],[39.0101557,45.0154866]]}},{"type":"Feature","id":906670607,"properties":{"highway":"tertiary","name":"улица Ковтюха"},"geometry":{"type":"LineString","coordinates":[[39.0096009,45.0147486],[39.0093623,45.0147323]]}},{"type":"Feature","id":906670608,"properties":{"highway":"tertiary","name":"улица Шевченко"},"geometry":{"type":"LineString","coordinates":[[39.010697,45.0160011],[39.0103903,45.0178891]]}},{"type":"Feature","id":906670609,"properties":{"highway":"tertiary","name":"Таманская улица"},"geometry":{"type":"LineString","coordinates":[[39.0148684,45.0182846],[39.0150784,45.0167815],[39.0151506,45.0162645],[39.0153124,45.0151232],[39.0156054,45.0133702],[39.015779,45.0116294]]}},{"type":"Feature","id":918846719,"properties":{"highway":"secondary_link","name":null},"geometry":{"type":"LineString","coordinates":[[39.0157704,45.028749],[39.0157449,45.0288101],[39.0157572,45.0288765],[39.0158131,45.0289309],[39.0158764,45.0289872]]}},{"type":"Feature","id":934567643,"properties":{"highway":"service","name":null},"geometry":{"type":"LineString","coordinates":[[39.0201286,45.033332],[39.0204692,45.0328962],[39.020489,45.0328789],[39.0205101,45.0328723],[39.0205404,45.0328698],[39.0205801,45.0328723],[39.0208298,45.0329715],[39.020851,45.0329853],[39.0208568,45.033006],[39.0208482,45.0330267]]}},{"type":"Feature","id":934567644,"properties":{"highway":"service","name":null},"geometry":{"type":"LineString","coordinates":[[39.0200222,45.0332892],[39.0200047,45.033279],[39.0199918,45.0332687],[39.0199867,45.033256],[39.0199896,45.033246],[39.0201872,45.0329863],[39.0202056,45.0329586],[39.0202056,45.0329338],[39.0201904,45.0329173],[39.0199371,45.0328216],[39.0198938,45.0328174],[39.0198619,45.0328224],[39.0198354,45.0328355],[39.0195686,45.0331784],[39.0195384,45.0332173]]}},{"type":"Feature","id":934567645,"properties":{"highway":"service","name":null},"geometry":{"type":"LineString","coordinates":[[39.0200222,45.0332892],[39.0201286,45.033332],[39.0204684,45.0334685]]}},{"type":"Feature","id":934567653,"properties":{"highway":"service","name":null},"geometry":{"type":"LineString","coordinates":[[39.0149003,45.0248129],[39.0148348,45.0249342],[39.0145535,45.0254548]]}},{"type":"Feature","id":934567654,"properties":{"highway":"service","name":null},"geometry":{"type":"LineString","coordinates":[[39.0145027,45.0250901],[39.0145951,45.0248963],[39.014609,45.0248854],[39.0146367,45.0248832],[39.0148348,45.0249342]]}},{"type":"Feature","id":934567657,"properties":{"highway":"footway","name":null},"geometry":{"type":"LineString","coordinates":[[39.0141821,45.0258614],[39.0141508,45.0259013],[39.0141083,45.0259554]]}},{"type":"Feature","id":934567659,"properties":{"highway":"footway","name":null},"geometry":{"type":"LineString","coordinates":[[39.0141083,45.0259554],[39.0140705,45.0260035],[39.0142346,45.0260589]]}},{"type":"Feature","id":934567678,"properties":{"highway":"footway","name":null},"geometry":{"type":"LineString","coordinates":[[39.0135646,45.0248081],[39.0135639,45.025063],[39.0135997,45.025063],[39.0135994,45.0251693],[39.0135636,45.0251693],[39.0135629,45.0253929],[39.0136265,45.0254381],[39.0136261,45.0255865],[39.0131873,45.0255859],[39.0131432,45.0256397]]}},{"type":"Feature","id":934567679,"properties":{"highway":"footway","name":null},"geometry":{"type":"LineString","coordinates":[[39.0139159,45.0248505],[39.0139153,45.0250641],[39.0138794,45.0250641],[39.0138792,45.0251703],[39.013915,45.0251704],[39.0139144,45.0253941],[39.0138505,45.025439],[39.0138499,45.025648],[39.014265,45.0256486],[39.0143763,45.0256488]]}},{"type":"Feature","id":934622461,"properties":{"highway":"service","name":null},"geometry":{"type":"LineString","coordinates":[[39.0136777,45.022697],[39.0135599,45.0231761],[39.0135021,45.0234112]]}},{"type":"Feature","id":934622473,"properties":{"highway":"service","name":null},"geometry":{"type":"LineString","coordinates":[[39.0123443,45.0220863],[39.0123529,45.0220393],[39.0123508,45.0219948],[39.0123261,45.0219561],[39.0122748,45.0219235],[39.0122641,45.0218898],[39.0123172,45.0215596],[39.012342,45.0215333],[39.0123809,45.0215258],[39.0124287,45.0215233],[39.0134551,45.0216271]]}},{"type":"Feature","id":934622475,"properties":{"highway":"service","name":null},"geometry":{"type":"LineString","coordinates":[[39.015501,45.0193225],[39.015473,45.0195102]]}},{"type":"Feature","id":934622476,"properties":{"highway":"service","name":null},"geometry":{"type":"LineString","coordinates":[[39.0156178,45.0195201],[39.015473,45.0195102],[39.0147145,45.0194582]]}},{"type":"Feature","id":945557277,"properties":{"highway":"path","name":null},"geometry":{"type":"LineString","coordinates":[[39.0520828,45.0046255],[39.0518337,45.0045033],[39.0508652,45.0039802],[39.0499331,45.0035021],[39.0491351,45.0031401],[39.0488239,45.0029227],[39.0486248,45.0029087],[39.0484259,45.0027687]]}},{"type":"Feature","id":945557280,"properties":{"highway":"path","name":null},"geometry":{"type":"LineString","coordinates":[[39.0538018,45.0029889],[39.0538523,45.0030387]]}},{"type":"Feature","id":945557283,"properties":{"highway":"path","name":null},"geometry":{"type":"LineString","coordinates":[[39.0484259,45.0027687],[39.0481904,45.0029326],[39.047885,45.0030021],[39.0476491,45.003046],[39.047328,45.0031241],[39.0472528,45.0030767],[39.0471026,45.00305],[39.0467917,45.0030176],[39.0465482,45.00294],[39.0464393,45.0029885],[39.0463754,45.0030587],[39.046294,45.0030607],[39.0462188,45.0030495],[39.0461567,45.0030649],[39.0461193,45.0031021],[39.0460617,45.0031344],[39.0459376,45.0031867],[39.0458432,45.0031447],[39.0458232,45.0030082],[39.0457235,45.0030038],[39.0456585,45.0029283],[39.0455827,45.0028499],[39.0455121,45.0027257],[39.0454209,45.0025834],[39.0453124,45.0024358],[39.0452671,45.0023388],[39.0452946,45.0022267],[39.0451878,45.0021422],[39.0451313,45.0021577],[39.0450415,45.0021741],[39.0448677,45.0019877],[39.0446377,45.0019113],[39.0446351,45.0018157],[39.0445182,45.0016351],[39.0443158,45.0015953],[39.0442139,45.0015214],[39.0440288,45.0014777],[39.0439215,45.0015181],[39.043763,45.0015343],[39.0435523,45.0015577],[39.043282,45.0016051],[39.0430507,45.0016192],[39.0429577,45.0014496],[39.0428582,45.001373],[39.0427516,45.0013516],[39.0426392,45.0013659],[39.0425736,45.0014669],[39.0424321,45.0015227],[39.0422184,45.0014215],[39.0420635,45.0013728],[39.041892,45.0013458],[39.041715,45.0013418],[39.0414341,45.0013028],[39.0412329,45.0011444],[39.0411008,45.00107],[39.0408879,45.0009543],[39.0408504,45.0008954],[39.0407887,45.0008386],[39.0407726,45.0007514],[39.0405419,45.000372],[39.0402415,45.0000022],[39.0400296,44.9997632],[39.039968,44.9996001],[39.039866,44.9994332],[39.0395843,44.999071],[39.0395666,44.9989212],[39.0395329,44.9987492],[39.0395538,44.9985928],[39.0395764,44.998462],[39.0393794,44.9983051],[39.0393479,44.9982268],[39.0392876,44.9981475],[39.0390157,44.998072],[39.0389473,44.9980506],[39.0388744,44.9979294],[39.0388018,44.9976476],[39.038671,44.9974458],[39.0385706,44.9972594],[39.0382433,44.9971629],[39.0381521,44.9969903],[39.0379912,44.9967987],[39.0378946,44.9965882],[39.0378549,44.9964384],[39.0377961,44.9963151],[39.0377625,44.9961918],[39.0376451,44.9960323],[39.0376144,44.9959195],[39.0377023,44.9958067],[39.0377057,44.995604],[39.0377389,44.9954523],[39.0377455,44.995321],[39.0378442,44.9951819],[39.0377926,44.9950649],[39.0376672,44.9949671],[39.0374832,44.9948034],[39.0374211,44.9947154],[39.0374045,44.9946197],[39.0373317,44.9944427],[39.03736,44.9942529],[39.0373323,44.9940978],[39.0373225,44.9939822],[39.0373396,44.9938752],[39.0374788,44.9937694],[39.037738,44.9937387],[39.0379149,44.9935009],[39.0380474,44.993409],[39.0381816,44.993339],[39.0384031,44.9932906],[39.0384901,44.9931152],[39.0386348,44.9929568],[39.039104,44.9928333]]}},{"type":"Feature","id":945557284,"properties":{"highway":"path","name":null},"geometry":{"type":"LineString","coordinates":[[39.0484259,45.0027687],[39.0487764,45.0025171],[39.0491142,45.002335],[39.0493932,45.0021396],[39.0497097,45.0018779],[39.0500879,45.0015214],[39.0504144,45.0011371],[39.0504634,45.0010795],[39.0506163,45.0009733],[39.0507317,45.0008424],[39.0511528,45.0005845],[39.0518528,45.0001729],[39.0523329,44.9998808],[39.0524697,44.9997082],[39.0524617,44.999418],[39.0525529,44.9992246],[39.0526703,44.9991468]]}},{"type":"Feature","id":945557286,"properties":{"highway":"track","name":null},"geometry":{"type":"LineString","coordinates":[[39.0522066,44.9989371],[39.0521505,44.9990197],[39.0520835,44.9990577],[39.0519977,44.9991184],[39.0517643,44.9992075],[39.0516195,44.9992549],[39.0515149,44.9993327],[39.0513352,44.9993725],[39.0511635,44.9994446],[39.050906,44.9995565],[39.0506941,44.9996551],[39.0504768,44.9998087],[39.0502489,44.9998182],[39.0501657,44.9998846],[39.0500477,44.9999908],[39.0498438,45.0001255],[39.0496105,45.0003057],[39.0495756,45.0004555],[39.0494925,45.0005029],[39.0492618,45.0007627],[39.0491277,45.0008576],[39.0490015,45.001047],[39.0489748,45.0010871],[39.048838,45.0011876],[39.0486529,45.0012198],[39.0485376,45.001161],[39.0485886,45.0010908],[39.0487763,45.0010567],[39.0490015,45.001047]]}},{"type":"Feature","id":946054485,"properties":{"highway":"path","name":null},"geometry":{"type":"LineString","coordinates":[[39.055843,45.001946],[39.0558964,45.0019141],[39.0559147,45.0019095],[39.0559316,45.0019129],[39.055974,45.0019405],[39.0559951,45.0019568],[39.0560003,45.001969],[39.0559968,45.0019805],[39.0559441,45.002023]]}},{"type":"Feature","id":946973000,"properties":{"highway":"service","name":null},"geometry":{"type":"LineString","coordinates":[[39.052122,45.0286329],[39.0521213,45.0279467],[39.052121,45.0275675],[39.0521226,45.0275562],[39.0521345,45.0275481],[39.0521546,45.0275448],[39.0522739,45.0275448],[39.0522879,45.0275469],[39.0522987,45.0275535],[39.0523017,45.0275647],[39.0523021,45.0279466]]}},{"type":"Feature","id":946973001,"properties":{"highway":"service","name":null},"geometry":{"type":"LineString","coordinates":[[39.0521213,45.0279467],[39.0523021,45.0279466],[39.0527279,45.0279464],[39.0527594,45.0279416],[39.0527889,45.0279206],[39.0527942,45.0278978],[39.0527939,45.0275779]]}},{"type":"Feature","id":962349733,"properties":{"highway":"service","name":null},"geometry":{"type":"LineString","coordinates":[[39.0327687,45.003547],[39.032678,45.0036133]]}},{"type":"Feature","id":968682271,"properties":{"highway":"path","name":null},"geometry":{"type":"LineString","coordinates":[[39.0538018,45.0029889],[39.0535156,45.0029132],[39.0527688,45.0023327],[39.052652,45.0022701],[39.0525565,45.0022125],[39.0522167,45.00217],[39.0519654,45.0020599],[39.0517956,45.0019323],[39.0517566,45.0018497],[39.0516151,45.0016094],[39.0514629,45.0015194],[39.051162,45.0014168],[39.0509355,45.0012641],[39.0507798,45.0012065],[39.0507055,45.0011915],[39.0506312,45.0012015],[39.050525,45.001179],[39.0504144,45.0011371]]}},{"type":"Feature","id":969720556,"properties":{"highway":"service","name":null},"geometry":{"type":"LineString","coordinates":[[39.044691,45.0132102],[39.044772,45.0131593],[39.0450085,45.0130257],[39.0450655,45.0130072],[39.0451118,45.0130067],[39.045156,45.0130328],[39.0451828,45.0130674],[39.0451781,45.0131034],[39.0451272,45.0131537],[39.0449245,45.0132792],[39.0448477,45.0133366]]}},{"type":"Feature","id":972280348,"properties":{"highway":"service","name":null},"geometry":{"type":"LineString","coordinates":[[39.0210447,45.0375823],[39.0208402,45.0370763],[39.0208281,45.0370595],[39.020808,45.0370483],[39.0207661,45.0370319],[39.0207382,45.037025],[39.020707,45.0370276],[39.0204437,45.0370808],[39.0203877,45.0370921],[39.0203617,45.037103],[39.0203522,45.0371178],[39.0203543,45.0371367],[39.020444,45.0373584],[39.0204445,45.0373707],[39.0204345,45.0373876],[39.0204152,45.0373953],[39.0203429,45.0374099],[39.0203194,45.0374191],[39.0203086,45.0374335],[39.0203095,45.0374513],[39.0204325,45.0377556],[39.0204466,45.0377905]]}},{"type":"Feature","id":972467521,"properties":{"highway":"residential","name":"улица Стасова"},"geometry":{"type":"LineString","coordinates":[[39.0435658,45.0320349],[39.0435679,45.0319109],[39.0435729,45.0317482],[39.0435755,45.0310328]]}},{"type":"Feature","id":972497818,"properties":{"highway":"service","name":null},"geometry":{"type":"LineString","coordinates":[[39.052296,45.0285818],[39.0522978,45.0285198]]}},{"type":"Feature","id":974377136,"properties":{"highway":"service","name":null},"geometry":{"type":"LineString","coordinates":[[39.0266402,45.0038844],[39.026684,45.0038567],[39.0267155,45.0038368],[39.0267906,45.0038006],[39.0268473,45.0037853],[39.0270874,45.0036336],[39.0271044,45.0036168],[39.0271113,45.0035962],[39.0271227,45.0034529],[39.0271234,45.0034444],[39.027119,45.0034248],[39.0271066,45.0034105],[39.0268294,45.0031913],[39.0268164,45.0031858],[39.026804,45.0031856],[39.0267923,45.0031895],[39.0265674,45.0033316],[39.0265559,45.0033458],[39.0265499,45.003365],[39.0265528,45.0033823],[39.0265646,45.0033998],[39.0265974,45.0034257],[39.0266079,45.0034392],[39.0266071,45.0034525],[39.0265965,45.0034634],[39.0264814,45.0035361],[39.026407,45.0035832],[39.0263755,45.0036031],[39.0263273,45.0036335]]}},{"type":"Feature","id":980966535,"properties":{"highway":"service","name":null},"geometry":{"type":"LineString","coordinates":[[39.0287134,45.021609],[39.0290028,45.0215494]]}},{"type":"Feature","id":981132306,"properties":{"highway":"service","name":null},"geometry":{"type":"LineString","coordinates":[[39.0151024,45.0248943],[39.015066,45.025108],[39.0150618,45.0252666],[39.0150369,45.0253558],[39.0148578,45.0257125]]}},{"type":"Feature","id":981149381,"properties":{"highway":"footway","name":null},"geometry":{"type":"LineString","coordinates":[[39.0131227,45.023119],[39.0135599,45.0231761]]}},{"type":"Feature","id":984182626,"properties":{"highway":"service","name":null},"geometry":{"type":"LineString","coordinates":[[39.0559032,45.0327558],[39.0558879,45.0328371],[39.0558929,45.0328591],[39.0559247,45.0328753],[39.0561859,45.0328989]]}},{"type":"Feature","id":984182627,"properties":{"highway":"service","name":null},"geometry":{"type":"LineString","coordinates":[[39.0546076,45.0324955],[39.054004,45.0324326]]}},{"type":"Feature","id":984182628,"properties":{"highway":"service","name":null},"geometry":{"type":"LineString","coordinates":[[39.0535779,45.0319681],[39.0535024,45.0323018]]}},{"type":"Feature","id":984182629,"properties":{"highway":"service","name":null},"geometry":{"type":"LineString","coordinates":[[39.0547005,45.0320912],[39.0547926,45.0316908]]}},{"type":"Feature","id":984182630,"properties":{"highway":"service","name":null},"geometry":{"type":"LineString","coordinates":[[39.0544564,45.0331569],[39.0546021,45.033096],[39.054864,45.0331155],[39.0550294,45.0331281],[39.0550845,45.033132],[39.0551387,45.0331384]]}},{"type":"Feature","id":985188196,"properties":{"highway":"footway","name":null},"geometry":{"type":"LineString","coordinates":[[39.0343816,45.031046],[39.0344575,45.0310514],[39.0345088,45.031055]]}},{"type":"Feature","id":985188197,"properties":{"highway":"footway","name":null},"geometry":{"type":"LineString","coordinates":[[39.0343541,45.0311967],[39.0344199,45.0312038],[39.0344816,45.0312085]]}},{"type":"Feature","id":985188198,"properties":{"highway":"footway","name":null},"geometry":{"type":"LineString","coordinates":[[39.032163,45.0310499],[39.0343541,45.0311967]]}},{"type":"Feature","id":985188199,"properties":{"highway":"footway","name":null},"geometry":{"type":"LineString","coordinates":[[39.0343541,45.0311967],[39.0343675,45.0311232],[39.0343816,45.031046]]}},{"type":"Feature","id":985188200,"properties":{"highway":"footway","name":null},"geometry":{"type":"LineString","coordinates":[[39.0303471,45.0309027],[39.0302898,45.0309013],[39.0301864,45.0308957]]}},{"type":"Feature","id":985188201,"properties":{"highway":"footway","name":null},"geometry":{"type":"LineString","coordinates":[[39.0302569,45.0306302],[39.0303108,45.0306332],[39.0303884,45.0306375]]}},{"type":"Feature","id":985188202,"properties":{"highway":"footway","name":null},"geometry":{"type":"LineString","coordinates":[[39.0301658,45.0306252],[39.0302569,45.0306302]]}},{"type":"Feature","id":985188203,"properties":{"highway":"footway","name":null},"geometry":{"type":"LineString","coordinates":[[39.0301387,45.0307605],[39.0301521,45.0306936],[39.0301658,45.0306252]]}},{"type":"Feature","id":985188204,"properties":{"highway":"footway","name":null},"geometry":{"type":"LineString","coordinates":[[39.0302824,45.0347414],[39.0301531,45.034719],[39.0301967,45.0346219],[39.0302142,45.0343491],[39.0302411,45.0339306],[39.0302434,45.0333982],[39.0302451,45.0330174]]}},{"type":"Feature","id":985195798,"properties":{"highway":"footway","name":null},"geometry":{"type":"LineString","coordinates":[[39.0298304,45.034831],[39.0296173,45.0347697],[39.0294591,45.0347489],[39.029368,45.0347195]]}},{"type":"Feature","id":985195799,"properties":{"highway":"footway","name":null},"geometry":{"type":"LineString","coordinates":[[39.0299881,45.0346371],[39.0299093,45.0347224]]}},{"type":"Feature","id":985195800,"properties":{"highway":"footway","name":null},"geometry":{"type":"LineString","coordinates":[[39.0299093,45.0347224],[39.0298859,45.0347523],[39.0298304,45.034831]]}},{"type":"Feature","id":985195801,"properties":{"highway":"footway","name":null},"geometry":{"type":"LineString","coordinates":[[39.0299881,45.0346371],[39.0300885,45.0346869],[39.0301531,45.034719]]}},{"type":"Feature","id":985195802,"properties":{"highway":"service","name":null},"geometry":{"type":"LineString","coordinates":[[39.0308373,45.0330369],[39.0308469,45.0329877],[39.0309021,45.0327056]]}},{"type":"Feature","id":985195803,"properties":{"highway":"residential","name":"Новгородская улица"},"geometry":{"type":"LineString","coordinates":[[39.0301808,45.0329802],[39.0302491,45.0329847],[39.0305387,45.0330104],[39.0308373,45.0330369],[39.0319507,45.0331357],[39.0339854,45.0333444]]}},{"type":"Feature","id":985195804,"properties":{"highway":"footway","name":null},"geometry":{"type":"LineString","coordinates":[[39.0302527,45.0329543],[39.0302325,45.0328923],[39.0302889,45.0319606],[39.0303268,45.0319289]]}},{"type":"Feature","id":985195805,"properties":{"highway":"footway","name":null},"geometry":{"type":"LineString","coordinates":[[39.0302451,45.0330174],[39.0302491,45.0329847],[39.0302527,45.0329543]]}},{"type":"Feature","id":985195806,"properties":{"highway":"footway","name":null},"geometry":{"type":"LineString","coordinates":[[39.0300807,45.0328747],[39.0300784,45.032908],[39.0300766,45.0329425]]}},{"type":"Feature","id":985195807,"properties":{"highway":"footway","name":null},"geometry":{"type":"LineString","coordinates":[[39.0301448,45.0328748],[39.0300807,45.0328747]]}},{"type":"Feature","id":985195808,"properties":{"highway":"footway","name":null},"geometry":{"type":"LineString","coordinates":[[39.0302325,45.0328923],[39.0301864,45.0328831],[39.0301448,45.0328748]]}},{"type":"Feature","id":985195809,"properties":{"highway":"residential","name":"Енисейская улица"},"geometry":{"type":"LineString","coordinates":[[39.0301808,45.0329802],[39.0301839,45.0329244],[39.0301864,45.0328831],[39.0302384,45.0319589],[39.0302425,45.0318861]]}},{"type":"Feature","id":985195810,"properties":{"highway":"residential","name":"Енисейская улица"},"geometry":{"type":"LineString","coordinates":[[39.0300887,45.0348178],[39.0300885,45.0346869],[39.0301072,45.0343416],[39.0301297,45.0339255],[39.0301587,45.0333887],[39.0301808,45.0329802]]}},{"type":"Feature","id":985195811,"properties":{"highway":"footway","name":null},"geometry":{"type":"LineString","coordinates":[[39.0303335,45.0318578],[39.0303011,45.0318375],[39.0303471,45.0309027]]}},{"type":"Feature","id":985195812,"properties":{"highway":"footway","name":null},"geometry":{"type":"LineString","coordinates":[[39.0303268,45.0319289],[39.0303299,45.0318954],[39.0303335,45.0318578]]}},{"type":"Feature","id":985195813,"properties":{"highway":"footway","name":null},"geometry":{"type":"LineString","coordinates":[[39.0302889,45.0319606],[39.0302384,45.0319589],[39.0301739,45.0319568]]}},{"type":"Feature","id":985195814,"properties":{"highway":"residential","name":"улица Бородина"},"geometry":{"type":"LineString","coordinates":[[39.0279686,45.0316105],[39.0283817,45.0316705],[39.0302425,45.0318861]]}},{"type":"Feature","id":985195815,"properties":{"highway":"residential","name":"улица Бородина"},"geometry":{"type":"LineString","coordinates":[[39.037043,45.0325683],[39.0361467,45.032488],[39.0351249,45.0323964],[39.035001,45.0323853],[39.0342027,45.0323138]]}},{"type":"Feature","id":985195816,"properties":{"highway":"residential","name":"улица Бородина"},"geometry":{"type":"LineString","coordinates":[[39.0405399,45.0329257],[39.0394533,45.0328263],[39.0383983,45.0327116],[39.037043,45.0325683]]}},{"type":"Feature","id":986910430,"properties":{"highway":"tertiary","name":"Волжская улица"},"geometry":{"type":"LineString","coordinates":[[39.0381441,45.0270871],[39.0380241,45.0276371],[39.0379512,45.0279726],[39.0379108,45.0281807]]}},{"type":"Feature","id":986910431,"properties":{"highway":"tertiary","name":"Волжская улица"},"geometry":{"type":"LineString","coordinates":[[39.0376044,45.0297706],[39.0375249,45.0302885],[39.0374049,45.0308498],[39.0372987,45.0313305]]}},{"type":"Feature","id":986910432,"properties":{"highway":"tertiary","name":"Волжская улица"},"geometry":{"type":"LineString","coordinates":[[39.0384489,45.0254996],[39.0383455,45.0260381],[39.0382538,45.0265155],[39.0381441,45.0270871]]}},{"type":"Feature","id":986910433,"properties":{"highway":"residential","name":"Новосибирская улица"},"geometry":{"type":"LineString","coordinates":[[39.0361693,45.0279829],[39.0377727,45.028165],[39.0379108,45.0281807],[39.0387452,45.0282585],[39.0399007,45.0283799],[39.0400009,45.0283904]]}},{"type":"Feature","id":986910434,"properties":{"highway":"residential","name":"Новосибирская улица"},"geometry":{"type":"LineString","coordinates":[[39.0400009,45.0283904],[39.0406446,45.0284473],[39.0411868,45.0285058]]}},{"type":"Feature","id":986910435,"properties":{"highway":"residential","name":"Алтайская улица"},"geometry":{"type":"LineString","coordinates":[[39.0407679,45.0317523],[39.0407761,45.031665],[39.0408056,45.0315296],[39.0410499,45.0304086],[39.0411043,45.030081],[39.041127,45.0296518],[39.0411305,45.0295861],[39.0411467,45.0291312],[39.0411467,45.0290379]]}},{"type":"Feature","id":986910436,"properties":{"highway":"footway","name":null},"geometry":{"type":"LineString","coordinates":[[39.0408247,45.0316703],[39.0417896,45.0317865],[39.0433609,45.0319132],[39.0434622,45.0319121]]}},{"type":"Feature","id":986910437,"properties":{"highway":"footway","name":null},"geometry":{"type":"LineString","coordinates":[[39.0407358,45.0316605],[39.0407761,45.031665],[39.0408247,45.0316703]]}},{"type":"Feature","id":986910438,"properties":{"highway":"footway","name":null},"geometry":{"type":"LineString","coordinates":[[39.0406535,45.0318005],[39.0406653,45.0317425],[39.0406831,45.0316551]]}},{"type":"Feature","id":986910439,"properties":{"highway":"footway","name":null},"geometry":{"type":"LineString","coordinates":[[39.0375905,45.031359],[39.0375712,45.0314395],[39.0375523,45.0315184]]}},{"type":"Feature","id":986910440,"properties":{"highway":"footway","name":null},"geometry":{"type":"LineString","coordinates":[[39.0371612,45.0313169],[39.0371445,45.0313971],[39.0371274,45.0314794]]}},{"type":"Feature","id":986919416,"properties":{"highway":"residential","name":"Таганрогская улица"},"geometry":{"type":"LineString","coordinates":[[39.0401712,45.0349603],[39.0399063,45.0349384],[39.0396246,45.0348721],[39.0390657,45.03483],[39.0385277,45.0347952],[39.0380071,45.0347473],[39.0366399,45.0345798]]}},{"type":"Feature","id":986919417,"properties":{"highway":"residential","name":"Новгородская улица"},"geometry":{"type":"LineString","coordinates":[[39.0339854,45.0333444],[39.0343644,45.0333787],[39.0348753,45.0334283],[39.0352883,45.0334825],[39.0359086,45.0335265],[39.036824,45.0336149]]}},{"type":"Feature","id":986919424,"properties":{"highway":"service","name":null},"geometry":{"type":"LineString","coordinates":[[39.0377215,45.0291856],[39.0374728,45.029156],[39.0367171,45.0290603]]}},{"type":"Feature","id":986919425,"properties":{"highway":"residential","name":"Камская улица"},"geometry":{"type":"LineString","coordinates":[[39.0349904,45.0284063],[39.03605,45.0285165]]}},{"type":"Feature","id":986919426,"properties":{"highway":"residential","name":"Новосибирская улица"},"geometry":{"type":"LineString","coordinates":[[39.0350992,45.0278689],[39.0360551,45.0279707],[39.0361693,45.0279829]]}},{"type":"Feature","id":986919427,"properties":{"highway":"residential","name":"Дунайская улица"},"geometry":{"type":"LineString","coordinates":[[39.0344378,45.0311285],[39.0344575,45.0310514],[39.0345079,45.0307955],[39.0345534,45.0305646]]}},{"type":"Feature","id":986919428,"properties":{"highway":"residential","name":"Хабаровская улица"},"geometry":{"type":"LineString","coordinates":[[39.0376044,45.0297706],[39.0396908,45.029985]]}},{"type":"Feature","id":986919429,"properties":{"highway":"residential","name":"Хабаровская улица"},"geometry":{"type":"LineString","coordinates":[[39.0316016,45.0291643],[39.0347726,45.0294819]]}},{"type":"Feature","id":986923517,"properties":{"highway":"secondary","name":null},"geometry":{"type":"LineString","coordinates":[[39.0286255,45.0355223],[39.0284823,45.0356022]]}},{"type":"Feature","id":986949986,"properties":{"highway":"residential","name":"улица Академика Пустовойта"},"geometry":{"type":"LineString","coordinates":[[39.0200515,45.0389713],[39.0206215,45.0392508],[39.0213588,45.0396293],[39.0214239,45.0396616],[39.0219589,45.0399269]]}},{"type":"Feature","id":986949987,"properties":{"highway":"residential","name":"улица Академика Пустовойта"},"geometry":{"type":"LineString","coordinates":[[39.018878,45.0383979],[39.0191749,45.0385248],[39.0193565,45.0386153],[39.0200515,45.0389713]]}},{"type":"Feature","id":986949988,"properties":{"highway":"residential","name":"улица Академика Пустовойта"},"geometry":{"type":"LineString","coordinates":[[39.018878,45.0383979],[39.0186363,45.0375512],[39.0186457,45.0375111],[39.0186766,45.037379]]}},{"type":"Feature","id":986949989,"properties":{"highway":"footway","name":null},"geometry":{"type":"LineString","coordinates":[[39.018592,45.0372008],[39.018642,45.0371908],[39.0186838,45.0371824]]}},{"type":"Feature","id":986949990,"properties":{"highway":"footway","name":null},"geometry":{"type":"LineString","coordinates":[[39.0171686,45.034928],[39.0171235,45.0348118]]}},{"type":"Feature","id":986952039,"properties":{"highway":"service","name":null},"geometry":{"type":"LineString","coordinates":[[39.0281341,45.0366683],[39.0280834,45.0371795]]}},{"type":"Feature","id":986952040,"properties":{"highway":"service","name":null},"geometry":{"type":"LineString","coordinates":[[39.0281925,45.0366842],[39.0281411,45.0371653]]}},{"type":"Feature","id":986952041,"properties":{"highway":"service","name":null},"geometry":{"type":"LineString","coordinates":[[39.0282489,45.0366996],[39.0282003,45.0371506]]}},{"type":"Feature","id":986952042,"properties":{"highway":"service","name":null},"geometry":{"type":"LineString","coordinates":[[39.0283065,45.0367154],[39.02826,45.0371358]]}},{"type":"Feature","id":986952043,"properties":{"highway":"service","name":null},"geometry":{"type":"LineString","coordinates":[[39.0283581,45.0367295],[39.0283168,45.0371218]]}},{"type":"Feature","id":986952044,"properties":{"highway":"service","name":null},"geometry":{"type":"LineString","coordinates":[[39.0284152,45.0367451],[39.028378,45.0371066]]}},{"type":"Feature","id":986952045,"properties":{"highway":"service","name":null},"geometry":{"type":"LineString","coordinates":[[39.0280844,45.0366547],[39.0280203,45.0371952]]}},{"type":"Feature","id":988349154,"properties":{"highway":"secondary","name":"улица Селезнёва"},"geometry":{"type":"LineString","coordinates":[[39.0533909,45.0167951],[39.0537268,45.016208]]}},{"type":"Feature","id":988356059,"properties":{"highway":"footway","name":null},"geometry":{"type":"LineString","coordinates":[[39.0485831,45.0221545],[39.0489138,45.0221978]]}},{"type":"Feature","id":988356060,"properties":{"highway":"footway","name":null},"geometry":{"type":"LineString","coordinates":[[39.0484972,45.0221433],[39.0485412,45.022149],[39.0485831,45.0221545]]}},{"type":"Feature","id":988356061,"properties":{"highway":"service","name":null},"geometry":{"type":"LineString","coordinates":[[39.0484115,45.0227285],[39.0484873,45.0226802]]}},{"type":"Feature","id":988356062,"properties":{"highway":"service","name":null},"geometry":{"type":"LineString","coordinates":[[39.0484987,45.0227627],[39.0484115,45.0227285]]}},{"type":"Feature","id":988356063,"properties":{"highway":"service","name":null},"geometry":{"type":"LineString","coordinates":[[39.0478928,45.0227277],[39.0484115,45.0227285]]}},{"type":"Feature","id":988356064,"properties":{"highway":"service","name":null},"geometry":{"type":"LineString","coordinates":[[39.0487871,45.0226612],[39.0487227,45.0227048],[39.0486704,45.0227134],[39.0485778,45.0226954],[39.0485363,45.022666],[39.0485229,45.0226366],[39.0485363,45.0223001],[39.0485618,45.0222735],[39.0486234,45.0222612],[39.0486865,45.0222622]]}},{"type":"Feature","id":988356065,"properties":{"highway":"service","name":null},"geometry":{"type":"LineString","coordinates":[[39.0485689,45.0220574],[39.0485412,45.022149],[39.0485336,45.0221778]]}},{"type":"Feature","id":988356066,"properties":{"highway":"service","name":null},"geometry":{"type":"LineString","coordinates":[[39.0485336,45.0221778],[39.0485604,45.0222138],[39.0486154,45.0222328],[39.0486704,45.0222432],[39.0486865,45.0222622],[39.0487522,45.0222678],[39.0487871,45.0222849],[39.0487938,45.0223228],[39.0487871,45.0226612],[39.0487857,45.0227295],[39.0487562,45.0227665],[39.0487026,45.022793],[39.0486301,45.0227987],[39.0485752,45.0227987],[39.0485349,45.0227864],[39.0484987,45.0227627],[39.0484866,45.0227295],[39.0484873,45.0226802],[39.0484893,45.0222982],[39.0485081,45.0221967],[39.0485336,45.0221778]]}},{"type":"Feature","id":988356067,"properties":{"highway":"footway","name":null},"geometry":{"type":"LineString","coordinates":[[39.0490106,45.0222126],[39.049447,45.0222678]]}},{"type":"Feature","id":988356068,"properties":{"highway":"footway","name":null},"geometry":{"type":"LineString","coordinates":[[39.0489138,45.0221978],[39.0489597,45.0222051],[39.0490106,45.0222126]]}},{"type":"Feature","id":988358304,"properties":{"highway":"footway","name":null},"geometry":{"type":"LineString","coordinates":[[39.0430726,45.0230907],[39.0430469,45.0230983]]}},{"type":"Feature","id":988358305,"properties":{"highway":"footway","name":null},"geometry":{"type":"LineString","coordinates":[[39.0431475,45.0230685],[39.0431107,45.0230794],[39.0430726,45.0230907]]}},{"type":"Feature","id":988358306,"properties":{"highway":"footway","name":null},"geometry":{"type":"LineString","coordinates":[[39.043052,45.0231231],[39.0429173,45.0231581],[39.0416909,45.0234845],[39.0402869,45.0239262],[39.0401797,45.023917],[39.0390365,45.0242544],[39.0389813,45.0243337],[39.0387799,45.0243979],[39.0381091,45.0245981],[39.0370469,45.0249356],[39.0357362,45.0253156],[39.0355402,45.0253724],[39.0352413,45.0254597],[39.0328193,45.0261449],[39.0314707,45.0263979],[39.031191,45.0264332]]}},{"type":"Feature","id":988358307,"properties":{"highway":"footway","name":null},"geometry":{"type":"LineString","coordinates":[[39.0436555,45.0229182],[39.043614,45.02293]]}},{"type":"Feature","id":988358308,"properties":{"highway":"footway","name":null},"geometry":{"type":"LineString","coordinates":[[39.043428,45.0232831],[39.0436251,45.0232434],[39.0437743,45.0232133]]}},{"type":"Feature","id":988358309,"properties":{"highway":"footway","name":null},"geometry":{"type":"LineString","coordinates":[[39.0430627,45.0234033],[39.0432767,45.0233287],[39.0433177,45.0233165],[39.043428,45.0232831]]}},{"type":"Feature","id":988362507,"properties":{"highway":"footway","name":null},"geometry":{"type":"LineString","coordinates":[[39.0385187,45.0247162],[39.0386048,45.024692],[39.0386581,45.0246769]]}},{"type":"Feature","id":988362508,"properties":{"highway":"footway","name":null},"geometry":{"type":"LineString","coordinates":[[39.0384295,45.0247414],[39.0385187,45.0247162]]}},{"type":"Feature","id":988362509,"properties":{"highway":"footway","name":null},"geometry":{"type":"LineString","coordinates":[[39.0383505,45.0247636],[39.0384004,45.0247496],[39.0384295,45.0247414]]}},{"type":"Feature","id":988362510,"properties":{"highway":"steps","name":null},"geometry":{"type":"LineString","coordinates":[[39.0381091,45.0245981],[39.0381422,45.0246525]]}},{"type":"Feature","id":988362511,"properties":{"highway":"steps","name":null},"geometry":{"type":"LineString","coordinates":[[39.0387799,45.0243979],[39.0388037,45.0244427]]}},{"type":"Feature","id":988364132,"properties":{"highway":"footway","name":null},"geometry":{"type":"LineString","coordinates":[[39.0353653,45.0256503],[39.0355605,45.0255909],[39.0356486,45.0255643]]}},{"type":"Feature","id":988367640,"properties":{"highway":"footway","name":null},"geometry":{"type":"LineString","coordinates":[[39.0281998,45.0312787],[39.0281817,45.0313712]]}},{"type":"Feature","id":988367641,"properties":{"highway":"footway","name":null},"geometry":{"type":"LineString","coordinates":[[39.0282165,45.0311782],[39.0282082,45.0312283],[39.0281998,45.0312787]]}},{"type":"Feature","id":988367642,"properties":{"highway":"footway","name":null},"geometry":{"type":"LineString","coordinates":[[39.0284941,45.0304385],[39.0292366,45.0305214],[39.0301658,45.0306252]]}},{"type":"Feature","id":988367643,"properties":{"highway":"footway","name":null},"geometry":{"type":"LineString","coordinates":[[39.0283452,45.0306189],[39.0283811,45.0304935],[39.0283987,45.030387]]}},{"type":"Feature","id":988371393,"properties":{"highway":"service","name":null},"geometry":{"type":"LineString","coordinates":[[39.0494872,45.0226499],[39.0498396,45.0226555]]}},{"type":"Feature","id":988371394,"properties":{"highway":"service","name":null},"geometry":{"type":"LineString","coordinates":[[39.0494872,45.0226499],[39.049489,45.022434]]}},{"type":"Feature","id":988371395,"properties":{"highway":"service","name":null},"geometry":{"type":"LineString","coordinates":[[39.0494872,45.0226499],[39.049168,45.022648]]}},{"type":"Feature","id":988380974,"properties":{"highway":"footway","name":null},"geometry":{"type":"LineString","coordinates":[[39.0498285,45.0327749],[39.0499307,45.0327864]]}},{"type":"Feature","id":988380975,"properties":{"highway":"footway","name":null},"geometry":{"type":"LineString","coordinates":[[39.0494864,45.0327351],[39.0495182,45.0327388],[39.0496614,45.0327555],[39.0498285,45.0327749]]}},{"type":"Feature","id":988380976,"properties":{"highway":"path","name":null},"geometry":{"type":"LineString","coordinates":[[39.050955,45.0332985],[39.0506713,45.0332628],[39.0502509,45.0331328]]}},{"type":"Feature","id":988380977,"properties":{"highway":"service","name":null},"geometry":{"type":"LineString","coordinates":[[39.0502509,45.0331328],[39.0498653,45.0329899],[39.0494402,45.0329387]]}},{"type":"Feature","id":988380978,"properties":{"highway":"footway","name":null},"geometry":{"type":"LineString","coordinates":[[39.0511546,45.0329299],[39.0518589,45.0329951]]}},{"type":"Feature","id":988380979,"properties":{"highway":"footway","name":null},"geometry":{"type":"LineString","coordinates":[[39.0499307,45.0327864],[39.0509441,45.0329073]]}},{"type":"Feature","id":988380980,"properties":{"highway":"service","name":null},"geometry":{"type":"LineString","coordinates":[[39.0508946,45.0332363],[39.0509449,45.0330302],[39.050965,45.0330041],[39.0510073,45.0329823],[39.0510455,45.0329742],[39.0510897,45.0329742]]}},{"type":"Feature","id":988380981,"properties":{"highway":"footway","name":null},"geometry":{"type":"LineString","coordinates":[[39.0519038,45.0327918],[39.0520296,45.0328032],[39.0521345,45.0328127]]}},{"type":"Feature","id":988380982,"properties":{"highway":"footway","name":null},"geometry":{"type":"LineString","coordinates":[[39.0521421,45.0330219],[39.0519319,45.0339193],[39.0517069,45.0348994],[39.0516538,45.0352379]]}},{"type":"Feature","id":988380983,"properties":{"highway":"footway","name":null},"geometry":{"type":"LineString","coordinates":[[39.0509441,45.0329073],[39.0510605,45.0329212],[39.0511546,45.0329299]]}},{"type":"Feature","id":988380984,"properties":{"highway":"footway","name":null},"geometry":{"type":"LineString","coordinates":[[39.0518589,45.0329951],[39.0518836,45.0328834],[39.0519038,45.0327918]]}},{"type":"Feature","id":988380985,"properties":{"highway":"service","name":null},"geometry":{"type":"LineString","coordinates":[[39.0506733,45.0350637],[39.0508349,45.0351087],[39.0510993,45.0351381]]}},{"type":"Feature","id":988380986,"properties":{"highway":"footway","name":null},"geometry":{"type":"LineString","coordinates":[[39.0499691,45.0326152],[39.0499517,45.032696],[39.0499307,45.0327864]]}},{"type":"Feature","id":988380987,"properties":{"highway":"footway","name":null},"geometry":{"type":"LineString","coordinates":[[39.0499691,45.0326152],[39.0501647,45.0326251],[39.0502359,45.0326287],[39.0502569,45.0326297]]}},{"type":"Feature","id":988380988,"properties":{"highway":"tertiary","name":"Старокубанская улица"},"geometry":{"type":"LineString","coordinates":[[39.0501676,45.03211],[39.0501663,45.0323457],[39.0501647,45.0326251],[39.0501642,45.0327168]]}},{"type":"Feature","id":988380989,"properties":{"highway":"tertiary","name":"Старокубанская улица"},"geometry":{"type":"LineString","coordinates":[[39.0501594,45.0287584],[39.0501646,45.0290351],[39.0501801,45.0298509]]}},{"type":"Feature","id":988380991,"properties":{"highway":"service","name":null},"geometry":{"type":"LineString","coordinates":[[39.050152,45.0235595],[39.0500115,45.0235595],[39.0499625,45.0235595]]}},{"type":"Feature","id":988380993,"properties":{"highway":"service","name":null},"geometry":{"type":"LineString","coordinates":[[39.0501496,45.0234186],[39.0500115,45.0234186],[39.0497646,45.0234186]]}},{"type":"Feature","id":988380994,"properties":{"highway":"tertiary","name":"Старокубанская улица"},"geometry":{"type":"LineString","coordinates":[[39.0501464,45.0254347],[39.0501486,45.0259514]]}},{"type":"Feature","id":988380995,"properties":{"highway":"tertiary","name":"Старокубанская улица"},"geometry":{"type":"LineString","coordinates":[[39.0501362,45.0226575],[39.0501385,45.0227891],[39.0501399,45.0228745],[39.0501496,45.0234186],[39.050152,45.0235595],[39.0501538,45.0236641]]}},{"type":"Feature","id":988380996,"properties":{"highway":"service","name":null},"geometry":{"type":"LineString","coordinates":[[39.0501538,45.0236641],[39.0500115,45.0236641],[39.0498289,45.0236641]]}},{"type":"Feature","id":988380997,"properties":{"highway":"tertiary","name":"Старокубанская улица"},"geometry":{"type":"LineString","coordinates":[[39.0501486,45.0259514],[39.0501499,45.0262498],[39.0501528,45.0269367],[39.0501577,45.0280887],[39.0501594,45.0287584]]}},{"type":"Feature","id":988380998,"properties":{"highway":"tertiary","name":"Старокубанская улица"},"geometry":{"type":"LineString","coordinates":[[39.0501098,45.0222755],[39.0501351,45.022398],[39.0501362,45.0226575]]}},{"type":"Feature","id":988385618,"properties":{"highway":"service","name":null},"geometry":{"type":"LineString","coordinates":[[39.0438105,45.0309403],[39.0442434,45.0309342]]}},{"type":"Feature","id":988385622,"properties":{"highway":"service","name":null},"geometry":{"type":"LineString","coordinates":[[39.0435763,45.0309437],[39.0437283,45.0309415],[39.0438105,45.0309403]]}},{"type":"Feature","id":988385623,"properties":{"highway":"service","name":null},"geometry":{"type":"LineString","coordinates":[[39.0440637,45.0317246],[39.0440302,45.0316981],[39.0438625,45.0316772],[39.0438303,45.0316677],[39.0438156,45.0316488],[39.0438129,45.0316232],[39.0438105,45.0309403]]}},{"type":"Feature","id":988385625,"properties":{"highway":"service","name":null},"geometry":{"type":"LineString","coordinates":[[39.0443371,45.0319048],[39.0438397,45.031845]]}},{"type":"Feature","id":988385626,"properties":{"highway":"service","name":null},"geometry":{"type":"LineString","coordinates":[[39.044294,45.0321001],[39.0443198,45.0319831],[39.0443371,45.0319048],[39.0443574,45.0318128],[39.0443587,45.0317815],[39.0443413,45.0317549],[39.0443037,45.0317445],[39.0440637,45.0317246],[39.0440261,45.0317341],[39.0439913,45.031753],[39.0439403,45.0317559],[39.0438089,45.031735],[39.0437566,45.0317066],[39.0437238,45.0317048],[39.0436868,45.0317028],[39.0436251,45.0317132],[39.0435729,45.0317482]]}},{"type":"Feature","id":988385627,"properties":{"highway":"footway","name":null},"geometry":{"type":"LineString","coordinates":[[39.0437177,45.0319616],[39.0437197,45.0319092]]}},{"type":"Feature","id":988385628,"properties":{"highway":"footway","name":null},"geometry":{"type":"LineString","coordinates":[[39.0436902,45.0321233],[39.0437025,45.0320471],[39.0437177,45.0319616]]}},{"type":"Feature","id":988385629,"properties":{"highway":"footway","name":null},"geometry":{"type":"LineString","coordinates":[[39.0436902,45.0321233],[39.0443704,45.0322064],[39.0456471,45.0323082],[39.0458126,45.0323254],[39.0463654,45.0323836],[39.0468408,45.0324336],[39.048299,45.032587],[39.0483689,45.032621],[39.0484917,45.0326635],[39.0490783,45.032731],[39.0491681,45.0327137],[39.0493391,45.032716],[39.0494621,45.0327339],[39.0494864,45.0327351]]}},{"type":"Feature","id":988385630,"properties":{"highway":"footway","name":null},"geometry":{"type":"LineString","coordinates":[[39.0435686,45.0321119],[39.0436259,45.0321166],[39.0436902,45.0321233]]}},{"type":"Feature","id":988385631,"properties":{"highway":"footway","name":null},"geometry":{"type":"LineString","coordinates":[[39.0436573,45.0319099],[39.0437197,45.0319092]]}},{"type":"Feature","id":988385632,"properties":{"highway":"footway","name":null},"geometry":{"type":"LineString","coordinates":[[39.0434622,45.0319121],[39.0435679,45.0319109],[39.0436573,45.0319099]]}},{"type":"Feature","id":988385633,"properties":{"highway":"footway","name":null},"geometry":{"type":"LineString","coordinates":[[39.0433527,45.0319603],[39.0433609,45.0319132]]}},{"type":"Feature","id":988385634,"properties":{"highway":"footway","name":null},"geometry":{"type":"LineString","coordinates":[[39.0433301,45.0320899],[39.043332,45.0320791]]}},{"type":"Feature","id":988385635,"properties":{"highway":"footway","name":null},"geometry":{"type":"LineString","coordinates":[[39.043332,45.0320791],[39.0433435,45.0320132],[39.0433527,45.0319603]]}},{"type":"Feature","id":988423245,"properties":{"highway":"secondary","name":"улица Селезнёва"},"geometry":{"type":"LineString","coordinates":[[39.0521575,45.019152],[39.0520674,45.0193036],[39.0520523,45.0193404]]}},{"type":"Feature","id":988423247,"properties":{"highway":"secondary","name":"улица Селезнёва"},"geometry":{"type":"LineString","coordinates":[[39.0544383,45.0153348],[39.0542876,45.0155946],[39.0539813,45.016071],[39.0538751,45.0162463]]}},{"type":"Feature","id":988423249,"properties":{"highway":"primary","name":"Ставропольская улица"},"geometry":{"type":"LineString","coordinates":[[39.0144551,45.0211221],[39.0145648,45.0211318],[39.0168197,45.0213315]]}},{"type":"Feature","id":988423250,"properties":{"highway":"primary","name":"Ставропольская улица"},"geometry":{"type":"LineString","coordinates":[[39.0167339,45.0214586],[39.0154192,45.0213441]]}},{"type":"Feature","id":988423251,"properties":{"highway":"secondary","name":"улица 2-я Пятилетка"},"geometry":{"type":"LineString","coordinates":[[39.0245863,45.0228559],[39.0247647,45.0232682]]}},{"type":"Feature","id":989384947,"properties":{"highway":"footway","name":null},"geometry":{"type":"LineString","coordinates":[[39.0500115,45.0250907],[39.0500115,45.0259514]]}},{"type":"Feature","id":989384948,"properties":{"highway":"footway","name":null},"geometry":{"type":"LineString","coordinates":[[39.0500115,45.0236959],[39.0500115,45.0245007],[39.0500115,45.0249002]]}},{"type":"Feature","id":989384949,"properties":{"highway":"footway","name":null},"geometry":{"type":"LineString","coordinates":[[39.0500115,45.0249002],[39.0500115,45.0249312],[39.0500115,45.0250007],[39.0500115,45.0250756],[39.0500115,45.0250907]]}},{"type":"Feature","id":989384954,"properties":{"highway":"footway","name":null},"geometry":{"type":"LineString","coordinates":[[39.0500115,45.0228745],[39.0500115,45.023393]]}},{"type":"Feature","id":989384955,"properties":{"highway":"footway","name":null},"geometry":{"type":"LineString","coordinates":[[39.0500115,45.023393],[39.0500115,45.0234186],[39.0500115,45.0235595],[39.0500115,45.0236641],[39.0500115,45.0236959]]}},{"type":"Feature","id":998452956,"properties":{"highway":"service","name":null},"geometry":{"type":"LineString","coordinates":[[39.025872,45.0007555],[39.0253651,45.0003947],[39.0252587,45.0003326],[39.0251952,45.0002956],[39.025059,45.0002162],[39.0249478,45.0001423]]}},{"type":"Feature","id":998462642,"properties":{"highway":"service","name":null},"geometry":{"type":"LineString","coordinates":[[39.0346263,45.0042253],[39.0348315,45.0043149],[39.0350166,45.0044553],[39.0350836,45.0046108],[39.03492,45.0047113],[39.0347671,45.0046771],[39.0345499,45.0045046],[39.034382,45.0043842]]}},{"type":"Feature","id":999072129,"properties":{"highway":"service","name":null},"geometry":{"type":"LineString","coordinates":[[39.0354914,45.0161052],[39.03551,45.0154549]]}},{"type":"Feature","id":999072130,"properties":{"highway":"service","name":null},"geometry":{"type":"LineString","coordinates":[[39.0352446,45.0161059],[39.0352259,45.0154451]]}},{"type":"Feature","id":999072131,"properties":{"highway":"service","name":null},"geometry":{"type":"LineString","coordinates":[[39.0347292,45.015429],[39.0352259,45.0154451],[39.03551,45.0154549],[39.0359534,45.0154687]]}},{"type":"Feature","id":999072132,"properties":{"highway":"service","name":null},"geometry":{"type":"LineString","coordinates":[[39.0347294,45.0153603],[39.0347292,45.015429],[39.0347269,45.0160339],[39.0347537,45.0160946],[39.0348288,45.0161078],[39.0352446,45.0161059],[39.0354914,45.0161052],[39.0359017,45.016104],[39.0359688,45.0160661],[39.0359534,45.0154687],[39.0359929,45.0154537],[39.0360688,45.0154258],[39.0361003,45.0153788]]}},{"type":"Feature","id":999235276,"properties":{"highway":"service","name":null},"geometry":{"type":"LineString","coordinates":[[39.057303,45.0281437],[39.0570515,45.0281206],[39.0569986,45.0281158],[39.0568921,45.0281151],[39.0568527,45.0280978],[39.0568091,45.0280271],[39.0568186,45.0277187],[39.0568475,45.0277034],[39.0573065,45.0277036]]}},{"type":"Feature","id":999256723,"properties":{"highway":"service","name":null},"geometry":{"type":"LineString","coordinates":[[39.0422854,45.0377487],[39.0420091,45.0378839],[39.0415344,45.0380071],[39.0411615,45.0383502],[39.0411508,45.0385643],[39.0411159,45.0387614],[39.040668,45.0392106],[39.0403917,45.0393585]]}},{"type":"Feature","id":999256724,"properties":{"highway":"service","name":null},"geometry":{"type":"LineString","coordinates":[[39.0421623,45.0373746],[39.0421768,45.0376143],[39.0422174,45.0377124],[39.0422854,45.0377487],[39.0423578,45.0377872],[39.0424909,45.0378343]]}},{"type":"Feature","id":999281370,"properties":{"highway":"service","name":null},"geometry":{"type":"LineString","coordinates":[[39.0557228,45.0337778],[39.055624,45.0339032],[39.0555716,45.0341611]]}},{"type":"Feature","id":999281371,"properties":{"highway":"service","name":null},"geometry":{"type":"LineString","coordinates":[[39.0339021,45.0337737],[39.0333657,45.0336988]]}},{"type":"Feature","id":999281372,"properties":{"highway":"service","name":null},"geometry":{"type":"LineString","coordinates":[[39.0477795,45.0361366],[39.0474676,45.0361122],[39.0474165,45.0360626],[39.0474527,45.035876],[39.0475017,45.0356699]]}},{"type":"Feature","id":999281373,"properties":{"highway":"service","name":null},"geometry":{"type":"LineString","coordinates":[[39.0436172,45.0237807],[39.0437792,45.0237774],[39.0440825,45.0237713],[39.0441683,45.0237731],[39.0442166,45.0237997],[39.04423,45.023957],[39.0442032,45.024086]]}},{"type":"Feature","id":999281374,"properties":{"highway":"service","name":null},"geometry":{"type":"LineString","coordinates":[[39.0496631,45.0293348],[39.0496561,45.0290457],[39.049671,45.0290216],[39.0501646,45.0290351]]}},{"type":"Feature","id":999281375,"properties":{"highway":"service","name":null},"geometry":{"type":"LineString","coordinates":[[39.0301587,45.0333887],[39.0302434,45.0333982],[39.031426,45.0335319],[39.0315189,45.0335283],[39.0315595,45.033385],[39.0316878,45.0333575],[39.0326206,45.0334435]]}},{"type":"Feature","id":999281377,"properties":{"highway":"service","name":null},"geometry":{"type":"LineString","coordinates":[[39.0362055,45.0389085],[39.036305,45.038823],[39.03649,45.0389337],[39.0367565,45.0390187],[39.0381638,45.0393833],[39.0383374,45.0392659],[39.0392694,45.0393517]]}},{"type":"Feature","id":999281378,"properties":{"highway":"service","name":null},"geometry":{"type":"LineString","coordinates":[[39.0442402,45.0299198],[39.0442573,45.0296701],[39.0441764,45.0296249],[39.0438102,45.0296129],[39.0437361,45.0296139],[39.0435885,45.0296159]]}},{"type":"Feature","id":999570343,"properties":{"highway":"secondary","name":"Северная улица"},"geometry":{"type":"LineString","coordinates":[[39.0255439,45.0322201],[39.025067,45.0325111]]}},{"type":"Feature","id":999570344,"properties":{"highway":"secondary_link","name":null},"geometry":{"type":"LineString","coordinates":[[39.0246038,45.0323413],[39.0247728,45.0323662],[39.0248941,45.032391],[39.0250176,45.0323903],[39.0251219,45.0323719],[39.0252347,45.0323293],[39.0253752,45.0322586],[39.0255439,45.0322201]]}},{"type":"Feature","id":999570345,"properties":{"highway":"tertiary","name":"улица Васнецова"},"geometry":{"type":"LineString","coordinates":[[39.0265184,45.0316493],[39.0262746,45.0315484],[39.0261906,45.0314384]]}},{"type":"Feature","id":999570346,"properties":{"highway":"tertiary_link","name":null},"geometry":{"type":"LineString","coordinates":[[39.0257452,45.0320973],[39.0258095,45.0320066],[39.0260448,45.031811],[39.0261741,45.0316967],[39.0262162,45.0316079],[39.0261906,45.0314384]]}},{"type":"Feature","id":999588139,"properties":{"highway":"service","name":null},"geometry":{"type":"LineString","coordinates":[[39.0091137,45.0255703],[39.0083939,45.0256253],[39.0083178,45.0256241],[39.0082824,45.0256181],[39.0078853,45.0254652],[39.0077864,45.0254343],[39.0077206,45.0254076]]}},{"type":"Feature","id":999588140,"properties":{"highway":"service","name":null},"geometry":{"type":"LineString","coordinates":[[39.0249817,45.0237955],[39.0248432,45.0238202]]}},{"type":"Feature","id":999588141,"properties":{"highway":"service","name":null},"geometry":{"type":"LineString","coordinates":[[39.0247813,45.0233084],[39.0242948,45.0233995]]}},{"type":"Feature","id":999588143,"properties":{"highway":"service","name":null},"geometry":{"type":"LineString","coordinates":[[39.0272327,45.0257664],[39.0265323,45.0258303],[39.0263599,45.0259063],[39.0258212,45.0259755],[39.0257202,45.0259862]]}},{"type":"Feature","id":999588144,"properties":{"highway":"service","name":null},"geometry":{"type":"LineString","coordinates":[[39.0158741,45.0354532],[39.0149303,45.0356433]]}},{"type":"Feature","id":999588145,"properties":{"highway":"service","name":null},"geometry":{"type":"LineString","coordinates":[[39.0150435,45.0358943],[39.0159837,45.0357015]]}},{"type":"Feature","id":999588146,"properties":{"highway":"service","name":null},"geometry":{"type":"LineString","coordinates":[[39.0249556,45.0264699],[39.0247746,45.0262775],[39.024666,45.0260159],[39.0245211,45.0258917],[39.0244165,45.0257334],[39.0243713,45.0256776]]}},{"type":"Feature","id":999601721,"properties":{"highway":"service","name":null},"geometry":{"type":"LineString","coordinates":[[39.0263552,45.0304092],[39.0261995,45.0303921],[39.0259092,45.030371],[39.0245338,45.0302827],[39.0244695,45.0303448],[39.0244003,45.030752],[39.0244543,45.0307842],[39.024652,45.0308117],[39.0260456,45.0309186],[39.026244,45.030931]]}},{"type":"Feature","id":1034398972,"properties":{"highway":"service","name":null},"geometry":{"type":"LineString","coordinates":[[39.0185954,45.0369836],[39.0185192,45.03672]]}},{"type":"Feature","id":1034398973,"properties":{"highway":"service","name":null},"geometry":{"type":"LineString","coordinates":[[39.0184952,45.0366162],[39.0185192,45.03672]]}},{"type":"Feature","id":1039563041,"properties":{"highway":"footway","name":null},"geometry":{"type":"LineString","coordinates":[[39.0516142,45.0221123],[39.0515662,45.0221119],[39.0513508,45.0221099],[39.0513072,45.0221095]]}},{"type":"Feature","id":1039564339,"properties":{"highway":"footway","name":null},"geometry":{"type":"LineString","coordinates":[[39.0521175,45.0199274],[39.0521024,45.0199241],[39.0519573,45.019892],[39.0517208,45.0198396],[39.0516353,45.0198207],[39.0514628,45.0197825]]}},{"type":"Feature","id":1039568063,"properties":{"highway":"footway","name":null},"geometry":{"type":"LineString","coordinates":[[39.0552923,45.0226516],[39.0553165,45.0227153],[39.0559408,45.0227729],[39.0567908,45.0228875],[39.0571465,45.0229392],[39.0572359,45.0229493],[39.0572217,45.0230154],[39.0574839,45.0230498],[39.0574656,45.0230914]]}},{"type":"Feature","id":1039568065,"properties":{"highway":"footway","name":null},"geometry":{"type":"LineString","coordinates":[[39.051812,45.0221355],[39.0518159,45.022186],[39.0518159,45.0222363],[39.0518342,45.0222822],[39.0518647,45.0223268],[39.0519053,45.0223598],[39.0519663,45.0223857],[39.0520049,45.0224015],[39.0520334,45.0224173],[39.0520865,45.0224296],[39.052105,45.0224317],[39.0520981,45.0224546]]}},{"type":"Feature","id":1039568066,"properties":{"highway":"footway","name":null},"geometry":{"type":"LineString","coordinates":[[39.0516142,45.0221123],[39.0516527,45.021905],[39.0520803,45.0199859],[39.0521024,45.0199241],[39.0523061,45.0193535]]}},{"type":"Feature","id":1039568067,"properties":{"highway":"footway","name":null},"geometry":{"type":"LineString","coordinates":[[39.0522865,45.0193494],[39.0523578,45.019175],[39.0524865,45.0188605],[39.0529131,45.0180271],[39.0532431,45.0173825],[39.0532583,45.0173528],[39.0532754,45.0173194]]}},{"type":"Feature","id":1039568466,"properties":{"highway":"footway","name":null},"geometry":{"type":"LineString","coordinates":[[39.0514996,45.013486],[39.0514534,45.0134312],[39.0514159,45.0133868],[39.0513581,45.0133181],[39.051345,45.0133026],[39.0513222,45.0132756],[39.0512769,45.0132219],[39.0512591,45.0132007],[39.0512122,45.0131451]]}},{"type":"Feature","id":1047549672,"properties":{"highway":"footway","name":null},"geometry":{"type":"LineString","coordinates":[[39.0198041,45.0223544],[39.0197821,45.0223594],[39.0196864,45.0223813]]}},{"type":"Feature","id":1047549673,"properties":{"highway":"footway","name":null},"geometry":{"type":"LineString","coordinates":[[39.0197603,45.022308],[39.0197821,45.0223594]]}},{"type":"Feature","id":1047613675,"properties":{"highway":"footway","name":null},"geometry":{"type":"LineString","coordinates":[[39.0188562,45.021822],[39.0192121,45.0221544],[39.0196493,45.0222958],[39.0196864,45.0223813],[39.0197493,45.022526],[39.0199879,45.0230505]]}},{"type":"Feature","id":1091048622,"properties":{"highway":"footway","name":null},"geometry":{"type":"LineString","coordinates":[[39.0304378,45.0261417],[39.0305667,45.0265438]]}},{"type":"Feature","id":1091048623,"properties":{"highway":"path","name":null},"geometry":{"type":"LineString","coordinates":[[39.0297153,45.0254437],[39.0296584,45.0253687],[39.0295374,45.0251942]]}},{"type":"Feature","id":1091048624,"properties":{"highway":"path","name":null},"geometry":{"type":"LineString","coordinates":[[39.0302852,45.0251818],[39.0300829,45.0250282]]}},{"type":"Feature","id":1112713174,"properties":{"highway":"footway","name":null},"geometry":{"type":"LineString","coordinates":[[39.0290818,45.0143105],[39.0289571,45.0142771],[39.0287774,45.0142335],[39.0281793,45.0143567],[39.0275439,45.0144976]]}},{"type":"Feature","id":1112713175,"properties":{"highway":"footway","name":null},"geometry":{"type":"LineString","coordinates":[[39.0275439,45.0144976],[39.0266523,45.0146949]]}},{"type":"Feature","id":1112713176,"properties":{"highway":"footway","name":null},"geometry":{"type":"LineString","coordinates":[[39.0302169,45.0143076],[39.0292978,45.0145027],[39.0293005,45.014643],[39.0291556,45.0147587],[39.0290983,45.0148166]]}},{"type":"Feature","id":1112713177,"properties":{"highway":"service","name":null},"geometry":{"type":"LineString","coordinates":[[39.0274878,45.0170805],[39.0276524,45.017042],[39.0285339,45.0168331]]}},{"type":"Feature","id":1112713189,"properties":{"highway":"footway","name":null},"geometry":{"type":"LineString","coordinates":[[39.0342853,45.0131735],[39.0343562,45.0132918],[39.034321,45.013344],[39.0342566,45.0133975],[39.0341395,45.0134951]]}},{"type":"Feature","id":1112713191,"properties":{"highway":"footway","name":null},"geometry":{"type":"LineString","coordinates":[[39.0302169,45.0143076],[39.0307508,45.014196],[39.0308982,45.0145322],[39.0308551,45.0145454]]}},{"type":"Feature","id":1112713193,"properties":{"highway":"service","name":null},"geometry":{"type":"LineString","coordinates":[[39.0281803,45.0157569],[39.0283745,45.0157084]]}},{"type":"Feature","id":1113594155,"properties":{"highway":"service","name":null},"geometry":{"type":"LineString","coordinates":[[39.0328124,45.0020912],[39.032868,45.0021164],[39.0329249,45.0021323],[39.032985,45.0021407],[39.0330462,45.0021414],[39.0330993,45.0021357],[39.0331504,45.0021241],[39.0331983,45.002107],[39.0332418,45.0020848],[39.0332799,45.0020581],[39.0333275,45.0020188],[39.0333657,45.0019746],[39.0333864,45.0019412],[39.0334017,45.0019062],[39.0334113,45.0018703],[39.0334137,45.0018287],[39.0334051,45.0017875],[39.0333857,45.0017481],[39.0333563,45.001712],[39.0333199,45.0016817],[39.0332764,45.0016566],[39.0332273,45.0016373],[39.0331741,45.0016245],[39.0331082,45.0016227],[39.0330504,45.0016274],[39.0329943,45.0016382],[39.0329412,45.0016549],[39.0328923,45.0016771],[39.0328489,45.0017042],[39.0328089,45.0017386],[39.0327775,45.0017769],[39.0327554,45.0018183],[39.0327431,45.0018617],[39.032741,45.001906],[39.0327548,45.0019799],[39.0327706,45.0020644]]}},{"type":"Feature","id":1113594156,"properties":{"highway":"service","name":null},"geometry":{"type":"LineString","coordinates":[[39.03037,45.001114],[39.0303785,45.0012219],[39.0304911,45.0015888],[39.0307036,45.001876],[39.0308821,45.0019888]]}},{"type":"Feature","id":1136409324,"properties":{"highway":"service","name":null},"geometry":{"type":"LineString","coordinates":[[39.0423945,45.0319207],[39.0423808,45.0319917],[39.042214,45.0328585],[39.0421993,45.0329344],[39.0420281,45.0338239],[39.0420288,45.0338391],[39.0420403,45.0338552],[39.042073,45.0338616],[39.0424859,45.0339013],[39.0425145,45.0338991],[39.0425395,45.0338869],[39.0425495,45.0338676],[39.0425913,45.0336507],[39.042632,45.0334393],[39.0427059,45.0330554],[39.0425747,45.0329836],[39.0425459,45.0329714],[39.0425102,45.0329643],[39.0421993,45.0329344]]}},{"type":"Feature","id":1136409327,"properties":{"highway":"service","name":null},"geometry":{"type":"LineString","coordinates":[[39.0425913,45.0336507],[39.0427206,45.0336632],[39.0427367,45.0336632],[39.0427521,45.0336562],[39.0427569,45.0336449],[39.0427895,45.0334753],[39.0427873,45.0334641],[39.042777,45.0334557],[39.0427619,45.0334518],[39.042632,45.0334393]]}},{"type":"Feature","id":1136409329,"properties":{"highway":"service","name":null},"geometry":{"type":"LineString","coordinates":[[39.0434355,45.0334474],[39.0431329,45.0334183]]}},{"type":"Feature","id":1136409330,"properties":{"highway":"service","name":null},"geometry":{"type":"LineString","coordinates":[[39.0430451,45.0325883],[39.0429136,45.0325756],[39.0428956,45.0325724],[39.042889,45.0325639],[39.042889,45.0325536],[39.0429195,45.0323953],[39.0429243,45.0323835],[39.0429398,45.032375],[39.0429613,45.0323737],[39.0430575,45.032383],[39.0430717,45.0323872],[39.0430786,45.0323961],[39.04308,45.0324073],[39.0430451,45.0325883],[39.0429565,45.0330484],[39.0429509,45.0330622],[39.0429312,45.0330739],[39.042906,45.0330746],[39.0427059,45.0330554]]}},{"type":"Feature","id":1154991076,"properties":{"highway":"service","name":null},"geometry":{"type":"LineString","coordinates":[[39.0321581,45.0310865],[39.0320758,45.0316996],[39.0320715,45.0317388]]}},{"type":"Feature","id":1154991077,"properties":{"highway":"service","name":null},"geometry":{"type":"LineString","coordinates":[[39.0320715,45.0317388],[39.0320674,45.0317825],[39.0320345,45.0320796]]}},{"type":"Feature","id":1164694446,"properties":{"highway":"service","name":null},"geometry":{"type":"LineString","coordinates":[[39.0375789,45.0126518],[39.037632,45.0126205],[39.0376629,45.0126015],[39.0377374,45.0125572]]}},{"type":"Feature","id":1164694447,"properties":{"highway":"service","name":null},"geometry":{"type":"LineString","coordinates":[[39.0375789,45.0126518],[39.0381966,45.013248],[39.0397903,45.0145112]]}},{"type":"Feature","id":1164694448,"properties":{"highway":"footway","name":null},"geometry":{"type":"LineString","coordinates":[[39.037512,45.0126914],[39.0375789,45.0126518]]}},{"type":"Feature","id":1180516824,"properties":{"highway":"footway","name":null},"geometry":{"type":"LineString","coordinates":[[39.0203872,45.0369413],[39.0204063,45.0369884]]}},{"type":"Feature","id":1180516825,"properties":{"highway":"footway","name":null},"geometry":{"type":"LineString","coordinates":[[39.0193046,45.0364898],[39.0198367,45.036788]]}},{"type":"Feature","id":1180516827,"properties":{"highway":"footway","name":null},"geometry":{"type":"LineString","coordinates":[[39.041805,45.0371439],[39.0419235,45.0371532],[39.041954,45.0369737],[39.0417943,45.0368326]]}},{"type":"Feature","id":1180516828,"properties":{"highway":"footway","name":null},"geometry":{"type":"LineString","coordinates":[[39.0410635,45.0367434],[39.0376718,45.036384],[39.0376836,45.0363282],[39.0376918,45.0362895],[39.0377017,45.0362428],[39.0377126,45.0361915],[39.0377153,45.0361786],[39.037717,45.0361707],[39.0376739,45.036156],[39.0374109,45.0360657],[39.0373861,45.0359688],[39.0366002,45.0358785],[39.0337206,45.0355477]]}},{"type":"Feature","id":1180516829,"properties":{"highway":"footway","name":null},"geometry":{"type":"LineString","coordinates":[[39.0376718,45.036384],[39.0375781,45.0363719],[39.0375002,45.0363881],[39.0373657,45.0363744],[39.0372702,45.0363306],[39.0365166,45.0362335],[39.0365305,45.0361743],[39.0365319,45.0361683],[39.0365424,45.0361238],[39.0365495,45.036094],[39.0365536,45.0360763],[39.0366002,45.0358785]]}},{"type":"Feature","id":1180516830,"properties":{"highway":"service","name":null},"geometry":{"type":"LineString","coordinates":[[39.0337629,45.0376013],[39.0338203,45.037539],[39.0338523,45.037485],[39.033826,45.037446],[39.0337683,45.0373861],[39.033575,45.0372405],[39.033076,45.0369137],[39.032969,45.0367901],[39.0329503,45.036671],[39.0329643,45.036579],[39.0330133,45.036497],[39.0332523,45.036298],[39.0333873,45.036257],[39.0335728,45.0362434]]}},{"type":"Feature","id":1180516831,"properties":{"highway":"footway","name":null},"geometry":{"type":"LineString","coordinates":[[39.0337383,45.0354642],[39.0337206,45.0355477],[39.0336558,45.035841],[39.0336448,45.0358832],[39.0335728,45.0362434]]}},{"type":"Feature","id":1180595145,"properties":{"highway":"service","name":null},"geometry":{"type":"LineString","coordinates":[[39.0529903,45.0361091],[39.0531434,45.0354066]]}},{"type":"Feature","id":1180595146,"properties":{"highway":"service","name":null},"geometry":{"type":"LineString","coordinates":[[39.0532084,45.0361347],[39.0532263,45.0360435]]}},{"type":"Feature","id":1180595147,"properties":{"highway":"service","name":null},"geometry":{"type":"LineString","coordinates":[[39.0533977,45.0361555],[39.0534187,45.0360655]]}},{"type":"Feature","id":1180595148,"properties":{"highway":"service","name":null},"geometry":{"type":"LineString","coordinates":[[39.0536045,45.0361771],[39.0536253,45.0360803]]}},{"type":"Feature","id":1180595149,"properties":{"highway":"service","name":null},"geometry":{"type":"LineString","coordinates":[[39.0538379,45.036208],[39.0538586,45.0361111]]}},{"type":"Feature","id":1180595150,"properties":{"highway":"service","name":null},"geometry":{"type":"LineString","coordinates":[[39.0540595,45.0362343],[39.0542078,45.0355184]]}},{"type":"Feature","id":1182960777,"properties":{"highway":"footway","name":null},"geometry":{"type":"LineString","coordinates":[[39.0205106,45.0377238],[39.0210191,45.0376101]]}},{"type":"Feature","id":1183443466,"properties":{"highway":"service","name":null},"geometry":{"type":"LineString","coordinates":[[39.0367287,45.0404854],[39.0366697,45.0405272],[39.0365805,45.0405904],[39.036505,45.0405875],[39.0364428,45.0405542],[39.0333607,45.0386487]]}},{"type":"Feature","id":1183443467,"properties":{"highway":"service","name":null},"geometry":{"type":"LineString","coordinates":[[39.0333607,45.0386487],[39.0332635,45.0385817],[39.0331475,45.0385057],[39.0323227,45.037984]]}},{"type":"Feature","id":1183443468,"properties":{"highway":"service","name":null},"geometry":{"type":"LineString","coordinates":[[39.0334702,45.0384211],[39.0334156,45.0384635],[39.0332635,45.0385817]]}},{"type":"Feature","id":1183443469,"properties":{"highway":"service","name":null},"geometry":{"type":"LineString","coordinates":[[39.0311117,45.0372258],[39.0310021,45.0371537],[39.0309015,45.0370876]]}},{"type":"Feature","id":1183443470,"properties":{"highway":"service","name":null},"geometry":{"type":"LineString","coordinates":[[39.0311845,45.037026],[39.0311295,45.0370645],[39.0310021,45.0371537]]}},{"type":"Feature","id":1183443471,"properties":{"highway":"footway","name":null},"geometry":{"type":"LineString","coordinates":[[39.0301662,45.0366347],[39.0298651,45.0365798]]}},{"type":"Feature","id":1183820268,"properties":{"highway":"footway","name":null},"geometry":{"type":"LineString","coordinates":[[39.0210191,45.0376101],[39.0210529,45.0376026]]}},{"type":"Feature","id":1188579020,"properties":{"highway":"footway","name":null},"geometry":{"type":"LineString","coordinates":[[39.0516142,45.0221123],[39.051812,45.0221355],[39.0544219,45.0224421],[39.0543993,45.0225708]]}},{"type":"Feature","id":1190660429,"properties":{"highway":"footway","name":null},"geometry":{"type":"LineString","coordinates":[[39.0580364,45.0379241],[39.0574522,45.037855],[39.0574358,45.0378262],[39.0574118,45.0377994],[39.0573865,45.0377761],[39.0569451,45.037696],[39.056952,45.0376624],[39.0570048,45.0376079],[39.057184,45.0373976],[39.0574263,45.0371053],[39.0577145,45.0368093],[39.0579256,45.0365702],[39.0582077,45.0362308],[39.0583825,45.036029],[39.0585115,45.035892],[39.0585876,45.0358626],[39.0586664,45.0358486],[39.058778,45.0358632]]}},{"type":"Feature","id":1209637151,"properties":{"highway":"service","name":null},"geometry":{"type":"LineString","coordinates":[[39.0203221,45.0087603],[39.0203647,45.0085371],[39.0205112,45.0083182],[39.0208304,45.0081213],[39.0212962,45.0079227]]}},{"type":"Feature","id":1209637152,"properties":{"highway":"service","name":null},"geometry":{"type":"LineString","coordinates":[[39.0194308,45.0087002],[39.0194443,45.0086113]]}},{"type":"Feature","id":1209637153,"properties":{"highway":"service","name":null},"geometry":{"type":"LineString","coordinates":[[39.0228977,45.0083287],[39.0224006,45.0082708],[39.0223254,45.0079575]]}},{"type":"Feature","id":1209637154,"properties":{"highway":"service","name":null},"geometry":{"type":"LineString","coordinates":[[39.0264174,45.0064258],[39.0268427,45.0064721]]}},{"type":"Feature","id":1209637155,"properties":{"highway":"service","name":null},"geometry":{"type":"LineString","coordinates":[[39.0254244,45.0041103],[39.0253342,45.0041633],[39.0254567,45.0043333],[39.0255453,45.0045481],[39.0256735,45.004884]]}},{"type":"Feature","id":1209637156,"properties":{"highway":"service","name":null},"geometry":{"type":"LineString","coordinates":[[39.0263067,45.003617],[39.025903,45.0038774],[39.026172,45.004057]]}},{"type":"Feature","id":1209637157,"properties":{"highway":"service","name":null},"geometry":{"type":"LineString","coordinates":[[39.027257,45.0024443],[39.0280323,45.0019651]]}},{"type":"Feature","id":1209637158,"properties":{"highway":"service","name":null},"geometry":{"type":"LineString","coordinates":[[39.025059,45.0002162],[39.0259328,45.0000421]]}},{"type":"Feature","id":1223374140,"properties":{"highway":"service","name":null},"geometry":{"type":"LineString","coordinates":[[39.0221373,45.027094],[39.0226842,45.0270102],[39.0227957,45.0268702],[39.0233227,45.0267859]]}},{"type":"Feature","id":1228125077,"properties":{"highway":"service","name":null},"geometry":{"type":"LineString","coordinates":[[39.0240885,45.0202624],[39.0241007,45.0202168],[39.0241251,45.0201259],[39.0241869,45.019895],[39.0244139,45.0197231]]}},{"type":"Feature","id":1228125091,"properties":{"highway":"service","name":null},"geometry":{"type":"LineString","coordinates":[[39.0241869,45.019895],[39.0243712,45.0199822]]}},{"type":"Feature","id":1239164443,"properties":{"highway":"service","name":null},"geometry":{"type":"LineString","coordinates":[[39.0564963,45.0336306],[39.0565396,45.0334259]]}},{"type":"Feature","id":1239819611,"properties":{"highway":"service","name":null},"geometry":{"type":"LineString","coordinates":[[39.04872,45.0240992],[39.04872,45.0239381],[39.04872,45.0230793],[39.0489426,45.0230793],[39.0492323,45.0230793],[39.0493917,45.0230793],[39.0495119,45.0230793]]}},{"type":"Feature","id":1239819612,"properties":{"highway":"service","name":null},"geometry":{"type":"LineString","coordinates":[[39.0486556,45.0228434],[39.0483671,45.0228433],[39.0478972,45.0228431]]}},{"type":"Feature","id":1239819613,"properties":{"highway":"service","name":null},"geometry":{"type":"LineString","coordinates":[[39.0483671,45.0228433],[39.0483671,45.0229642],[39.0480527,45.0229642],[39.0480555,45.0234037]]}},{"type":"Feature","id":1239882104,"properties":{"highway":"footway","name":null},"geometry":{"type":"LineString","coordinates":[[39.0204063,45.0369884],[39.0204437,45.0370808]]}},{"type":"Feature","id":1239882110,"properties":{"highway":"service","name":null},"geometry":{"type":"LineString","coordinates":[[39.0204466,45.0377905],[39.0204673,45.0378414]]}},{"type":"Feature","id":1239882111,"properties":{"highway":"service","name":null},"geometry":{"type":"LineString","coordinates":[[39.0210935,45.037703],[39.0210529,45.0376026],[39.0210447,45.0375823]]}},{"type":"Feature","id":1239882112,"properties":{"highway":"service","name":null},"geometry":{"type":"LineString","coordinates":[[39.0204325,45.0377556],[39.0204955,45.0377429],[39.0205082,45.0377358],[39.0205106,45.0377238],[39.0204915,45.0376767]]}},{"type":"Feature","id":1240371672,"properties":{"highway":"service","name":null},"geometry":{"type":"LineString","coordinates":[[39.0379512,45.0279726],[39.0381438,45.0279862],[39.0383039,45.0279978],[39.0386242,45.0280199]]}},{"type":"Feature","id":1240371673,"properties":{"highway":"service","name":null},"geometry":{"type":"LineString","coordinates":[[39.0055933,45.0386529],[39.0056583,45.0386057],[39.0057316,45.0385477],[39.0058798,45.0384892]]}},{"type":"Feature","id":1240371675,"properties":{"highway":"service","name":null},"geometry":{"type":"LineString","coordinates":[[39.0056172,45.0387069],[39.0057839,45.0386765],[39.0061904,45.0386038],[39.0062266,45.0384982],[39.0066639,45.0384273],[39.0067707,45.03841]]}},{"type":"Feature","id":1244292974,"properties":{"highway":"service","name":null},"geometry":{"type":"LineString","coordinates":[[39.0276058,45.014628],[39.0275439,45.0144976],[39.027524,45.0144557]]}},{"type":"Feature","id":1244292975,"properties":{"highway":"service","name":null},"geometry":{"type":"LineString","coordinates":[[39.0276058,45.014628],[39.0277548,45.0149466],[39.0280866,45.015654],[39.0281803,45.0157569],[39.0282966,45.0160472],[39.0284641,45.0164656]]}},{"type":"Feature","id":1254342797,"properties":{"highway":"track","name":null},"geometry":{"type":"LineString","coordinates":[[39.0085073,45.001724],[39.0083259,45.0017859],[39.0081449,45.0018106],[39.0079853,45.0018191],[39.0077828,45.0018144],[39.0074851,45.0018447],[39.0071203,45.0019064],[39.006907,45.0019045],[39.006714,45.0018201]]}},{"type":"Feature","id":1254904891,"properties":{"highway":"service","name":null},"geometry":{"type":"LineString","coordinates":[[39.0445568,45.0336479],[39.0448665,45.0336777],[39.0449002,45.0336771],[39.0449274,45.0336628],[39.0449376,45.0336425],[39.045089,45.0328563]]}},{"type":"Feature","id":1254904892,"properties":{"highway":"service","name":null},"geometry":{"type":"LineString","coordinates":[[39.0442134,45.0328848],[39.0441403,45.0328778]]}},{"type":"Feature","id":1254904896,"properties":{"highway":"footway","name":null},"geometry":{"type":"LineString","coordinates":[[39.0429148,45.0321035],[39.0428733,45.0321163],[39.0428376,45.0321359],[39.0428098,45.0321611],[39.0427939,45.0321851],[39.0427853,45.0322109],[39.0427844,45.0322375]]}},{"type":"Feature","id":1254904898,"properties":{"highway":"footway","name":null},"geometry":{"type":"LineString","coordinates":[[39.0428478,45.0322975],[39.0429243,45.0323835]]}},{"type":"Feature","id":1254904899,"properties":{"highway":"steps","name":null},"geometry":{"type":"LineString","coordinates":[[39.0428233,45.03227],[39.0428478,45.0322975]]}},{"type":"Feature","id":1254904900,"properties":{"highway":"footway","name":null},"geometry":{"type":"LineString","coordinates":[[39.0424654,45.0320572],[39.0427844,45.0322375],[39.0428044,45.0322487],[39.0428233,45.03227]]}},{"type":"Feature","id":1254904901,"properties":{"highway":"footway","name":null},"geometry":{"type":"LineString","coordinates":[[39.0424768,45.0320019],[39.0424654,45.0320572],[39.0429148,45.0321035],[39.0433187,45.0321451],[39.0433301,45.0320899],[39.0435686,45.0321119]]}},{"type":"Feature","id":1254904902,"properties":{"highway":"footway","name":null},"geometry":{"type":"LineString","coordinates":[[39.0423403,45.0319871],[39.0423808,45.0319917],[39.0424768,45.0320019]]}},{"type":"Feature","id":1254904913,"properties":{"highway":"service","name":null},"geometry":{"type":"LineString","coordinates":[[39.042214,45.0328585],[39.0422754,45.0328644]]}},{"type":"Feature","id":1255248843,"properties":{"highway":"footway","name":null},"geometry":{"type":"LineString","coordinates":[[39.0500115,45.0245007],[39.0501475,45.0245002],[39.0502743,45.0244998]]}},{"type":"Feature","id":1255248844,"properties":{"highway":"service","name":null},"geometry":{"type":"LineString","coordinates":[[39.048551,45.0243836],[39.0483177,45.0243836]]}},{"type":"Feature","id":1255248847,"properties":{"highway":"service","name":null},"geometry":{"type":"LineString","coordinates":[[39.0499897,45.0250007],[39.0499758,45.0250007]]}},{"type":"Feature","id":1255248848,"properties":{"highway":"service","name":null},"geometry":{"type":"LineString","coordinates":[[39.0501446,45.0250007],[39.0500115,45.0250007],[39.0499897,45.0250007]]}},{"type":"Feature","id":1255248860,"properties":{"highway":"service","name":null},"geometry":{"type":"LineString","coordinates":[[39.0486536,45.0240992],[39.0486536,45.0241694]]}},{"type":"Feature","id":1255248864,"properties":{"highway":"service","name":null},"geometry":{"type":"LineString","coordinates":[[39.04872,45.0230793],[39.04872,45.0228665],[39.0487163,45.0228539],[39.0487016,45.0228455],[39.0486828,45.0228434],[39.0486556,45.0228434]]}},{"type":"Feature","id":1255248866,"properties":{"highway":"service","name":null},"geometry":{"type":"LineString","coordinates":[[39.0478985,45.0249628],[39.0481983,45.0249628]]}},{"type":"Feature","id":1255248867,"properties":{"highway":"service","name":null},"geometry":{"type":"LineString","coordinates":[[39.0478979,45.0239381],[39.0483633,45.0239381]]}},{"type":"Feature","id":1255248868,"properties":{"highway":"service","name":null},"geometry":{"type":"LineString","coordinates":[[39.048551,45.0239381],[39.04872,45.0239381]]}},{"type":"Feature","id":1255248881,"properties":{"highway":"service","name":null},"geometry":{"type":"LineString","coordinates":[[39.0493917,45.0230793],[39.0493917,45.023121]]}},{"type":"Feature","id":1255248889,"properties":{"highway":"service","name":null},"geometry":{"type":"LineString","coordinates":[[39.0492323,45.0240992],[39.0492323,45.0230793]]}},{"type":"Feature","id":1255248890,"properties":{"highway":"service","name":null},"geometry":{"type":"LineString","coordinates":[[39.048551,45.0240992],[39.0486536,45.0240992],[39.04872,45.0240992],[39.049062,45.0240992],[39.0492323,45.0240992],[39.0495485,45.0240992]]}},{"type":"Feature","id":1255248892,"properties":{"highway":"service","name":null},"geometry":{"type":"LineString","coordinates":[[39.0489426,45.0230793],[39.0489426,45.0227465]]}},{"type":"Feature","id":1255248896,"properties":{"highway":"service","name":null},"geometry":{"type":"LineString","coordinates":[[39.049062,45.0244945],[39.0493181,45.0244945]]}},{"type":"Feature","id":1255248897,"properties":{"highway":"service","name":null},"geometry":{"type":"LineString","coordinates":[[39.049062,45.0241817],[39.049062,45.0240992]]}},{"type":"Feature","id":1255248898,"properties":{"highway":"service","name":null},"geometry":{"type":"LineString","coordinates":[[39.049062,45.0243808],[39.049062,45.0241817]]}},{"type":"Feature","id":1255248899,"properties":{"highway":"service","name":null},"geometry":{"type":"LineString","coordinates":[[39.049062,45.0246118],[39.049062,45.0244945],[39.049062,45.0243808]]}},{"type":"Feature","id":1255248900,"properties":{"highway":"service","name":null},"geometry":{"type":"LineString","coordinates":[[39.049062,45.0248109],[39.049062,45.0246118]]}},{"type":"Feature","id":1255248901,"properties":{"highway":"service","name":null},"geometry":{"type":"LineString","coordinates":[[39.049062,45.0248981],[39.049062,45.0248109]]}},{"type":"Feature","id":1255248902,"properties":{"highway":"service","name":null},"geometry":{"type":"LineString","coordinates":[[39.0496239,45.0249312],[39.0496239,45.0250756]]}},{"type":"Feature","id":1255248903,"properties":{"highway":"service","name":null},"geometry":{"type":"LineString","coordinates":[[39.0496373,45.0228745],[39.0500115,45.0228745],[39.0501399,45.0228745]]}},{"type":"Feature","id":1255248904,"properties":{"highway":"service","name":null},"geometry":{"type":"LineString","coordinates":[[39.0501443,45.0249312],[39.0500115,45.0249312],[39.049864,45.0249312]]}},{"type":"Feature","id":1255248905,"properties":{"highway":"service","name":null},"geometry":{"type":"LineString","coordinates":[[39.0483633,45.0239381],[39.048551,45.0239381],[39.048551,45.0240992],[39.048551,45.0243836],[39.048551,45.0248981],[39.048551,45.0255969]]}},{"type":"Feature","id":1255248906,"properties":{"highway":"service","name":null},"geometry":{"type":"LineString","coordinates":[[39.048551,45.0248981],[39.049062,45.0248981],[39.0493517,45.0248981],[39.0494395,45.0248622],[39.0495758,45.0248622]]}},{"type":"Feature","id":1255248910,"properties":{"highway":"service","name":null},"geometry":{"type":"LineString","coordinates":[[39.0499625,45.0235595],[39.0499458,45.0235595]]}},{"type":"Feature","id":1255248911,"properties":{"highway":"service","name":null},"geometry":{"type":"LineString","coordinates":[[39.0478989,45.0255969],[39.0480334,45.0255969]]}},{"type":"Feature","id":1255248912,"properties":{"highway":"service","name":null},"geometry":{"type":"LineString","coordinates":[[39.0498506,45.0250756],[39.0500115,45.0250756],[39.0501449,45.0250756]]}},{"type":"Feature","id":1255248913,"properties":{"highway":"service","name":null},"geometry":{"type":"LineString","coordinates":[[39.0501486,45.0259514],[39.0500115,45.0259514],[39.04999,45.0259514]]}},{"type":"Feature","id":1255248915,"properties":{"highway":"service","name":null},"geometry":{"type":"LineString","coordinates":[[39.0480334,45.0255969],[39.048551,45.0255969],[39.0488477,45.0255969],[39.0488662,45.0255943],[39.0488856,45.0255805],[39.048889,45.0255618],[39.0492859,45.0255618],[39.0495461,45.0256154]]}},{"type":"Feature","id":1255248917,"properties":{"highway":"service","name":null},"geometry":{"type":"LineString","coordinates":[[39.048889,45.0255618],[39.048889,45.0252206],[39.048893,45.0252054],[39.0489094,45.0251924],[39.0489373,45.0251884],[39.0495461,45.0251884]]}},{"type":"Feature","id":1255274619,"properties":{"highway":"service","name":null},"geometry":{"type":"LineString","coordinates":[[39.0501594,45.0287584],[39.0513227,45.028762],[39.0514796,45.0287625],[39.051637,45.0287495],[39.051995,45.0286702]]}},{"type":"Feature","id":1255274622,"properties":{"highway":"service","name":null},"geometry":{"type":"LineString","coordinates":[[39.051637,45.0287495],[39.051636,45.0277623],[39.05164,45.0277433],[39.0516558,45.0277278],[39.0516833,45.0277084],[39.051694,45.0276965],[39.0516987,45.0276817],[39.0516986,45.0275893]]}},{"type":"Feature","id":1255513375,"properties":{"highway":"footway","name":null},"geometry":{"type":"LineString","coordinates":[[39.014265,45.0256486],[39.0142242,45.0258078],[39.0141821,45.0258614]]}},{"type":"Feature","id":1255513376,"properties":{"highway":"footway","name":null},"geometry":{"type":"LineString","coordinates":[[39.0136261,45.0255865],[39.013626,45.0256367],[39.0136473,45.0256555],[39.0136744,45.0256701],[39.0137057,45.0256795],[39.0137394,45.0256832],[39.0137807,45.0256797],[39.0138188,45.0256676],[39.0138499,45.025648]]}},{"type":"Feature","id":1255513377,"properties":{"highway":"footway","name":null},"geometry":{"type":"LineString","coordinates":[[39.0135997,45.025063],[39.0138794,45.0250641]]}},{"type":"Feature","id":1255513380,"properties":{"highway":"service","name":null},"geometry":{"type":"LineString","coordinates":[[39.0130557,45.0251129],[39.0129607,45.0250797]]}},{"type":"Feature","id":1255513381,"properties":{"highway":"service","name":null},"geometry":{"type":"LineString","coordinates":[[39.0130553,45.0252704],[39.0128675,45.0252046]]}},{"type":"Feature","id":1255513383,"properties":{"highway":"service","name":null},"geometry":{"type":"LineString","coordinates":[[39.0130549,45.0254231],[39.0127905,45.0253305]]}},{"type":"Feature","id":1255513386,"properties":{"highway":"service","name":null},"geometry":{"type":"LineString","coordinates":[[39.0128012,45.0278783],[39.0128507,45.0278155],[39.0128829,45.0277755],[39.0128904,45.0277661],[39.0130137,45.0276085],[39.0131828,45.027394],[39.0132567,45.0273001]]}},{"type":"Feature","id":1255579594,"properties":{"highway":"service","name":null},"geometry":{"type":"LineString","coordinates":[[39.0132459,45.0233881],[39.0131456,45.0235022],[39.0130561,45.0235306]]}},{"type":"Feature","id":1255579595,"properties":{"highway":"service","name":null},"geometry":{"type":"LineString","coordinates":[[39.0141463,45.0234612],[39.0139731,45.0234485]]}},{"type":"Feature","id":1255579596,"properties":{"highway":"service","name":null},"geometry":{"type":"LineString","coordinates":[[39.014235,45.0228052],[39.0140827,45.0227755]]}},{"type":"Feature","id":1255579597,"properties":{"highway":"service","name":null},"geometry":{"type":"LineString","coordinates":[[39.0141389,45.0235325],[39.0139739,45.0235178]]}},{"type":"Feature","id":1255617309,"properties":{"highway":"service","name":null},"geometry":{"type":"LineString","coordinates":[[39.0347923,45.0240534],[39.0347416,45.0239467]]}},{"type":"Feature","id":1255617310,"properties":{"highway":"service","name":null},"geometry":{"type":"LineString","coordinates":[[39.0372072,45.0232825],[39.0372332,45.0233372]]}},{"type":"Feature","id":1255617312,"properties":{"highway":"footway","name":null},"geometry":{"type":"LineString","coordinates":[[39.0343396,45.0234223],[39.0371123,45.0227639]]}},{"type":"Feature","id":1255617327,"properties":{"highway":"footway","name":null},"geometry":{"type":"LineString","coordinates":[[39.0343017,45.0233426],[39.0343396,45.0234223],[39.034534,45.0238315]]}},{"type":"Feature","id":1255617328,"properties":{"highway":"footway","name":null},"geometry":{"type":"LineString","coordinates":[[39.0371034,45.0224034],[39.0369849,45.0225295],[39.0367583,45.0227704],[39.0356788,45.0230267],[39.0354056,45.0230805],[39.0343017,45.0233426],[39.0339503,45.023426]]}},{"type":"Feature","id":1255617330,"properties":{"highway":"service","name":null},"geometry":{"type":"LineString","coordinates":[[39.0347416,45.0239467],[39.0346713,45.0237989],[39.0345248,45.0234906],[39.0345224,45.0234667],[39.0345304,45.0234475],[39.0345647,45.0234329],[39.0369574,45.0228649],[39.0369858,45.0228634],[39.0370068,45.0228695],[39.0370194,45.0228873],[39.0371706,45.0232055],[39.0372072,45.0232825]]}},{"type":"Feature","id":1256601329,"properties":{"highway":"service","name":null},"geometry":{"type":"LineString","coordinates":[[39.0288998,45.0210829],[39.0290511,45.0214497]]}},{"type":"Feature","id":1256601330,"properties":{"highway":"service","name":null},"geometry":{"type":"LineString","coordinates":[[39.0288826,45.0210412],[39.0288998,45.0210829]]}},{"type":"Feature","id":1256601331,"properties":{"highway":"service","name":null},"geometry":{"type":"LineString","coordinates":[[39.0290752,45.0222496],[39.029226,45.0222188],[39.0293321,45.0221971]]}},{"type":"Feature","id":1256601332,"properties":{"highway":"service","name":null},"geometry":{"type":"LineString","coordinates":[[39.029226,45.0222188],[39.0292082,45.0221755]]}},{"type":"Feature","id":1256601333,"properties":{"highway":"service","name":null},"geometry":{"type":"LineString","coordinates":[[39.0289846,45.0222682],[39.0290752,45.0222496]]}},{"type":"Feature","id":1256601334,"properties":{"highway":"footway","name":null},"geometry":{"type":"LineString","coordinates":[[39.0293321,45.0221971],[39.0293503,45.0221887],[39.0293551,45.0221726],[39.0293518,45.0221615],[39.0291205,45.0215967]]}},{"type":"Feature","id":1257768901,"properties":{"highway":"footway","name":null},"geometry":{"type":"LineString","coordinates":[[39.0324757,45.0025524],[39.0327724,45.0024961],[39.0330257,45.0025315]]}},{"type":"Feature","id":1257768908,"properties":{"highway":"service","name":null},"geometry":{"type":"LineString","coordinates":[[39.0331415,45.002387],[39.0330462,45.0021414]]}},{"type":"Feature","id":1257768909,"properties":{"highway":"service","name":null},"geometry":{"type":"LineString","coordinates":[[39.0330107,45.0024928],[39.0331415,45.002387],[39.0333711,45.0022013]]}},{"type":"Feature","id":1257768914,"properties":{"highway":"service","name":null},"geometry":{"type":"LineString","coordinates":[[39.0316999,45.003005],[39.031697,45.0028719]]}},{"type":"Feature","id":1257776182,"properties":{"highway":"service","name":null},"geometry":{"type":"LineString","coordinates":[[39.0271227,45.0034529],[39.0272054,45.0034408],[39.027225,45.0034414],[39.02724,45.0034489],[39.0272676,45.0034707]]}},{"type":"Feature","id":1257868581,"properties":{"highway":"service","name":null},"geometry":{"type":"LineString","coordinates":[[39.047355,45.0173441],[39.0473163,45.0173521]]}},{"type":"Feature","id":1257868582,"properties":{"highway":"service","name":null},"geometry":{"type":"LineString","coordinates":[[39.0467705,45.0170772],[39.0467019,45.0170914]]}},{"type":"Feature","id":1257868583,"properties":{"highway":"service","name":null},"geometry":{"type":"LineString","coordinates":[[39.0474333,45.0175338],[39.0462695,45.0177739],[39.046226,45.0177873],[39.0461963,45.0178109],[39.0460932,45.0179251],[39.0462671,45.0181484],[39.0462864,45.0181657],[39.0463167,45.0181736],[39.0463581,45.0181719],[39.0472983,45.018029],[39.047325,45.0180276],[39.0473507,45.0180333],[39.0473654,45.0180537],[39.0474582,45.0182306],[39.047474,45.0182486],[39.0475023,45.0182546],[39.0475398,45.0182484],[39.0477743,45.0181612],[39.0478121,45.0181189]]}},{"type":"Feature","id":1257868588,"properties":{"highway":"service","name":null},"geometry":{"type":"LineString","coordinates":[[39.047189,45.0169419],[39.047355,45.0173441],[39.0474033,45.0174612],[39.0474333,45.0175338],[39.04745,45.0175743],[39.0474659,45.0175976],[39.0474976,45.0176155],[39.0475758,45.0176458],[39.0475909,45.017676]]}},{"type":"Feature","id":1257868589,"properties":{"highway":"service","name":null},"geometry":{"type":"LineString","coordinates":[[39.0460932,45.0179251],[39.0462066,45.0179075],[39.0469537,45.0177533],[39.0475909,45.017676]]}},{"type":"Feature","id":1257868591,"properties":{"highway":"service","name":null},"geometry":{"type":"LineString","coordinates":[[39.0458826,45.0181582],[39.0460373,45.0183568]]}},{"type":"Feature","id":1257868593,"properties":{"highway":"service","name":null},"geometry":{"type":"LineString","coordinates":[[39.0461439,45.0172037],[39.0461169,45.0171382]]}},{"type":"Feature","id":1257868594,"properties":{"highway":"service","name":null},"geometry":{"type":"LineString","coordinates":[[39.0467597,45.017112],[39.046765,45.0171248],[39.0467674,45.0171367],[39.0467591,45.0171502],[39.0467408,45.0171558],[39.0462141,45.0172645],[39.0461883,45.0172651],[39.0461672,45.0172564],[39.0461599,45.0172423],[39.0461439,45.0172037]]}},{"type":"Feature","id":1257868595,"properties":{"highway":"service","name":null},"geometry":{"type":"LineString","coordinates":[[39.0473274,45.0169133],[39.0475616,45.0174806]]}},{"type":"Feature","id":1257868597,"properties":{"highway":"service","name":null},"geometry":{"type":"LineString","coordinates":[[39.0473642,45.0167773],[39.0474023,45.0168696],[39.047404,45.0168819],[39.0473966,45.0168968],[39.047377,45.0169031],[39.0473274,45.0169133],[39.047189,45.0169419],[39.0468519,45.0170114],[39.0468211,45.0170226],[39.0467998,45.0170395],[39.0467705,45.0170772],[39.0467658,45.0170833],[39.0467593,45.0170971],[39.0467597,45.017112]]}},{"type":"Feature","id":1282557346,"properties":{"highway":"service","name":null},"geometry":{"type":"LineString","coordinates":[[39.0412098,45.0315847],[39.0413127,45.0315936]]}},{"type":"Feature","id":1284486814,"properties":{"highway":"cycleway","name":null},"geometry":{"type":"LineString","coordinates":[[39.0076544,45.0255004],[39.0077608,45.0255407],[39.0078328,45.02557],[39.0079473,45.0256435],[39.008082,45.0257617],[39.0082485,45.0259033],[39.0083762,45.0259871],[39.0091767,45.0262981],[39.0107185,45.0269213],[39.0109181,45.0269998],[39.0117176,45.0273009],[39.012101,45.0274507],[39.0128904,45.0277661],[39.0138779,45.0281582],[39.0145976,45.0284382],[39.0149762,45.0285835],[39.0153467,45.0287163],[39.0154408,45.0286742],[39.0154734,45.0286251],[39.0154855,45.0286274]]}},{"type":"Feature","id":1308757514,"properties":{"highway":"unclassified","name":null},"geometry":{"type":"LineString","coordinates":[[39.0088422,45.0013137],[39.0104046,45.0004726]]}},{"type":"Feature","id":1308757515,"properties":{"highway":"track","name":null},"geometry":{"type":"LineString","coordinates":[[39.0066197,45.0015034],[39.0066724,45.0016513],[39.006714,45.0018201],[39.0067075,45.0021791],[39.0065983,45.0022819],[39.0061576,45.0024013]]}},{"type":"Feature","id":1308757516,"properties":{"highway":"track","name":null},"geometry":{"type":"LineString","coordinates":[[38.9982129,45.0025774],[38.9989425,45.0026381],[39.0003587,45.0026533],[39.0013458,45.0026077],[39.0023972,45.0025319],[39.0040709,45.0025622],[39.0051438,45.0026229],[39.0055164,45.0025351],[39.0057553,45.0025414],[39.0061576,45.0024013],[39.0066887,45.0024408],[39.0072681,45.0024408],[39.0075685,45.002365],[39.0080137,45.0020463],[39.0085073,45.001724],[39.0088707,45.0015817],[39.0089482,45.0015308],[39.0089459,45.0014576]]}},{"type":"Feature","id":1308757517,"properties":{"highway":"path","name":null},"geometry":{"type":"LineString","coordinates":[[39.0085298,45.0013573],[39.0087814,45.0012463],[39.0094618,45.0008662],[39.0099934,45.0005679],[39.0105405,45.0001676],[39.0110638,44.9997337],[39.0114397,44.9993771],[39.0117394,44.9990507],[39.0120582,44.9984923],[39.0123103,44.9978161],[39.0126957,44.9969481],[39.012825,44.996576],[39.0128336,44.9965511],[39.0132285,44.9955317],[39.0134474,44.9949934],[39.0136329,44.9945662],[39.013828,44.9939942],[39.0139629,44.9937465]]}},{"type":"Feature","id":1312197702,"properties":{"highway":"service","name":null},"geometry":{"type":"LineString","coordinates":[[39.0059314,45.0014654],[39.0058959,45.0022193]]}},{"type":"Feature","id":1312197703,"properties":{"highway":"service","name":null},"geometry":{"type":"LineString","coordinates":[[39.0054804,45.0014044],[39.0054855,45.0022421]]}},{"type":"Feature","id":1327660829,"properties":{"highway":"secondary_link","name":null},"geometry":{"type":"LineString","coordinates":[[39.054468,45.0333044],[39.0545797,45.0332654],[39.0547956,45.0332571]]}},{"type":"Feature","id":1330462340,"properties":{"highway":"service","name":null},"geometry":{"type":"LineString","coordinates":[[39.0249421,45.0244854],[39.0247265,45.0245277],[39.0246346,45.0245459],[39.0245482,45.0245486],[39.0232828,45.0243281],[39.0231765,45.0243107],[39.0231408,45.0243049],[39.0230241,45.0242963],[39.022804,45.0243067],[39.0226821,45.0243124],[39.0225492,45.0242972],[39.0224917,45.0242906],[39.0220304,45.0241655],[39.0219834,45.0241513],[39.0219486,45.0241257],[39.0219365,45.0240963],[39.0219374,45.0240634],[39.0219995,45.0238421],[39.0220357,45.0237947],[39.0220894,45.0237549],[39.022139,45.023735],[39.0222101,45.0237208],[39.0222784,45.0237179],[39.0223656,45.0237255],[39.0227125,45.0237775],[39.0228712,45.0238013],[39.0229731,45.0238199],[39.0233142,45.023882],[39.0236141,45.0239367],[39.0239481,45.0239975],[39.0240862,45.0240301],[39.0244792,45.0241227],[39.0245114,45.0241298],[39.0245597,45.0241312],[39.0246066,45.0241246],[39.0249078,45.0240606],[39.0249571,45.0240502],[39.0250761,45.0240249]]}},{"type":"Feature","id":1330462341,"properties":{"highway":"service","name":null},"geometry":{"type":"LineString","coordinates":[[39.0227125,45.0237775],[39.0226516,45.0239712],[39.0225492,45.0242972]]}},{"type":"Feature","id":1330462342,"properties":{"highway":"service","name":null},"geometry":{"type":"LineString","coordinates":[[39.0229731,45.0238199],[39.0229055,45.0240144],[39.022804,45.0243067]]}},{"type":"Feature","id":1330462343,"properties":{"highway":"service","name":null},"geometry":{"type":"LineString","coordinates":[[39.0231963,45.0241553],[39.0231609,45.0241369],[39.0231357,45.0241116],[39.0231231,45.0240819],[39.0231247,45.0240509],[39.0231401,45.0240219],[39.0231692,45.023997],[39.0232083,45.0239803],[39.023253,45.0239737],[39.0232902,45.0239773],[39.0232983,45.023978],[39.023339,45.0239927],[39.0233706,45.024016],[39.0233894,45.0240455],[39.0233933,45.0240776],[39.0233885,45.024091],[39.0233819,45.0241089],[39.0233578,45.0241348],[39.0233233,45.0241539],[39.0232819,45.0241642],[39.0232381,45.0241647],[39.0232265,45.0241621],[39.0231963,45.0241553]]}},{"type":"Feature","id":1330462344,"properties":{"highway":"service","name":null},"geometry":{"type":"LineString","coordinates":[[39.0232265,45.0241621],[39.0231765,45.0243107]]}},{"type":"Feature","id":1330462345,"properties":{"highway":"service","name":null},"geometry":{"type":"LineString","coordinates":[[39.0231247,45.0240509],[39.0229055,45.0240144],[39.0226516,45.0239712]]}},{"type":"Feature","id":1330462346,"properties":{"highway":"service","name":null},"geometry":{"type":"LineString","coordinates":[[39.0232902,45.0239773],[39.0233142,45.023882]]}},{"type":"Feature","id":1330462347,"properties":{"highway":"service","name":null},"geometry":{"type":"LineString","coordinates":[[39.0233885,45.024091],[39.0235576,45.0241169],[39.0236613,45.0241329],[39.023958,45.0241774]]}},{"type":"Feature","id":1330462348,"properties":{"highway":"service","name":null},"geometry":{"type":"LineString","coordinates":[[39.0241049,45.0242002],[39.0244591,45.0242694]]}},{"type":"Feature","id":1330462349,"properties":{"highway":"service","name":null},"geometry":{"type":"LineString","coordinates":[[39.023958,45.0241774],[39.0241049,45.0242002]]}},{"type":"Feature","id":1330462350,"properties":{"highway":"service","name":null},"geometry":{"type":"LineString","coordinates":[[39.0240862,45.0240301],[39.0239605,45.0243678]]}},{"type":"Feature","id":1330462351,"properties":{"highway":"service","name":null},"geometry":{"type":"LineString","coordinates":[[39.0245114,45.0241298],[39.0244591,45.0242694],[39.0244305,45.0243727],[39.0244092,45.0244021],[39.0243746,45.0244201],[39.0243309,45.0244273],[39.0242791,45.024423],[39.0239605,45.0243678],[39.0235615,45.0242951],[39.0235412,45.0242815],[39.023526,45.0242556],[39.0235229,45.0242276],[39.0235576,45.0241169],[39.0236141,45.0239367]]}},{"type":"Feature","id":1330462355,"properties":{"highway":"service","name":null},"geometry":{"type":"LineString","coordinates":[[39.0232828,45.0243281],[39.0231936,45.0245782],[39.0231982,45.0246046],[39.0232141,45.0246303],[39.023246,45.024649],[39.0232946,45.0246615],[39.0241362,45.0248069],[39.0241818,45.0248277],[39.0242126,45.024859],[39.0242288,45.0248997],[39.0242824,45.0250344],[39.0243253,45.0250856],[39.024454,45.0251453],[39.0245037,45.0251576],[39.0245721,45.0251595],[39.0251085,45.0250467],[39.0251407,45.0250268],[39.0251554,45.0250012],[39.0251487,45.0249652],[39.0249421,45.0244854]]}},{"type":"Feature","id":1330469484,"properties":{"highway":"footway","name":null},"geometry":{"type":"LineString","coordinates":[[39.0248432,45.0238202],[39.0248719,45.0238427],[39.0249571,45.0240502],[39.0251215,45.0244505],[39.0251763,45.0246081],[39.0253833,45.0251472]]}},{"type":"Feature","id":1330469500,"properties":{"highway":"footway","name":null},"geometry":{"type":"LineString","coordinates":[[39.0224577,45.0243748],[39.0224648,45.0245091],[39.0224689,45.024523],[39.0224805,45.024535],[39.022498,45.0245424],[39.0225366,45.0245494],[39.0231101,45.0246469],[39.0231296,45.0246588],[39.0231411,45.0246756],[39.0231473,45.0247013],[39.0231587,45.0247276],[39.0231805,45.0247474],[39.0232136,45.0247639],[39.0232512,45.0247761],[39.0233548,45.0247969],[39.0234372,45.0248063],[39.0234743,45.024812],[39.0235119,45.0248239],[39.0235556,45.0248465],[39.0235937,45.0248627],[39.0236318,45.0248734],[39.0236826,45.024877],[39.023802,45.0248677],[39.0238325,45.024868],[39.0238615,45.0248734],[39.0239464,45.0249291],[39.0239733,45.0249402],[39.0240053,45.0249456],[39.0240338,45.0249474],[39.0240602,45.0249431],[39.0241686,45.0249152],[39.0242288,45.0248997]]}},{"type":"Feature","id":1330469501,"properties":{"highway":"footway","name":null},"geometry":{"type":"LineString","coordinates":[[39.022414,45.0243612],[39.0224577,45.0243748],[39.022548,45.0243911],[39.0226821,45.024402],[39.0230772,45.0244004],[39.0231142,45.0244058],[39.0232019,45.0244205]]}},{"type":"Feature","id":1330469502,"properties":{"highway":"footway","name":null},"geometry":{"type":"LineString","coordinates":[[39.0232224,45.0243596],[39.0232019,45.0244205],[39.0231458,45.0245871],[39.0231519,45.0246116],[39.0231604,45.0246243],[39.0231673,45.0246345],[39.0231881,45.0246524],[39.023222,45.0246688],[39.0232551,45.0246791],[39.0240988,45.0248245],[39.0241256,45.0248373],[39.0241457,45.0248534],[39.0241686,45.0249152],[39.0241887,45.0249695],[39.024186,45.0249885],[39.0241719,45.0250013],[39.0241478,45.0250093],[39.0241192,45.0250122],[39.0240683,45.0250051],[39.0240506,45.0250759]]}},{"type":"Feature","id":1330469503,"properties":{"highway":"footway","name":null},"geometry":{"type":"LineString","coordinates":[[39.0231411,45.0246756],[39.0231604,45.0246243]]}},{"type":"Feature","id":1334318672,"properties":{"highway":"service","name":null},"geometry":{"type":"LineString","coordinates":[[39.0146931,45.0246298],[39.0145776,45.024661],[39.0145454,45.0247354],[39.0145144,45.0248183]]}},{"type":"Feature","id":1334318673,"properties":{"highway":"service","name":null},"geometry":{"type":"LineString","coordinates":[[39.0145144,45.0248183],[39.0144145,45.0249154]]}},{"type":"Feature","id":1334318675,"properties":{"highway":"service","name":null},"geometry":{"type":"LineString","coordinates":[[39.0168872,45.0185313],[39.0169028,45.0184543]]}},{"type":"Feature","id":1334318679,"properties":{"highway":"footway","name":null},"geometry":{"type":"LineString","coordinates":[[39.0164198,45.0185705],[39.0164442,45.0184164]]}},{"type":"Feature","id":1334318680,"properties":{"highway":"footway","name":null},"geometry":{"type":"LineString","coordinates":[[39.0143259,45.0209948],[39.0143085,45.0211074],[39.0142997,45.0211643],[39.0142949,45.0211958],[39.0142871,45.0212466],[39.0142796,45.021295]]}},{"type":"Feature","id":1334318681,"properties":{"highway":"footway","name":null},"geometry":{"type":"LineString","coordinates":[[39.0142796,45.021295],[39.0143781,45.0213908]]}},{"type":"Feature","id":1334318682,"properties":{"highway":"footway","name":null},"geometry":{"type":"LineString","coordinates":[[39.0145789,45.0210361],[39.0145648,45.0211318],[39.0145566,45.0211872],[39.014552,45.0212188],[39.0145441,45.0212719],[39.0145274,45.0213856]]}},{"type":"Feature","id":1334318683,"properties":{"highway":"footway","name":null},"geometry":{"type":"LineString","coordinates":[[39.0065574,45.0203147],[39.0068577,45.0203385],[39.0069616,45.0203458],[39.0073548,45.0203758],[39.0074486,45.020383],[39.0075045,45.0203872],[39.0085128,45.0204642],[39.0089854,45.0205002],[39.0095543,45.0205437],[39.0095757,45.0205453],[39.0097704,45.0205617],[39.0098605,45.0205693],[39.0099784,45.0205963],[39.0102223,45.0206468],[39.0111653,45.0207204],[39.0112029,45.0207227],[39.0123353,45.0208182],[39.0135427,45.020924],[39.0143259,45.0209948],[39.0144745,45.0210082]]}},{"type":"Feature","id":1334318684,"properties":{"highway":"tertiary","name":"Таманская улица"},"geometry":{"type":"LineString","coordinates":[[39.0144745,45.0210082],[39.0144829,45.0209391]]}},{"type":"Feature","id":1334318685,"properties":{"highway":"residential","name":"Таманская улица"},"geometry":{"type":"LineString","coordinates":[[39.0144217,45.0213784],[39.0144356,45.021263]]}},{"type":"Feature","id":1334318686,"properties":{"highway":"footway","name":null},"geometry":{"type":"LineString","coordinates":[[39.0144217,45.0213784],[39.0143781,45.0213908],[39.0143189,45.0214208],[39.0139439,45.0213827],[39.013856,45.0213424],[39.0134721,45.0213068],[39.0133206,45.021353],[39.0121413,45.0212397],[39.0120112,45.0211139],[39.010175,45.0209377],[39.0100343,45.0209237],[39.0099198,45.0209131],[39.0097617,45.0208972],[39.0097131,45.0208925],[39.0068307,45.0206272],[39.0052863,45.0205106],[39.0050007,45.0204891],[39.0044058,45.0204392],[39.0041803,45.0204203],[39.0035951,45.0203628],[39.0035777,45.0203612],[39.0020016,45.0202181],[39.0011692,45.020153],[39.000692,45.0201109],[39.000107,45.0200593]]}},{"type":"Feature","id":1382934076,"properties":{"highway":"service","name":null},"geometry":{"type":"LineString","coordinates":[[39.0322622,45.0006542],[39.0318067,45.0001406],[39.0309842,44.9988945],[39.0309452,44.9988355],[39.0308832,44.9987415]]}},{"type":"Feature","id":1382934077,"properties":{"highway":"service","name":null},"geometry":{"type":"LineString","coordinates":[[39.0318067,45.0001406],[39.0312967,45.0003306],[39.0311144,45.0003202],[39.030715,45.0003737],[39.03003,45.0004587],[39.0302067,45.0008717],[39.030232,45.0009092],[39.0302946,45.0010021],[39.03037,45.001114]]}},{"type":"Feature","id":1382934078,"properties":{"highway":"service","name":null},"geometry":{"type":"LineString","coordinates":[[39.03003,45.0004587],[39.0298857,45.0000938],[39.0298717,44.9999842],[39.0298663,44.9998771],[39.0298416,44.9998418],[39.0298109,44.9998197],[39.0295633,44.9997538],[39.0295089,44.9997477],[39.0294564,44.9997601],[39.029412,44.9997905],[39.029344,44.999877],[39.0293384,44.9999404],[39.0293695,45.0000209],[39.0294943,45.0002339],[39.0295171,45.0002761],[39.0296315,45.0006441],[39.0297299,45.0009124],[39.0298293,45.001085],[39.0299066,45.0011396],[39.0299767,45.0011684],[39.0300316,45.0011727],[39.0300895,45.0011633],[39.0301292,45.0011396],[39.0302946,45.0010021]]}},{"type":"Feature","id":1383756239,"properties":{"highway":"service","name":null},"geometry":{"type":"LineString","coordinates":[[39.0240067,44.9992177],[39.0233694,44.9993884],[39.0231652,44.9994431],[39.0226934,44.9995694],[39.0226294,44.9996121],[39.0225478,44.9997055],[39.022496,44.9997405],[39.0218051,44.999985],[39.0212058,45.0001427],[39.0211343,45.0001544],[39.0210766,45.0001436],[39.0210244,45.0001262],[39.0208349,44.9997976],[39.0208421,44.9997171],[39.0208606,44.9996746],[39.0210604,44.9994518],[39.021101,44.9994245],[39.0214812,44.9993282]]}},{"type":"Feature","id":1411947230,"properties":{"highway":"footway","name":null},"geometry":{"type":"LineString","coordinates":[[39.0342227,45.004843],[39.0342583,45.0048367],[39.0343521,45.0048201]]}},{"type":"Feature","id":1411947231,"properties":{"highway":"footway","name":null},"geometry":{"type":"LineString","coordinates":[[39.0363609,45.0065563],[39.0364049,45.0065308],[39.0364549,45.0065018]]}},{"type":"Feature","id":1415100523,"properties":{"highway":"footway","name":null},"geometry":{"type":"LineString","coordinates":[[39.0400212,45.014369],[39.0399147,45.0144346],[39.0398841,45.0144535],[39.0397903,45.0145112],[39.039748,45.0145372],[39.0393531,45.0147804]]}},{"type":"Feature","id":1415103658,"properties":{"highway":"footway","name":null},"geometry":{"type":"LineString","coordinates":[[39.0234951,45.0012782],[39.0237678,45.0014665],[39.0241841,45.001771],[39.0242201,45.0017991],[39.024409,45.001939],[39.0251817,45.0025438],[39.0252154,45.0025697],[39.025916,45.0030986],[39.0263253,45.0034174],[39.0264529,45.0035087],[39.0264814,45.0035361],[39.0267906,45.0038006],[39.0268419,45.0038447],[39.0270443,45.0040187],[39.0274982,45.0043672],[39.0280945,45.0048555],[39.02823,45.0049603],[39.0283123,45.0050213],[39.0283767,45.0050821],[39.0284592,45.0051409]]}},{"type":"Feature","id":1415103659,"properties":{"highway":"service","name":null},"geometry":{"type":"LineString","coordinates":[[39.0268419,45.0038447],[39.0276333,45.003394]]}},{"type":"Feature","id":1415122358,"properties":{"highway":"footway","name":null},"geometry":{"type":"LineString","coordinates":[[39.0307395,45.0004619],[39.030715,45.0003737],[39.0307034,45.0003245],[39.0307215,45.0002431],[39.0307733,45.0001825],[39.0308568,45.000114],[39.0309721,45.0000613]]}},{"type":"Feature","id":1415126776,"properties":{"highway":"footway","name":null},"geometry":{"type":"LineString","coordinates":[[39.0575467,45.0339913],[39.0574953,45.033981],[39.057438,45.0339758],[39.057454,45.033889],[39.0574604,45.033827],[39.0574683,45.0337616],[39.0574955,45.0336692],[39.0575258,45.0336106],[39.0575864,45.0335475],[39.0575991,45.033508],[39.0575816,45.0334235],[39.0575385,45.0331045],[39.0575109,45.0330032],[39.0574875,45.0329175],[39.0574301,45.0327157],[39.0574065,45.0326365],[39.0573136,45.0323247],[39.0572355,45.0320001],[39.0571414,45.0316913],[39.0570441,45.0313205],[39.0568629,45.030842],[39.0567794,45.0306498],[39.0567012,45.030403],[39.0566964,45.0303635],[39.0566791,45.0301014],[39.0566885,45.0298067],[39.0567251,45.0296647],[39.0568591,45.0292984],[39.0568804,45.0292555],[39.056958,45.0290696],[39.057009,45.0289163],[39.0570441,45.0288074],[39.0570633,45.0286936],[39.0570664,45.0284591],[39.0570601,45.0282686],[39.0570515,45.0281206]]}},{"type":"Feature","id":1415126777,"properties":{"highway":"service","name":null},"geometry":{"type":"LineString","coordinates":[[39.057608,45.0330228],[39.0575109,45.0330032],[39.0573951,45.032964],[39.0573356,45.0329438],[39.0569118,45.0329002]]}},{"type":"Feature","id":1417231916,"properties":{"highway":"footway","name":null},"geometry":{"type":"LineString","coordinates":[[39.0220885,45.0223848],[39.0218413,45.022307],[39.0214439,45.0222278],[39.0213868,45.0222201],[39.0210062,45.0222986],[39.0209173,45.0222881]]}},{"type":"Feature","id":1434293937,"properties":{"highway":"service","name":null},"geometry":{"type":"LineString","coordinates":[[39.0474415,45.033093],[39.0473431,45.0335518],[39.0471318,45.0335312],[39.0472186,45.0330864]]}},{"type":"Feature","id":1446838999,"properties":{"highway":"service","name":null},"geometry":{"type":"LineString","coordinates":[[39.0193919,45.0246015],[39.0193514,45.0246067],[39.019306,45.024609],[39.0192654,45.0245998],[39.0192313,45.024578],[39.019194,45.0245138],[39.0191444,45.0244255]]}},{"type":"Feature","id":1446840137,"properties":{"highway":"service","name":null},"geometry":{"type":"LineString","coordinates":[[39.0182806,45.0280146],[39.0183828,45.0280005]]}},{"type":"Feature","id":1452351282,"properties":{"highway":"service","name":null},"geometry":{"type":"LineString","coordinates":[[39.0436018,45.0281495],[39.0437574,45.02815],[39.043875,45.0281503]]}},{"type":"Feature","id":1452351283,"properties":{"highway":"service","name":null},"geometry":{"type":"LineString","coordinates":[[39.0435998,45.0283739],[39.0437542,45.0283735],[39.0438003,45.0283733],[39.0438785,45.0283731],[39.0438715,45.0286149]]}},{"type":"Feature","id":1452553318,"properties":{"highway":"footway","name":null},"geometry":{"type":"LineString","coordinates":[[39.0445996,45.0308712],[39.0445713,45.0308708],[39.0444888,45.0308697],[39.0444173,45.0308687]]}},{"type":"Feature","id":1452553319,"properties":{"highway":"footway","name":null},"geometry":{"type":"LineString","coordinates":[[39.0460418,45.0318292],[39.0460395,45.0318605],[39.0460244,45.0320651],[39.0460168,45.0321692]]}},{"type":"Feature","id":1452553320,"properties":{"highway":"footway","name":null},"geometry":{"type":"LineString","coordinates":[[39.0476787,45.0297557],[39.047919,45.0297536],[39.0479742,45.0297532]]}},{"type":"Feature","id":1452553321,"properties":{"highway":"footway","name":null},"geometry":{"type":"LineString","coordinates":[[39.0453499,45.027547],[39.0453515,45.0274599],[39.0453531,45.0273693],[39.0453535,45.0273494]]}},{"type":"Feature","id":1452553322,"properties":{"highway":"service","name":null},"geometry":{"type":"LineString","coordinates":[[39.0436196,45.025442],[39.0434671,45.0254412],[39.0434245,45.0254409],[39.0432155,45.0254398],[39.043168,45.0254395]]}},{"type":"Feature","id":1452554884,"properties":{"highway":"footway","name":null},"geometry":{"type":"LineString","coordinates":[[39.0437277,45.0310376],[39.0435755,45.0310328],[39.0434865,45.0310301]]}},{"type":"Feature","id":1452554885,"properties":{"highway":"service","name":null},"geometry":{"type":"LineString","coordinates":[[39.0450583,45.0319577],[39.0450444,45.0320641],[39.0450301,45.0321734]]}},{"type":"Feature","id":1452554886,"properties":{"highway":"service","name":null},"geometry":{"type":"LineString","coordinates":[[39.0454987,45.0320047],[39.0454939,45.0321127],[39.0454891,45.0322209]]}},{"type":"Feature","id":1452554887,"properties":{"highway":"service","name":null},"geometry":{"type":"LineString","coordinates":[[39.0459072,45.0320513],[39.0458878,45.0321552],[39.0458683,45.0322601]]}},{"type":"Feature","id":1452554888,"properties":{"highway":"service","name":null},"geometry":{"type":"LineString","coordinates":[[39.0471848,45.0322013],[39.047168,45.0322935],[39.0471494,45.0323953]]}},{"type":"Feature","id":1452554889,"properties":{"highway":"service","name":null},"geometry":{"type":"LineString","coordinates":[[39.0474859,45.0322367],[39.0474715,45.0323263],[39.0474548,45.0324298]]}},{"type":"Feature","id":1452554890,"properties":{"highway":"service","name":null},"geometry":{"type":"LineString","coordinates":[[39.0490651,45.0333321],[39.0491015,45.0330973],[39.0491681,45.0327137],[39.0491896,45.0326185]]}},{"type":"Feature","id":1452554892,"properties":{"highway":"service","name":null},"geometry":{"type":"LineString","coordinates":[[39.0501663,45.0323457],[39.0500783,45.0323682],[39.0498204,45.0325923],[39.0498005,45.0326096],[39.049777,45.0326781]]}},{"type":"Feature","id":1452554895,"properties":{"highway":"service","name":null},"geometry":{"type":"LineString","coordinates":[[39.0501676,45.03211],[39.0499128,45.0323101],[39.0496355,45.0325431],[39.0496274,45.0325625],[39.0495794,45.0326583]]}},{"type":"Feature","id":1452554896,"properties":{"highway":"footway","name":null},"geometry":{"type":"LineString","coordinates":[[39.0464113,45.0322118],[39.0463841,45.0323134],[39.0463654,45.0323836],[39.0463561,45.0324184]]}},{"type":"Feature","id":1452554897,"properties":{"highway":"footway","name":null},"geometry":{"type":"LineString","coordinates":[[39.0463561,45.0324184],[39.0463434,45.0324892],[39.046319,45.0326254],[39.0463038,45.0327103]]}},{"type":"Feature","id":1452561208,"properties":{"highway":"service","name":null},"geometry":{"type":"LineString","coordinates":[[39.0474464,45.0329861],[39.0474415,45.033093]]}},{"type":"Feature","id":1452561209,"properties":{"highway":"service","name":null},"geometry":{"type":"LineString","coordinates":[[39.0467362,45.0330349],[39.0472186,45.0330864],[39.0473339,45.0330898],[39.0474415,45.033093],[39.0476342,45.0330989]]}},{"type":"Feature","id":1452561210,"properties":{"highway":"service","name":null},"geometry":{"type":"LineString","coordinates":[[39.0475899,45.0334591],[39.0476342,45.0330989],[39.0476422,45.0329587]]}},{"type":"Feature","id":1452561216,"properties":{"highway":"service","name":null},"geometry":{"type":"LineString","coordinates":[[39.0491402,45.0323966],[39.0491137,45.032506],[39.0490891,45.032608]]}},{"type":"Feature","id":1465313250,"properties":{"highway":"footway","name":null},"geometry":{"type":"LineString","coordinates":[[39.0131526,45.0024488],[39.0131794,45.0023999],[39.0131794,45.0023786],[39.0131633,45.0023573],[39.0131345,45.0023283],[39.0131224,45.0023051],[39.0131318,45.0022748],[39.0131573,45.0022378],[39.0131941,45.0021999],[39.0132002,45.0021799],[39.0131941,45.0021562],[39.0131646,45.0021377],[39.0131097,45.0021098],[39.0131083,45.0020922],[39.0131257,45.0020766],[39.013227,45.002033],[39.0132733,45.0019941],[39.0132887,45.0019642],[39.013286,45.001931],[39.0132592,45.0018931],[39.0132076,45.0018552],[39.0131888,45.0018258],[39.0131807,45.0017836],[39.0131941,45.0017618],[39.013233,45.0017338],[39.0132679,45.0017205],[39.0133142,45.0017214],[39.0133685,45.0017343],[39.0134067,45.0017347],[39.013451,45.0017224],[39.0135281,45.0016878],[39.0135663,45.0016811],[39.0136005,45.0016887],[39.0136313,45.0017068],[39.0136434,45.001729],[39.0136474,45.001766],[39.0136126,45.001821]]}},{"type":"Feature","id":1465313251,"properties":{"highway":"footway","name":null},"geometry":{"type":"LineString","coordinates":[[39.0125196,45.0028888],[39.0127382,45.003214]]}},{"type":"Feature","id":1465313252,"properties":{"highway":"footway","name":null},"geometry":{"type":"LineString","coordinates":[[39.0130248,45.0031422],[39.0131613,45.0031225],[39.0132612,45.0031211],[39.0133182,45.0031102],[39.0133739,45.003086],[39.0134034,45.0030632],[39.0134255,45.003022],[39.0134778,45.002902],[39.0134946,45.0028945],[39.0135584,45.0028945]]}},{"type":"Feature","id":1465313253,"properties":{"highway":"footway","name":null},"geometry":{"type":"LineString","coordinates":[[39.0132371,45.0025436],[39.0135301,45.0025716],[39.0135656,45.0025853],[39.0135904,45.0026062],[39.0136039,45.0026351],[39.0136059,45.002674],[39.0135938,45.0027536],[39.0135584,45.0028945],[39.0135086,45.0030926],[39.0134872,45.003151],[39.0134516,45.0031946],[39.0134221,45.0032097],[39.0133256,45.0032183],[39.0131894,45.003215],[39.0130493,45.0031979],[39.0130211,45.0031832],[39.0130248,45.0031422],[39.0130339,45.0030405]]}},{"type":"Feature","id":1465313254,"properties":{"highway":"footway","name":null},"geometry":{"type":"LineString","coordinates":[[39.0122125,45.0025464],[39.0123278,45.0027427],[39.012415,45.0028395],[39.0125196,45.0028888],[39.0125866,45.0028935],[39.0129514,45.0027219],[39.0131003,45.0026669],[39.0132236,45.0025863],[39.0132371,45.0025436],[39.0132102,45.0024839],[39.0131526,45.0024488],[39.0130681,45.0024402],[39.0129688,45.0024497],[39.0129058,45.0024687],[39.0128334,45.0025085],[39.0128119,45.0025332],[39.0128039,45.0025559]]}},{"type":"Feature","id":1475653514,"properties":{"highway":"service","name":null},"geometry":{"type":"LineString","coordinates":[[39.0555898,45.0291782],[39.0556529,45.0291861],[39.0559445,45.0292224],[39.0563107,45.0291997],[39.0564615,45.0292185],[39.0566036,45.0292362],[39.0567982,45.0292604],[39.0568804,45.0292555],[39.0570017,45.0292483]]}},{"type":"Feature","id":1475663852,"properties":{"highway":"service","name":null},"geometry":{"type":"LineString","coordinates":[[39.0501528,45.0269367],[39.0513202,45.0269459],[39.0513468,45.0269528],[39.0513609,45.0269709],[39.0513751,45.0274043],[39.0513866,45.0274274],[39.0514096,45.0274418],[39.0514415,45.027445],[39.0515031,45.0274441]]}},{"type":"Feature","id":1475663853,"properties":{"highway":"service","name":null},"geometry":{"type":"LineString","coordinates":[[39.0515031,45.0274441],[39.0516913,45.0274408],[39.0517101,45.0274313],[39.0517082,45.0273605],[39.051702,45.0271308],[39.0517168,45.0270976],[39.0517557,45.0270616],[39.0517999,45.0270427],[39.0518536,45.027037],[39.0519277,45.0270377],[39.0519622,45.0270284],[39.0520428,45.0269808],[39.0520808,45.0269727],[39.05221,45.0269708],[39.0522259,45.0269621],[39.052241,45.0269446],[39.0522401,45.0268514],[39.0522551,45.0268232],[39.0523109,45.0267838],[39.052356,45.0267726],[39.0526883,45.0267712]]}},{"type":"Feature","id":1475663854,"properties":{"highway":"service","name":null},"geometry":{"type":"LineString","coordinates":[[39.0526886,45.0265977],[39.0526883,45.0267712],[39.0526801,45.0273883]]}},{"type":"Feature","id":1475663856,"properties":{"highway":"service","name":null},"geometry":{"type":"LineString","coordinates":[[39.0527229,45.0273879],[39.0526801,45.0273883],[39.0523638,45.0273926],[39.0522435,45.027353],[39.0517082,45.0273605]]}},{"type":"Feature","id":1475676467,"properties":{"highway":"service","name":null},"geometry":{"type":"LineString","coordinates":[[39.0515887,45.0299183],[39.0512208,45.0298849],[39.0512083,45.0298786],[39.0512061,45.0298665],[39.0512175,45.0297781],[39.0512631,45.0294425],[39.0512706,45.0294272],[39.0512937,45.0294114],[39.0513182,45.0294075],[39.0520337,45.0294524],[39.0520798,45.0294662],[39.0521169,45.0295058],[39.0521292,45.0295428],[39.0519813,45.0306152],[39.0519906,45.0306522],[39.0520122,45.0306718],[39.0520491,45.0306849],[39.0524739,45.0307173]]}},{"type":"Feature","id":1475676470,"properties":{"highway":"service","name":null},"geometry":{"type":"LineString","coordinates":[[39.0512175,45.0297781],[39.0516062,45.029816]]}},{"type":"Feature","id":1475792261,"properties":{"highway":"service","name":null},"geometry":{"type":"LineString","coordinates":[[39.055507,45.0271168],[39.0564844,45.0270927],[39.0573078,45.0270799]]}},{"type":"Feature","id":1476508262,"properties":{"highway":"residential","name":null},"geometry":{"type":"LineString","coordinates":[[39.0173896,44.9964674],[39.0173567,44.9964784],[39.016992,44.9966025],[39.0166015,44.996753],[39.0161644,44.9968937],[39.0157664,44.9972028],[39.015694,44.997345],[39.0158581,44.9974752],[39.0158421,44.9977018],[39.0157737,44.9978818],[39.0161321,44.998182],[39.0167279,44.9985731],[39.0170724,44.9987721],[39.0171876,44.9988541],[39.0182513,45.000158],[39.0172344,45.0005814]]}},{"type":"Feature","id":1476725985,"properties":{"highway":"service","name":null},"geometry":{"type":"LineString","coordinates":[[39.0232719,44.9998737],[39.0235562,45.0000842],[39.0239452,45.0003801],[39.0235589,45.0006513],[39.0237412,45.0007897],[39.0237863,45.0008276]]}},{"type":"Feature","id":1476725989,"properties":{"highway":"service","name":null},"geometry":{"type":"LineString","coordinates":[[39.0212366,45.0001669],[39.0211804,45.0006529]]}},{"type":"Feature","id":1476725990,"properties":{"highway":"service","name":null},"geometry":{"type":"LineString","coordinates":[[39.0210244,45.0001262],[39.0209873,45.0006327]]}},{"type":"Feature","id":1476725991,"properties":{"highway":"service","name":null},"geometry":{"type":"LineString","coordinates":[[39.0213733,45.0006644],[39.0214201,45.0003111]]}},{"type":"Feature","id":1476725992,"properties":{"highway":"service","name":null},"geometry":{"type":"LineString","coordinates":[[39.0215736,45.0006372],[39.021602,45.0004541]]}},{"type":"Feature","id":1476725993,"properties":{"highway":"service","name":null},"geometry":{"type":"LineString","coordinates":[[39.0212058,45.0001427],[39.0212366,45.0001669],[39.0214201,45.0003111],[39.021602,45.0004541]]}},{"type":"Feature","id":1476751262,"properties":{"highway":"service","name":null},"geometry":{"type":"LineString","coordinates":[[39.0426336,45.0361925],[39.0410039,45.0360296],[39.040895,45.0360285],[39.0404043,45.0360797],[39.0401915,45.0361019]]}},{"type":"Feature","id":1476751263,"properties":{"highway":"secondary","name":"Новороссийская улица"},"geometry":{"type":"LineString","coordinates":[[39.0401263,45.0361594],[39.0392336,45.0360698],[39.0389578,45.036042],[39.0375627,45.0359015],[39.037319,45.035877],[39.0363946,45.0357683]]}},{"type":"Feature","id":1476751264,"properties":{"highway":"service","name":null},"geometry":{"type":"LineString","coordinates":[[39.0401915,45.0361019],[39.0402402,45.0360602],[39.0403297,45.0359977],[39.040586,45.0358207],[39.0406909,45.0357453],[39.0410793,45.0356587],[39.0412268,45.0355685],[39.0415625,45.0352783],[39.0416791,45.0351254],[39.0417574,45.034897],[39.0418428,45.0345166],[39.0418542,45.034411],[39.0418272,45.0343093],[39.04173,45.0342507],[39.0412123,45.0341774],[39.0404777,45.0341067],[39.0408978,45.0319914],[39.040911,45.0319707],[39.0409389,45.0319526],[39.0409832,45.0319498],[39.0415648,45.0320075],[39.041631,45.0320696],[39.0422404,45.03213],[39.0422696,45.0321368],[39.0422968,45.0321563],[39.0422986,45.0321864],[39.0418941,45.0342228],[39.0418272,45.0343093]]}},{"type":"Feature","id":1477730041,"properties":{"highway":"service","name":null},"geometry":{"type":"LineString","coordinates":[[39.0249421,45.0244854],[39.0248626,45.0242889],[39.024838,45.0242747],[39.0248072,45.0242747],[39.0246377,45.0243107],[39.0246146,45.0243237],[39.0245976,45.0243488],[39.0245482,45.0245486]]}},{"type":"Feature","id":1488605108,"properties":{"highway":"path","name":null},"geometry":{"type":"LineString","coordinates":[[39.0550682,45.0030389],[39.0550537,45.0032208],[39.055034,45.0033189],[39.0550097,45.0033987],[39.0550287,45.003524],[39.0550453,45.0036065],[39.0550579,45.003787],[39.0550821,45.0038887],[39.0551067,45.0040017]]}},{"type":"Feature","id":1488605109,"properties":{"highway":"service","name":null},"geometry":{"type":"LineString","coordinates":[[39.0540396,45.0034996],[39.0542197,45.0036968],[39.0544104,45.0036079]]}},{"type":"Feature","id":1488605111,"properties":{"highway":"service","name":null},"geometry":{"type":"LineString","coordinates":[[39.0537791,45.0054553],[39.0537867,45.0054096],[39.0538263,45.0051917],[39.0538517,45.0050259]]}},{"type":"Feature","id":1488605112,"properties":{"highway":"path","name":null},"geometry":{"type":"LineString","coordinates":[[39.0555199,45.0043634],[39.0554946,45.0044198],[39.0554717,45.0044732],[39.0554158,45.0045346],[39.0553701,45.0045802],[39.0553463,45.004617],[39.0552804,45.0047468],[39.0552099,45.0048804],[39.0551406,45.0051371],[39.0551439,45.0052785],[39.055123,45.0054168],[39.0550902,45.0055335]]}},{"type":"Feature","id":1488605113,"properties":{"highway":"path","name":null},"geometry":{"type":"LineString","coordinates":[[39.056101,45.0023475],[39.0559984,45.0023414],[39.0558916,45.002345],[39.0557788,45.0023753],[39.0556888,45.0024349],[39.0555491,45.0025653],[39.0554843,45.002631],[39.0554286,45.0026824]]}},{"type":"Feature","id":1488605114,"properties":{"highway":"path","name":null},"geometry":{"type":"LineString","coordinates":[[39.056036,45.0021763],[39.0560117,45.0022214],[39.0559151,45.0022828],[39.0558285,45.0023366],[39.0557788,45.0023753]]}},{"type":"Feature","id":1488614245,"properties":{"highway":"service","name":null},"geometry":{"type":"LineString","coordinates":[[39.0354367,44.9999649],[39.0360144,45.0005579],[39.0362906,45.0007684]]}},{"type":"Feature","id":1488614247,"properties":{"highway":"service","name":null},"geometry":{"type":"LineString","coordinates":[[39.0340683,45.0008548],[39.0334752,45.0010964],[39.0331337,45.0011705],[39.0329352,45.0011553],[39.0327099,45.0009012],[39.0326375,45.0007172],[39.0324216,45.0004845]]}},{"type":"Feature","id":1502179862,"properties":{"highway":"secondary","name":null},"geometry":{"type":"LineString","coordinates":[[39.017379,45.0349055],[39.0175638,45.0348529]]}},{"type":"Feature","id":1502838180,"properties":{"highway":"footway","name":null},"geometry":{"type":"LineString","coordinates":[[39.030775,45.0004704],[39.0307435,45.0004902],[39.0307073,45.0005289],[39.03069,45.0005745],[39.0306971,45.0006297],[39.0307338,45.0006799],[39.0307756,45.000708],[39.0306959,45.0007132],[39.0306235,45.0006928],[39.0305702,45.0006527],[39.030546,45.0006004],[39.0305555,45.0005457],[39.0305968,45.0004991],[39.0306623,45.0004692],[39.0307395,45.0004619],[39.030775,45.0004704],[39.0308138,45.0004783],[39.0308712,45.0005156],[39.0309008,45.0005665],[39.0308972,45.0006215]]}},{"type":"Feature","id":1502838181,"properties":{"highway":"footway","name":null},"geometry":{"type":"LineString","coordinates":[[39.0311144,45.0003202],[39.031058,45.0004372],[39.0309769,45.0005467],[39.0308972,45.0006215],[39.0308729,45.000646],[39.0307756,45.000708],[39.0307485,45.0007329],[39.0306067,45.0008052],[39.0304509,45.0008612],[39.0302848,45.0008997],[39.030232,45.0009092]]}},{"type":"Feature","id":1509486666,"properties":{"highway":"service","name":null},"geometry":{"type":"LineString","coordinates":[[39.0167364,45.0271982],[39.0173641,45.0274409],[39.0173802,45.0274532],[39.0173882,45.0274722],[39.0173896,45.0274997],[39.0170413,45.0279139],[39.0170358,45.0279171],[39.0170283,45.0279169],[39.0170145,45.0279112]]}},{"type":"Feature","id":1526031056,"properties":{"highway":"service","name":null},"geometry":{"type":"LineString","coordinates":[[39.049588,45.0145992],[39.0492573,45.0147397]]}},{"type":"Feature","id":1526031057,"properties":{"highway":"service","name":null},"geometry":{"type":"LineString","coordinates":[[39.0499932,45.0144208],[39.0497543,45.0145215]]}},{"type":"Feature","id":1529965903,"properties":{"highway":"footway","name":null},"geometry":{"type":"LineString","coordinates":[[39.0259614,45.0347056],[39.0259248,45.0345752]]}},{"type":"Feature","id":1530213785,"properties":{"highway":"service","name":null},"geometry":{"type":"LineString","coordinates":[[39.0300571,45.0388689],[39.0300411,45.0383189],[39.0300035,45.0382289],[39.0300491,45.0381076],[39.0300317,45.0375975]]}},{"type":"Feature","id":1530213786,"properties":{"highway":"service","name":null},"geometry":{"type":"LineString","coordinates":[[39.029664,45.037012],[39.0298171,45.0370168],[39.0298185,45.0375985],[39.0298399,45.0388676]]}},{"type":"Feature","id":1530462181,"properties":{"highway":"service","name":null},"geometry":{"type":"LineString","coordinates":[[39.0189843,45.0363287],[39.0189211,45.0363117]]}},{"type":"Feature","id":1530462182,"properties":{"highway":"service","name":null},"geometry":{"type":"LineString","coordinates":[[39.0191851,45.0363825],[39.0189843,45.0363287]]}},{"type":"Feature","id":1530462183,"properties":{"highway":"service","name":null},"geometry":{"type":"LineString","coordinates":[[39.0193183,45.0364181],[39.0191851,45.0363825]]}},{"type":"Feature","id":1530462184,"properties":{"highway":"service","name":null},"geometry":{"type":"LineString","coordinates":[[39.0182498,45.0355906],[39.0182233,45.0356483]]}},{"type":"Feature","id":1530462185,"properties":{"highway":"service","name":null},"geometry":{"type":"LineString","coordinates":[[39.0183333,45.0354463],[39.0182498,45.0355906]]}},{"type":"Feature","id":1530462186,"properties":{"highway":"service","name":null},"geometry":{"type":"LineString","coordinates":[[39.0183947,45.0353355],[39.0183333,45.0354463]]}},{"type":"Feature","id":1530462187,"properties":{"highway":"service","name":null},"geometry":{"type":"LineString","coordinates":[[39.0168039,45.0354911],[39.0168272,45.0355402]]}},{"type":"Feature","id":1530462188,"properties":{"highway":"service","name":null},"geometry":{"type":"LineString","coordinates":[[39.0167409,45.0353569],[39.0168039,45.0354911]]}},{"type":"Feature","id":1530462189,"properties":{"highway":"service","name":null},"geometry":{"type":"LineString","coordinates":[[39.0166257,45.0351326],[39.0166827,45.0352437],[39.0167409,45.0353569]]}},{"type":"Feature","id":1530462191,"properties":{"highway":"service","name":null},"geometry":{"type":"LineString","coordinates":[[39.0200016,45.0348247],[39.0200807,45.0350503],[39.019677,45.035127],[39.0193979,45.0344938]]}},{"type":"Feature","id":1530537256,"properties":{"highway":"footway","name":null},"geometry":{"type":"LineString","coordinates":[[39.0365762,45.0116863],[39.0370962,45.0113821],[39.0373637,45.0116075]]}},{"type":"Feature","id":1554213949,"properties":{"highway":"service","name":null},"geometry":{"type":"LineString","coordinates":[[39.0512703,45.0357349],[39.0514304,45.0357518]]}},{"type":"Feature","id":1554213950,"properties":{"highway":"service","name":null},"geometry":{"type":"LineString","coordinates":[[39.051296,45.0355842],[39.0514606,45.0356034]]}},{"type":"Feature","id":1554213952,"properties":{"highway":"service","name":null},"geometry":{"type":"LineString","coordinates":[[39.0539181,45.0358319],[39.0539896,45.0354966]]}},{"type":"Feature","id":1554213953,"properties":{"highway":"service","name":null},"geometry":{"type":"LineString","coordinates":[[39.0532813,45.0357642],[39.0533465,45.0354327]]}},{"type":"Feature","id":1554213954,"properties":{"highway":"service","name":null},"geometry":{"type":"LineString","coordinates":[[39.0534841,45.0357848],[39.0535612,45.0354537]]}},{"type":"Feature","id":1554213955,"properties":{"highway":"service","name":null},"geometry":{"type":"LineString","coordinates":[[39.0536858,45.0357998],[39.0537561,45.0354732]]}},{"type":"Feature","id":1554396341,"properties":{"highway":"footway","name":null},"geometry":{"type":"LineString","coordinates":[[39.0300018,45.0205347],[39.029793,45.0200433],[39.0304612,45.0198968],[39.0306544,45.0203469],[39.0305828,45.0203612]]}},{"type":"Feature","id":1554396345,"properties":{"highway":"footway","name":null},"geometry":{"type":"LineString","coordinates":[[39.0310701,45.0201728],[39.0313844,45.0201121],[39.0316763,45.0200554]]}},{"type":"Feature","id":1554396346,"properties":{"highway":"footway","name":null},"geometry":{"type":"LineString","coordinates":[[39.0314319,45.0202358],[39.0313844,45.0201121]]}},{"type":"Feature","id":1557269981,"properties":{"highway":"service","name":null},"geometry":{"type":"LineString","coordinates":[[39.0505146,45.0188289],[39.0503173,45.0187841],[39.050277,45.0187736],[39.0502408,45.0187718],[39.0499847,45.0187736]]}},{"type":"Feature","id":1557269982,"properties":{"highway":"service","name":null},"geometry":{"type":"LineString","coordinates":[[39.050602,45.0188511],[39.0508135,45.0184561]]}},{"type":"Feature","id":1557269983,"properties":{"highway":"footway","name":null},"geometry":{"type":"LineString","coordinates":[[39.0497849,45.0188241],[39.0499729,45.0192219],[39.0502287,45.0197539],[39.0502287,45.0197662],[39.0502167,45.0197851],[39.0501872,45.019807]]}},{"type":"Feature","id":1557269984,"properties":{"highway":"footway","name":null},"geometry":{"type":"LineString","coordinates":[[39.0505008,45.019334],[39.0505546,45.0191462],[39.05056,45.0191168],[39.0505587,45.0190884],[39.0505146,45.0188289]]}},{"type":"Feature","id":1558057653,"properties":{"highway":"service","name":null},"geometry":{"type":"LineString","coordinates":[[39.0251448,45.021503],[39.0248262,45.020731]]}},{"type":"Feature","id":1558057654,"properties":{"highway":"service","name":null},"geometry":{"type":"LineString","coordinates":[[39.0257902,45.0213675],[39.0254649,45.0205998]]}},{"type":"Feature","id":1558057655,"properties":{"highway":"service","name":null},"geometry":{"type":"LineString","coordinates":[[39.0260163,45.0204866],[39.0263333,45.0212535]]}},{"type":"Feature","id":1558057656,"properties":{"highway":"service","name":null},"geometry":{"type":"LineString","coordinates":[[39.0269161,45.0211312],[39.0265957,45.0203675]]}},{"type":"Feature","id":1558057657,"properties":{"highway":"service","name":null},"geometry":{"type":"LineString","coordinates":[[39.0269161,45.0211312],[39.0272472,45.0219012],[39.0275656,45.0226802]]}},{"type":"Feature","id":1561944693,"properties":{"highway":"secondary","name":"Уральская улица"},"geometry":{"type":"LineString","coordinates":[[39.0521341,45.032907],[39.0534906,45.0330295]]}},{"type":"Feature","id":1561949188,"properties":{"highway":"service","name":null},"geometry":{"type":"LineString","coordinates":[[39.0223842,45.0012794],[39.0226924,45.0014949],[39.022732,45.0015228]]}},{"type":"Feature","id":1561949189,"properties":{"highway":"service","name":null},"geometry":{"type":"LineString","coordinates":[[39.0217214,45.003345],[39.0213179,45.0034293],[39.0212566,45.0034422],[39.0211614,45.0034905],[39.0210527,45.003518],[39.0206759,45.0035332]]}},{"type":"Feature","id":1561949190,"properties":{"highway":"service","name":null},"geometry":{"type":"LineString","coordinates":[[39.0213179,45.0034293],[39.0212201,45.0033362],[39.02116,45.0032042],[39.0210821,45.0031723],[39.0206759,45.0035332]]}},{"type":"Feature","id":1561949191,"properties":{"highway":"service","name":null},"geometry":{"type":"LineString","coordinates":[[39.0217908,45.0035145],[39.0215497,45.0035594],[39.021493,45.0036007],[39.0215284,45.0037509]]}},{"type":"Feature","id":1561949717,"properties":{"highway":"service","name":null},"geometry":{"type":"LineString","coordinates":[[39.0386485,45.01817],[39.0386228,45.0181198],[39.0388484,45.0176815]]}},{"type":"Feature","id":1561949718,"properties":{"highway":"service","name":null},"geometry":{"type":"LineString","coordinates":[[39.0384012,45.017785],[39.0388484,45.0176815],[39.0391894,45.0175893]]}}]}